ISO-10303-21;
HEADER;
/* Generated by software containing ST-Developer
 * from STEP Tools, Inc. (www.steptools.com) 
 */
/* OPTION: using custom renumber hook */

FILE_DESCRIPTION(
/* description */ ('STEP AP242 Edition 2',
'CAx-IF Rec.Pracs.---Representation and Presentation of Product Manufa
cturing Information (PMI)---4.0---2014-10-13',
'CAx-IF Rec.Pracs.---3D Tessellated Geometry---0.4---2014-09-14','2;1',
'CAx-IF Rec.Pracs.---User Defined Attributes---1.5---2016-08-15'),
/* implementation_level */ '2;1');

FILE_NAME(
/* name */ 'Part Studio 1 - Front Holder',
/* time_stamp */ '2026-07-12T09:21:23Z',
/* author */ (''),
/* organization */ (''),
/* preprocessor_version */ 'ST-DEVELOPER v20',
/* originating_system */ 'ONSHAPE BY PTC INC, 1.217',
/* authorisation */ '  ');

FILE_SCHEMA (('AP242_MANAGED_MODEL_BASED_3D_ENGINEERING_MIM_LF { 1 0 10303 442 3 1 4 }'));
ENDSEC;

DATA;
#10=SHAPE_REPRESENTATION_RELATIONSHIP('','',#5031,#11);
#11=ADVANCED_BREP_SHAPE_REPRESENTATION('',(#5029),#8864);
#12=SPHERICAL_SURFACE('',#5618,0.00358);
#13=SPHERICAL_SURFACE('',#5627,0.00358);
#14=SPHERICAL_SURFACE('',#5640,0.00358);
#15=SPHERICAL_SURFACE('',#5651,0.00358);
#16=SPHERICAL_SURFACE('',#5653,0.00358);
#17=SPHERICAL_SURFACE('',#5663,0.00358);
#18=SPHERICAL_SURFACE('',#5665,0.00358);
#19=SPHERICAL_SURFACE('',#5673,0.00358);
#20=SPHERICAL_SURFACE('',#5688,0.00358);
#21=SPHERICAL_SURFACE('',#5694,0.00358);
#22=B_SPLINE_CURVE_WITH_KNOTS('',3,(#8736,#8737,#8738,#8739,#8740,#8741,
#8742),.UNSPECIFIED.,.F.,.F.,(4,1,1,1,4),(8.67361737988404E-19,0.00279160492620549,
0.00558320985241099,0.00837481477861648,0.011166419704822),
 .UNSPECIFIED.);
#23=B_SPLINE_CURVE_WITH_KNOTS('',3,(#8769,#8770,#8771,#8772,#8773,#8774,
#8775,#8776),.UNSPECIFIED.,.F.,.F.,(4,1,1,1,1,4),(8.67361737988404E-19,
0.00278163481948083,0.00556326963896165,0.00834490445844248,0.00973572186818289,
0.0111265392779233),.UNSPECIFIED.);
#24=ELLIPSE('',#5598,0.00698730478364039,0.00494077059472932);
#25=ELLIPSE('',#5606,0.00698730478364039,0.00494077059472932);
#26=TOROIDAL_SURFACE('',#5210,0.00248,0.00248);
#27=TOROIDAL_SURFACE('',#5212,0.00248,0.00248);
#28=TOROIDAL_SURFACE('',#5218,0.00496,0.00248);
#29=TOROIDAL_SURFACE('',#5222,0.00496,0.00248);
#30=TOROIDAL_SURFACE('',#5229,0.00248,0.00248);
#31=TOROIDAL_SURFACE('',#5231,0.00248,0.00248);
#32=TOROIDAL_SURFACE('',#5234,0.00248,0.00248);
#33=TOROIDAL_SURFACE('',#5241,0.00496,0.00248);
#34=TOROIDAL_SURFACE('',#5244,0.00248,0.00248);
#35=TOROIDAL_SURFACE('',#5255,0.00248,0.00248);
#36=TOROIDAL_SURFACE('',#5257,0.00496,0.00248);
#37=TOROIDAL_SURFACE('',#5259,0.00496,0.00248);
#38=TOROIDAL_SURFACE('',#5267,0.00248,0.00248);
#39=TOROIDAL_SURFACE('',#5269,0.00496,0.00248);
#40=TOROIDAL_SURFACE('',#5272,0.00248,0.00248);
#41=TOROIDAL_SURFACE('',#5279,0.00248,0.00248);
#42=TOROIDAL_SURFACE('',#5281,0.00248,0.00248);
#43=TOROIDAL_SURFACE('',#5290,0.00248,0.00248);
#44=TOROIDAL_SURFACE('',#5292,0.00496,0.00248);
#45=TOROIDAL_SURFACE('',#5294,0.00248,0.00248);
#46=TOROIDAL_SURFACE('',#5302,0.00248,0.00248);
#47=TOROIDAL_SURFACE('',#5304,0.00496,0.00248);
#48=TOROIDAL_SURFACE('',#5307,0.00248,0.00248);
#49=TOROIDAL_SURFACE('',#5314,0.00248,0.00248);
#50=TOROIDAL_SURFACE('',#5316,0.00248,0.00248);
#51=TOROIDAL_SURFACE('',#5322,0.00496,0.00248);
#52=TOROIDAL_SURFACE('',#5329,0.00496,0.00248);
#53=TOROIDAL_SURFACE('',#5331,0.00248,0.00248);
#54=TOROIDAL_SURFACE('',#5337,0.00248,0.00248);
#55=TOROIDAL_SURFACE('',#5339,0.00248,0.00248);
#56=TOROIDAL_SURFACE('',#5342,0.00248,0.00248);
#57=TOROIDAL_SURFACE('',#5349,0.00248,0.00248);
#58=TOROIDAL_SURFACE('',#5351,0.00248,0.00248);
#59=TOROIDAL_SURFACE('',#5360,0.00248,0.00248);
#60=TOROIDAL_SURFACE('',#5362,0.00496,0.00248);
#61=TOROIDAL_SURFACE('',#5364,0.00248,0.00248);
#62=TOROIDAL_SURFACE('',#5372,0.00248,0.00248);
#63=TOROIDAL_SURFACE('',#5374,0.00496,0.00248);
#64=TOROIDAL_SURFACE('',#5377,0.00248,0.00248);
#65=TOROIDAL_SURFACE('',#5384,0.00496,0.00248);
#66=TOROIDAL_SURFACE('',#5387,0.00248,0.00248);
#67=TOROIDAL_SURFACE('',#5398,0.00248,0.00248);
#68=TOROIDAL_SURFACE('',#5400,0.00496,0.00248);
#69=TOROIDAL_SURFACE('',#5402,0.00496,0.00248);
#70=TOROIDAL_SURFACE('',#5410,0.00248,0.00248);
#71=TOROIDAL_SURFACE('',#5412,0.00496,0.00248);
#72=TOROIDAL_SURFACE('',#5415,0.00248,0.00248);
#73=TOROIDAL_SURFACE('',#5422,0.00496,0.00248);
#74=TOROIDAL_SURFACE('',#5425,0.00248,0.00248);
#75=TOROIDAL_SURFACE('',#5436,0.00248,0.00248);
#76=TOROIDAL_SURFACE('',#5438,0.00496,0.00248);
#77=TOROIDAL_SURFACE('',#5440,0.00496,0.00248);
#78=TOROIDAL_SURFACE('',#5448,0.00248,0.00248);
#79=TOROIDAL_SURFACE('',#5450,0.00496,0.00248);
#80=TOROIDAL_SURFACE('',#5453,0.00248,0.00248);
#81=TOROIDAL_SURFACE('',#5460,0.00496,0.00248);
#82=TOROIDAL_SURFACE('',#5463,0.00248,0.00248);
#83=TOROIDAL_SURFACE('',#5474,0.00248,0.00248);
#84=TOROIDAL_SURFACE('',#5476,0.00496,0.00248);
#85=TOROIDAL_SURFACE('',#5478,0.00496,0.00248);
#86=TOROIDAL_SURFACE('',#5486,0.00248,0.00248);
#87=TOROIDAL_SURFACE('',#5488,0.00496,0.00248);
#88=TOROIDAL_SURFACE('',#5491,0.00248,0.00248);
#89=TOROIDAL_SURFACE('',#5498,0.00248,0.00248);
#90=TOROIDAL_SURFACE('',#5500,0.00248,0.00248);
#91=TOROIDAL_SURFACE('',#5506,0.00496,0.00248);
#92=TOROIDAL_SURFACE('',#5513,0.00496,0.00248);
#93=TOROIDAL_SURFACE('',#5515,0.00248,0.00248);
#94=TOROIDAL_SURFACE('',#5521,0.00248,0.00248);
#95=TOROIDAL_SURFACE('',#5523,0.00248,0.00248);
#96=TOROIDAL_SURFACE('',#5526,0.00248,0.00248);
#97=TOROIDAL_SURFACE('',#5533,0.00248,0.00248);
#98=TOROIDAL_SURFACE('',#5535,0.00248,0.00248);
#99=TOROIDAL_SURFACE('',#5541,0.00496,0.00248);
#100=TOROIDAL_SURFACE('',#5548,0.00496,0.00248);
#101=TOROIDAL_SURFACE('',#5550,0.00248,0.00248);
#102=TOROIDAL_SURFACE('',#5556,0.00248,0.00248);
#103=TOROIDAL_SURFACE('',#5558,0.00248,0.00248);
#104=TOROIDAL_SURFACE('',#5561,0.00248,0.00248);
#105=TOROIDAL_SURFACE('',#5568,0.00248,0.00248);
#106=TOROIDAL_SURFACE('',#5570,0.00248,0.00248);
#107=TOROIDAL_SURFACE('',#5579,0.00496,0.00248);
#108=TOROIDAL_SURFACE('',#5581,0.00248,0.00248);
#109=TOROIDAL_SURFACE('',#5583,0.00248,0.00248);
#110=TOROIDAL_SURFACE('',#5591,0.00496,0.00248);
#111=TOROIDAL_SURFACE('',#5593,0.00248,0.00248);
#112=TOROIDAL_SURFACE('',#5629,0.00716,0.00358);
#113=TOROIDAL_SURFACE('',#5638,0.00716,0.00358);
#114=TOROIDAL_SURFACE('',#5675,0.00716,0.00358);
#115=TOROIDAL_SURFACE('',#5686,0.00716,0.00358);
#116=CYLINDRICAL_SURFACE('',#5207,0.00248);
#117=CYLINDRICAL_SURFACE('',#5214,0.00248);
#118=CYLINDRICAL_SURFACE('',#5216,0.00248);
#119=CYLINDRICAL_SURFACE('',#5220,0.00248);
#120=CYLINDRICAL_SURFACE('',#5225,0.00248);
#121=CYLINDRICAL_SURFACE('',#5227,0.00248);
#122=CYLINDRICAL_SURFACE('',#5233,0.00248);
#123=CYLINDRICAL_SURFACE('',#5237,0.00248);
#124=CYLINDRICAL_SURFACE('',#5239,0.00248);
#125=CYLINDRICAL_SURFACE('',#5246,0.00248);
#126=CYLINDRICAL_SURFACE('',#5249,0.00248);
#127=CYLINDRICAL_SURFACE('',#5251,0.00248);
#128=CYLINDRICAL_SURFACE('',#5253,0.00248);
#129=CYLINDRICAL_SURFACE('',#5261,0.00248);
#130=CYLINDRICAL_SURFACE('',#5263,0.00248);
#131=CYLINDRICAL_SURFACE('',#5265,0.00248);
#132=CYLINDRICAL_SURFACE('',#5271,0.00248);
#133=CYLINDRICAL_SURFACE('',#5275,0.00248);
#134=CYLINDRICAL_SURFACE('',#5277,0.00248);
#135=CYLINDRICAL_SURFACE('',#5283,0.00248);
#136=CYLINDRICAL_SURFACE('',#5285,0.00248);
#137=CYLINDRICAL_SURFACE('',#5287,0.00248);
#138=CYLINDRICAL_SURFACE('',#5296,0.00248);
#139=CYLINDRICAL_SURFACE('',#5298,0.00248);
#140=CYLINDRICAL_SURFACE('',#5300,0.00248);
#141=CYLINDRICAL_SURFACE('',#5306,0.00248);
#142=CYLINDRICAL_SURFACE('',#5310,0.00248);
#143=CYLINDRICAL_SURFACE('',#5312,0.00248);
#144=CYLINDRICAL_SURFACE('',#5318,0.00248);
#145=CYLINDRICAL_SURFACE('',#5320,0.00248);
#146=CYLINDRICAL_SURFACE('',#5324,0.00248);
#147=CYLINDRICAL_SURFACE('',#5326,0.00248);
#148=CYLINDRICAL_SURFACE('',#5333,0.00248);
#149=CYLINDRICAL_SURFACE('',#5335,0.00248);
#150=CYLINDRICAL_SURFACE('',#5341,0.00248);
#151=CYLINDRICAL_SURFACE('',#5345,0.00248);
#152=CYLINDRICAL_SURFACE('',#5347,0.00248);
#153=CYLINDRICAL_SURFACE('',#5353,0.00248);
#154=CYLINDRICAL_SURFACE('',#5355,0.00248);
#155=CYLINDRICAL_SURFACE('',#5357,0.00248);
#156=CYLINDRICAL_SURFACE('',#5366,0.00248);
#157=CYLINDRICAL_SURFACE('',#5368,0.00248);
#158=CYLINDRICAL_SURFACE('',#5370,0.00248);
#159=CYLINDRICAL_SURFACE('',#5376,0.00248);
#160=CYLINDRICAL_SURFACE('',#5380,0.00248);
#161=CYLINDRICAL_SURFACE('',#5382,0.00248);
#162=CYLINDRICAL_SURFACE('',#5389,0.00248);
#163=CYLINDRICAL_SURFACE('',#5392,0.00248);
#164=CYLINDRICAL_SURFACE('',#5394,0.00248);
#165=CYLINDRICAL_SURFACE('',#5396,0.00248);
#166=CYLINDRICAL_SURFACE('',#5404,0.00248);
#167=CYLINDRICAL_SURFACE('',#5406,0.00248);
#168=CYLINDRICAL_SURFACE('',#5408,0.00248);
#169=CYLINDRICAL_SURFACE('',#5414,0.00248);
#170=CYLINDRICAL_SURFACE('',#5418,0.00248);
#171=CYLINDRICAL_SURFACE('',#5420,0.00248);
#172=CYLINDRICAL_SURFACE('',#5427,0.00248);
#173=CYLINDRICAL_SURFACE('',#5430,0.00248);
#174=CYLINDRICAL_SURFACE('',#5432,0.00248);
#175=CYLINDRICAL_SURFACE('',#5434,0.00248);
#176=CYLINDRICAL_SURFACE('',#5442,0.00248);
#177=CYLINDRICAL_SURFACE('',#5444,0.00248);
#178=CYLINDRICAL_SURFACE('',#5446,0.00248);
#179=CYLINDRICAL_SURFACE('',#5452,0.00248);
#180=CYLINDRICAL_SURFACE('',#5456,0.00248);
#181=CYLINDRICAL_SURFACE('',#5458,0.00248);
#182=CYLINDRICAL_SURFACE('',#5465,0.00248);
#183=CYLINDRICAL_SURFACE('',#5468,0.00248);
#184=CYLINDRICAL_SURFACE('',#5470,0.00248);
#185=CYLINDRICAL_SURFACE('',#5472,0.00248);
#186=CYLINDRICAL_SURFACE('',#5480,0.00248);
#187=CYLINDRICAL_SURFACE('',#5482,0.00248);
#188=CYLINDRICAL_SURFACE('',#5484,0.00248);
#189=CYLINDRICAL_SURFACE('',#5490,0.00248);
#190=CYLINDRICAL_SURFACE('',#5494,0.00248);
#191=CYLINDRICAL_SURFACE('',#5496,0.00248);
#192=CYLINDRICAL_SURFACE('',#5502,0.00248);
#193=CYLINDRICAL_SURFACE('',#5504,0.00248);
#194=CYLINDRICAL_SURFACE('',#5508,0.00248);
#195=CYLINDRICAL_SURFACE('',#5510,0.00248);
#196=CYLINDRICAL_SURFACE('',#5517,0.00248);
#197=CYLINDRICAL_SURFACE('',#5519,0.00248);
#198=CYLINDRICAL_SURFACE('',#5525,0.00248);
#199=CYLINDRICAL_SURFACE('',#5529,0.00248);
#200=CYLINDRICAL_SURFACE('',#5531,0.00248);
#201=CYLINDRICAL_SURFACE('',#5537,0.00248);
#202=CYLINDRICAL_SURFACE('',#5539,0.00248);
#203=CYLINDRICAL_SURFACE('',#5543,0.00248);
#204=CYLINDRICAL_SURFACE('',#5545,0.00248);
#205=CYLINDRICAL_SURFACE('',#5552,0.00248);
#206=CYLINDRICAL_SURFACE('',#5554,0.00248);
#207=CYLINDRICAL_SURFACE('',#5560,0.00248);
#208=CYLINDRICAL_SURFACE('',#5564,0.00248);
#209=CYLINDRICAL_SURFACE('',#5566,0.00248);
#210=CYLINDRICAL_SURFACE('',#5572,0.00248);
#211=CYLINDRICAL_SURFACE('',#5574,0.00248);
#212=CYLINDRICAL_SURFACE('',#5576,0.00248);
#213=CYLINDRICAL_SURFACE('',#5585,0.00248);
#214=CYLINDRICAL_SURFACE('',#5587,0.00248);
#215=CYLINDRICAL_SURFACE('',#5589,0.00248);
#216=CYLINDRICAL_SURFACE('',#5595,0.00248);
#217=CYLINDRICAL_SURFACE('',#5599,0.00195492733049157);
#218=CYLINDRICAL_SURFACE('',#5601,0.00494077059472932);
#219=CYLINDRICAL_SURFACE('',#5607,0.00195492733049157);
#220=CYLINDRICAL_SURFACE('',#5609,0.00494077059472932);
#221=CYLINDRICAL_SURFACE('',#5612,0.00174667668132644);
#222=CYLINDRICAL_SURFACE('',#5613,0.00177988692662649);
#223=CYLINDRICAL_SURFACE('',#5614,0.00174667668132644);
#224=CYLINDRICAL_SURFACE('',#5615,0.00177988692662649);
#225=CYLINDRICAL_SURFACE('',#5616,0.00358);
#226=CYLINDRICAL_SURFACE('',#5621,0.00358);
#227=CYLINDRICAL_SURFACE('',#5623,0.00358);
#228=CYLINDRICAL_SURFACE('',#5625,0.00358);
#229=CYLINDRICAL_SURFACE('',#5632,0.00358);
#230=CYLINDRICAL_SURFACE('',#5634,0.00358);
#231=CYLINDRICAL_SURFACE('',#5636,0.00358);
#232=CYLINDRICAL_SURFACE('',#5643,0.00358);
#233=CYLINDRICAL_SURFACE('',#5645,0.00358);
#234=CYLINDRICAL_SURFACE('',#5647,0.00358);
#235=CYLINDRICAL_SURFACE('',#5649,0.00358);
#236=CYLINDRICAL_SURFACE('',#5655,0.00358);
#237=CYLINDRICAL_SURFACE('',#5657,0.00358);
#238=CYLINDRICAL_SURFACE('',#5659,0.00358);
#239=CYLINDRICAL_SURFACE('',#5661,0.00358);
#240=CYLINDRICAL_SURFACE('',#5667,0.00358);
#241=CYLINDRICAL_SURFACE('',#5669,0.00358);
#242=CYLINDRICAL_SURFACE('',#5671,0.00358);
#243=CYLINDRICAL_SURFACE('',#5678,0.00358);
#244=CYLINDRICAL_SURFACE('',#5680,0.00358);
#245=CYLINDRICAL_SURFACE('',#5682,0.00358);
#246=CYLINDRICAL_SURFACE('',#5684,0.00358);
#247=CYLINDRICAL_SURFACE('',#5690,0.00358);
#248=CYLINDRICAL_SURFACE('',#5692,0.00358);
#249=CYLINDRICAL_SURFACE('',#5696,0.00358);
#250=CIRCLE('',#5036,0.00177988692662649);
#251=CIRCLE('',#5037,0.00174667668132644);
#252=CIRCLE('',#5038,0.00248);
#253=CIRCLE('',#5039,0.00496);
#254=CIRCLE('',#5040,0.00248);
#255=CIRCLE('',#5041,0.00248);
#256=CIRCLE('',#5042,0.00248);
#257=CIRCLE('',#5043,0.00496);
#258=CIRCLE('',#5044,0.00496);
#259=CIRCLE('',#5045,0.00248);
#260=CIRCLE('',#5046,0.00248);
#261=CIRCLE('',#5047,0.00496);
#262=CIRCLE('',#5048,0.00496);
#263=CIRCLE('',#5049,0.00496);
#264=CIRCLE('',#5050,0.00248);
#265=CIRCLE('',#5051,0.00248);
#266=CIRCLE('',#5052,0.00248);
#267=CIRCLE('',#5053,0.00248);
#268=CIRCLE('',#5054,0.00496);
#269=CIRCLE('',#5055,0.00248);
#270=CIRCLE('',#5056,0.00248);
#271=CIRCLE('',#5057,0.00248);
#272=CIRCLE('',#5058,0.00496);
#273=CIRCLE('',#5059,0.00248);
#274=CIRCLE('',#5060,0.00248);
#275=CIRCLE('',#5061,0.00716);
#276=CIRCLE('',#5062,0.00716);
#277=CIRCLE('',#5063,0.00248);
#278=CIRCLE('',#5064,0.00496);
#279=CIRCLE('',#5065,0.00248);
#280=CIRCLE('',#5066,0.00248);
#281=CIRCLE('',#5067,0.00248);
#282=CIRCLE('',#5068,0.00496);
#283=CIRCLE('',#5069,0.00248);
#284=CIRCLE('',#5070,0.00248);
#285=CIRCLE('',#5071,0.00248);
#286=CIRCLE('',#5072,0.00248);
#287=CIRCLE('',#5073,0.00496);
#288=CIRCLE('',#5074,0.00496);
#289=CIRCLE('',#5075,0.00248);
#290=CIRCLE('',#5076,0.00496);
#291=CIRCLE('',#5077,0.00248);
#292=CIRCLE('',#5078,0.00248);
#293=CIRCLE('',#5079,0.00248);
#294=CIRCLE('',#5080,0.00496);
#295=CIRCLE('',#5081,0.00496);
#296=CIRCLE('',#5082,0.00248);
#297=CIRCLE('',#5084,0.00177988692662649);
#298=CIRCLE('',#5085,0.00174667668132644);
#299=CIRCLE('',#5086,0.00496);
#300=CIRCLE('',#5087,0.00496);
#301=CIRCLE('',#5088,0.00248);
#302=CIRCLE('',#5089,0.00248);
#303=CIRCLE('',#5090,0.00496);
#304=CIRCLE('',#5091,0.00496);
#305=CIRCLE('',#5092,0.00248);
#306=CIRCLE('',#5093,0.00248);
#307=CIRCLE('',#5094,0.00248);
#308=CIRCLE('',#5095,0.00248);
#309=CIRCLE('',#5096,0.00496);
#310=CIRCLE('',#5097,0.00248);
#311=CIRCLE('',#5098,0.00248);
#312=CIRCLE('',#5099,0.00248);
#313=CIRCLE('',#5100,0.00496);
#314=CIRCLE('',#5101,0.00248);
#315=CIRCLE('',#5102,0.00716);
#316=CIRCLE('',#5103,0.00716);
#317=CIRCLE('',#5104,0.00496);
#318=CIRCLE('',#5105,0.00248);
#319=CIRCLE('',#5106,0.00248);
#320=CIRCLE('',#5107,0.00248);
#321=CIRCLE('',#5108,0.00248);
#322=CIRCLE('',#5109,0.00248);
#323=CIRCLE('',#5110,0.00496);
#324=CIRCLE('',#5111,0.00248);
#325=CIRCLE('',#5112,0.00248);
#326=CIRCLE('',#5113,0.00248);
#327=CIRCLE('',#5114,0.00496);
#328=CIRCLE('',#5115,0.00248);
#329=CIRCLE('',#5116,0.00496);
#330=CIRCLE('',#5117,0.00496);
#331=CIRCLE('',#5118,0.00248);
#332=CIRCLE('',#5119,0.00248);
#333=CIRCLE('',#5120,0.00248);
#334=CIRCLE('',#5121,0.00248);
#335=CIRCLE('',#5122,0.00248);
#336=CIRCLE('',#5123,0.00496);
#337=CIRCLE('',#5124,0.00248);
#338=CIRCLE('',#5125,0.00496);
#339=CIRCLE('',#5126,0.00496);
#340=CIRCLE('',#5127,0.00248);
#341=CIRCLE('',#5128,0.00248);
#342=CIRCLE('',#5129,0.00248);
#343=CIRCLE('',#5130,0.00496);
#344=CIRCLE('',#5132,0.00177988692662649);
#345=CIRCLE('',#5133,0.00174667668132644);
#346=CIRCLE('',#5134,0.00358);
#347=CIRCLE('',#5135,0.00358);
#348=CIRCLE('',#5137,0.00177988692662649);
#349=CIRCLE('',#5138,0.00174667668132644);
#350=CIRCLE('',#5139,0.00358);
#351=CIRCLE('',#5140,0.00358);
#352=CIRCLE('',#5149,0.00358);
#353=CIRCLE('',#5150,0.00358);
#354=CIRCLE('',#5151,0.00358);
#355=CIRCLE('',#5152,0.00358);
#356=CIRCLE('',#5153,0.00195492733049157);
#357=CIRCLE('',#5154,0.00195492733049157);
#358=CIRCLE('',#5208,0.00248);
#359=CIRCLE('',#5209,0.00248);
#360=CIRCLE('',#5211,0.00248);
#361=CIRCLE('',#5213,0.00248);
#362=CIRCLE('',#5215,0.00248);
#363=CIRCLE('',#5217,0.00248);
#364=CIRCLE('',#5219,0.00248);
#365=CIRCLE('',#5221,0.00248);
#366=CIRCLE('',#5223,0.00248);
#367=CIRCLE('',#5224,0.00248);
#368=CIRCLE('',#5226,0.00248);
#369=CIRCLE('',#5228,0.00248);
#370=CIRCLE('',#5230,0.00248);
#371=CIRCLE('',#5232,0.00248);
#372=CIRCLE('',#5235,0.00248);
#373=CIRCLE('',#5236,0.00248);
#374=CIRCLE('',#5238,0.00248);
#375=CIRCLE('',#5240,0.00248);
#376=CIRCLE('',#5242,0.00248);
#377=CIRCLE('',#5243,0.00248);
#378=CIRCLE('',#5245,0.00248);
#379=CIRCLE('',#5247,0.00248);
#380=CIRCLE('',#5248,0.00248);
#381=CIRCLE('',#5250,0.00248);
#382=CIRCLE('',#5252,0.00248);
#383=CIRCLE('',#5254,0.00248);
#384=CIRCLE('',#5256,0.00248);
#385=CIRCLE('',#5258,0.00248);
#386=CIRCLE('',#5260,0.00248);
#387=CIRCLE('',#5262,0.00248);
#388=CIRCLE('',#5264,0.00248);
#389=CIRCLE('',#5266,0.00248);
#390=CIRCLE('',#5268,0.00248);
#391=CIRCLE('',#5270,0.00248);
#392=CIRCLE('',#5273,0.00248);
#393=CIRCLE('',#5274,0.00248);
#394=CIRCLE('',#5276,0.00248);
#395=CIRCLE('',#5278,0.00248);
#396=CIRCLE('',#5280,0.00248);
#397=CIRCLE('',#5282,0.00248);
#398=CIRCLE('',#5284,0.00248);
#399=CIRCLE('',#5286,0.00248);
#400=CIRCLE('',#5288,0.00248);
#401=CIRCLE('',#5289,0.00248);
#402=CIRCLE('',#5291,0.00248);
#403=CIRCLE('',#5293,0.00248);
#404=CIRCLE('',#5295,0.00248);
#405=CIRCLE('',#5297,0.00248);
#406=CIRCLE('',#5299,0.00248);
#407=CIRCLE('',#5301,0.00248);
#408=CIRCLE('',#5303,0.00248);
#409=CIRCLE('',#5305,0.00248);
#410=CIRCLE('',#5308,0.00248);
#411=CIRCLE('',#5309,0.00248);
#412=CIRCLE('',#5311,0.00248);
#413=CIRCLE('',#5313,0.00248);
#414=CIRCLE('',#5315,0.00248);
#415=CIRCLE('',#5317,0.00248);
#416=CIRCLE('',#5319,0.00248);
#417=CIRCLE('',#5321,0.00248);
#418=CIRCLE('',#5323,0.00248);
#419=CIRCLE('',#5325,0.00248);
#420=CIRCLE('',#5327,0.00248);
#421=CIRCLE('',#5328,0.00248);
#422=CIRCLE('',#5330,0.00248);
#423=CIRCLE('',#5332,0.00248);
#424=CIRCLE('',#5334,0.00248);
#425=CIRCLE('',#5336,0.00248);
#426=CIRCLE('',#5338,0.00248);
#427=CIRCLE('',#5340,0.00248);
#428=CIRCLE('',#5343,0.00248);
#429=CIRCLE('',#5344,0.00248);
#430=CIRCLE('',#5346,0.00248);
#431=CIRCLE('',#5348,0.00248);
#432=CIRCLE('',#5350,0.00248);
#433=CIRCLE('',#5352,0.00248);
#434=CIRCLE('',#5354,0.00248);
#435=CIRCLE('',#5356,0.00248);
#436=CIRCLE('',#5358,0.00248);
#437=CIRCLE('',#5359,0.00248);
#438=CIRCLE('',#5361,0.00248);
#439=CIRCLE('',#5363,0.00248);
#440=CIRCLE('',#5365,0.00248);
#441=CIRCLE('',#5367,0.00248);
#442=CIRCLE('',#5369,0.00248);
#443=CIRCLE('',#5371,0.00248);
#444=CIRCLE('',#5373,0.00248);
#445=CIRCLE('',#5375,0.00248);
#446=CIRCLE('',#5378,0.00248);
#447=CIRCLE('',#5379,0.00248);
#448=CIRCLE('',#5381,0.00248);
#449=CIRCLE('',#5383,0.00248);
#450=CIRCLE('',#5385,0.00248);
#451=CIRCLE('',#5386,0.00248);
#452=CIRCLE('',#5388,0.00248);
#453=CIRCLE('',#5390,0.00248);
#454=CIRCLE('',#5391,0.00248);
#455=CIRCLE('',#5393,0.00248);
#456=CIRCLE('',#5395,0.00248);
#457=CIRCLE('',#5397,0.00248);
#458=CIRCLE('',#5399,0.00248);
#459=CIRCLE('',#5401,0.00248);
#460=CIRCLE('',#5403,0.00248);
#461=CIRCLE('',#5405,0.00248);
#462=CIRCLE('',#5407,0.00248);
#463=CIRCLE('',#5409,0.00248);
#464=CIRCLE('',#5411,0.00248);
#465=CIRCLE('',#5413,0.00248);
#466=CIRCLE('',#5416,0.00248);
#467=CIRCLE('',#5417,0.00248);
#468=CIRCLE('',#5419,0.00248);
#469=CIRCLE('',#5421,0.00248);
#470=CIRCLE('',#5423,0.00248);
#471=CIRCLE('',#5424,0.00248);
#472=CIRCLE('',#5426,0.00248);
#473=CIRCLE('',#5428,0.00248);
#474=CIRCLE('',#5429,0.00248);
#475=CIRCLE('',#5431,0.00248);
#476=CIRCLE('',#5433,0.00248);
#477=CIRCLE('',#5435,0.00248);
#478=CIRCLE('',#5437,0.00248);
#479=CIRCLE('',#5439,0.00248);
#480=CIRCLE('',#5441,0.00248);
#481=CIRCLE('',#5443,0.00248);
#482=CIRCLE('',#5445,0.00248);
#483=CIRCLE('',#5447,0.00248);
#484=CIRCLE('',#5449,0.00248);
#485=CIRCLE('',#5451,0.00248);
#486=CIRCLE('',#5454,0.00248);
#487=CIRCLE('',#5455,0.00248);
#488=CIRCLE('',#5457,0.00248);
#489=CIRCLE('',#5459,0.00248);
#490=CIRCLE('',#5461,0.00248);
#491=CIRCLE('',#5462,0.00248);
#492=CIRCLE('',#5464,0.00248);
#493=CIRCLE('',#5466,0.00248);
#494=CIRCLE('',#5467,0.00248);
#495=CIRCLE('',#5469,0.00248);
#496=CIRCLE('',#5471,0.00248);
#497=CIRCLE('',#5473,0.00248);
#498=CIRCLE('',#5475,0.00248);
#499=CIRCLE('',#5477,0.00248);
#500=CIRCLE('',#5479,0.00248);
#501=CIRCLE('',#5481,0.00248);
#502=CIRCLE('',#5483,0.00248);
#503=CIRCLE('',#5485,0.00248);
#504=CIRCLE('',#5487,0.00248);
#505=CIRCLE('',#5489,0.00248);
#506=CIRCLE('',#5492,0.00248);
#507=CIRCLE('',#5493,0.00248);
#508=CIRCLE('',#5495,0.00248);
#509=CIRCLE('',#5497,0.00248);
#510=CIRCLE('',#5499,0.00248);
#511=CIRCLE('',#5501,0.00248);
#512=CIRCLE('',#5503,0.00248);
#513=CIRCLE('',#5505,0.00248);
#514=CIRCLE('',#5507,0.00248);
#515=CIRCLE('',#5509,0.00248);
#516=CIRCLE('',#5511,0.00248);
#517=CIRCLE('',#5512,0.00248);
#518=CIRCLE('',#5514,0.00248);
#519=CIRCLE('',#5516,0.00248);
#520=CIRCLE('',#5518,0.00248);
#521=CIRCLE('',#5520,0.00248);
#522=CIRCLE('',#5522,0.00248);
#523=CIRCLE('',#5524,0.00248);
#524=CIRCLE('',#5527,0.00248);
#525=CIRCLE('',#5528,0.00248);
#526=CIRCLE('',#5530,0.00248);
#527=CIRCLE('',#5532,0.00248);
#528=CIRCLE('',#5534,0.00248);
#529=CIRCLE('',#5536,0.00248);
#530=CIRCLE('',#5538,0.00248);
#531=CIRCLE('',#5540,0.00248);
#532=CIRCLE('',#5542,0.00248);
#533=CIRCLE('',#5544,0.00248);
#534=CIRCLE('',#5546,0.00248);
#535=CIRCLE('',#5547,0.00248);
#536=CIRCLE('',#5549,0.00248);
#537=CIRCLE('',#5551,0.00248);
#538=CIRCLE('',#5553,0.00248);
#539=CIRCLE('',#5555,0.00248);
#540=CIRCLE('',#5557,0.00248);
#541=CIRCLE('',#5559,0.00248);
#542=CIRCLE('',#5562,0.00248);
#543=CIRCLE('',#5563,0.00248);
#544=CIRCLE('',#5565,0.00248);
#545=CIRCLE('',#5567,0.00248);
#546=CIRCLE('',#5569,0.00248);
#547=CIRCLE('',#5571,0.00248);
#548=CIRCLE('',#5573,0.00248);
#549=CIRCLE('',#5575,0.00248);
#550=CIRCLE('',#5577,0.00248);
#551=CIRCLE('',#5578,0.00248);
#552=CIRCLE('',#5580,0.00248);
#553=CIRCLE('',#5582,0.00248);
#554=CIRCLE('',#5584,0.00248);
#555=CIRCLE('',#5586,0.00248);
#556=CIRCLE('',#5588,0.00248);
#557=CIRCLE('',#5590,0.00248);
#558=CIRCLE('',#5592,0.00248);
#559=CIRCLE('',#5594,0.00248);
#560=CIRCLE('',#5600,0.00195492733049157);
#561=CIRCLE('',#5602,0.00494077059472932);
#562=CIRCLE('',#5608,0.00195492733049157);
#563=CIRCLE('',#5610,0.00494077059472932);
#564=CIRCLE('',#5617,0.00358);
#565=CIRCLE('',#5619,0.00358);
#566=CIRCLE('',#5620,0.00358);
#567=CIRCLE('',#5622,0.00358);
#568=CIRCLE('',#5624,0.00358);
#569=CIRCLE('',#5626,0.00358);
#570=CIRCLE('',#5628,0.00358);
#571=CIRCLE('',#5630,0.00358);
#572=CIRCLE('',#5631,0.00358);
#573=CIRCLE('',#5633,0.00358);
#574=CIRCLE('',#5635,0.00358);
#575=CIRCLE('',#5637,0.00358);
#576=CIRCLE('',#5639,0.00358);
#577=CIRCLE('',#5641,0.00358);
#578=CIRCLE('',#5642,0.00358);
#579=CIRCLE('',#5644,0.00358);
#580=CIRCLE('',#5646,0.00358);
#581=CIRCLE('',#5648,0.00358);
#582=CIRCLE('',#5650,0.00358);
#583=CIRCLE('',#5652,0.00358);
#584=CIRCLE('',#5654,0.00358);
#585=CIRCLE('',#5656,0.00358);
#586=CIRCLE('',#5658,0.00358);
#587=CIRCLE('',#5660,0.00358);
#588=CIRCLE('',#5662,0.00358);
#589=CIRCLE('',#5664,0.00358);
#590=CIRCLE('',#5666,0.00358);
#591=CIRCLE('',#5668,0.00358);
#592=CIRCLE('',#5670,0.00358);
#593=CIRCLE('',#5672,0.00358);
#594=CIRCLE('',#5674,0.00358);
#595=CIRCLE('',#5676,0.00358);
#596=CIRCLE('',#5677,0.00358);
#597=CIRCLE('',#5679,0.00358);
#598=CIRCLE('',#5681,0.00358);
#599=CIRCLE('',#5683,0.00358);
#600=CIRCLE('',#5685,0.00358);
#601=CIRCLE('',#5687,0.00358);
#602=CIRCLE('',#5689,0.00358);
#603=CIRCLE('',#5691,0.00358);
#604=CIRCLE('',#5693,0.00358);
#605=CIRCLE('',#5695,0.00358);
#606=ORIENTED_EDGE('',*,*,#2062,.T.);
#607=ORIENTED_EDGE('',*,*,#2063,.T.);
#608=ORIENTED_EDGE('',*,*,#2064,.T.);
#609=ORIENTED_EDGE('',*,*,#2065,.T.);
#610=ORIENTED_EDGE('',*,*,#2066,.T.);
#611=ORIENTED_EDGE('',*,*,#2067,.T.);
#612=ORIENTED_EDGE('',*,*,#2068,.T.);
#613=ORIENTED_EDGE('',*,*,#2069,.T.);
#614=ORIENTED_EDGE('',*,*,#2070,.T.);
#615=ORIENTED_EDGE('',*,*,#2071,.T.);
#616=ORIENTED_EDGE('',*,*,#2072,.F.);
#617=ORIENTED_EDGE('',*,*,#2073,.F.);
#618=ORIENTED_EDGE('',*,*,#2074,.T.);
#619=ORIENTED_EDGE('',*,*,#2075,.T.);
#620=ORIENTED_EDGE('',*,*,#2076,.F.);
#621=ORIENTED_EDGE('',*,*,#2077,.T.);
#622=ORIENTED_EDGE('',*,*,#2078,.F.);
#623=ORIENTED_EDGE('',*,*,#2079,.T.);
#624=ORIENTED_EDGE('',*,*,#2080,.F.);
#625=ORIENTED_EDGE('',*,*,#2081,.T.);
#626=ORIENTED_EDGE('',*,*,#2082,.F.);
#627=ORIENTED_EDGE('',*,*,#2083,.T.);
#628=ORIENTED_EDGE('',*,*,#2084,.F.);
#629=ORIENTED_EDGE('',*,*,#2085,.T.);
#630=ORIENTED_EDGE('',*,*,#2086,.F.);
#631=ORIENTED_EDGE('',*,*,#2087,.T.);
#632=ORIENTED_EDGE('',*,*,#2088,.F.);
#633=ORIENTED_EDGE('',*,*,#2089,.T.);
#634=ORIENTED_EDGE('',*,*,#2090,.F.);
#635=ORIENTED_EDGE('',*,*,#2091,.T.);
#636=ORIENTED_EDGE('',*,*,#2092,.F.);
#637=ORIENTED_EDGE('',*,*,#2093,.T.);
#638=ORIENTED_EDGE('',*,*,#2094,.F.);
#639=ORIENTED_EDGE('',*,*,#2095,.T.);
#640=ORIENTED_EDGE('',*,*,#2096,.F.);
#641=ORIENTED_EDGE('',*,*,#2097,.T.);
#642=ORIENTED_EDGE('',*,*,#2098,.F.);
#643=ORIENTED_EDGE('',*,*,#2099,.T.);
#644=ORIENTED_EDGE('',*,*,#2100,.F.);
#645=ORIENTED_EDGE('',*,*,#2101,.T.);
#646=ORIENTED_EDGE('',*,*,#2102,.F.);
#647=ORIENTED_EDGE('',*,*,#2103,.T.);
#648=ORIENTED_EDGE('',*,*,#2104,.F.);
#649=ORIENTED_EDGE('',*,*,#2105,.T.);
#650=ORIENTED_EDGE('',*,*,#2106,.F.);
#651=ORIENTED_EDGE('',*,*,#2107,.T.);
#652=ORIENTED_EDGE('',*,*,#2108,.F.);
#653=ORIENTED_EDGE('',*,*,#2109,.T.);
#654=ORIENTED_EDGE('',*,*,#2110,.F.);
#655=ORIENTED_EDGE('',*,*,#2111,.T.);
#656=ORIENTED_EDGE('',*,*,#2112,.F.);
#657=ORIENTED_EDGE('',*,*,#2113,.T.);
#658=ORIENTED_EDGE('',*,*,#2114,.F.);
#659=ORIENTED_EDGE('',*,*,#2115,.T.);
#660=ORIENTED_EDGE('',*,*,#2116,.F.);
#661=ORIENTED_EDGE('',*,*,#2117,.T.);
#662=ORIENTED_EDGE('',*,*,#2118,.F.);
#663=ORIENTED_EDGE('',*,*,#2119,.T.);
#664=ORIENTED_EDGE('',*,*,#2120,.F.);
#665=ORIENTED_EDGE('',*,*,#2121,.T.);
#666=ORIENTED_EDGE('',*,*,#2122,.T.);
#667=ORIENTED_EDGE('',*,*,#2123,.T.);
#668=ORIENTED_EDGE('',*,*,#2124,.F.);
#669=ORIENTED_EDGE('',*,*,#2125,.T.);
#670=ORIENTED_EDGE('',*,*,#2126,.T.);
#671=ORIENTED_EDGE('',*,*,#2127,.F.);
#672=ORIENTED_EDGE('',*,*,#2128,.T.);
#673=ORIENTED_EDGE('',*,*,#2129,.T.);
#674=ORIENTED_EDGE('',*,*,#2130,.T.);
#675=ORIENTED_EDGE('',*,*,#2131,.T.);
#676=ORIENTED_EDGE('',*,*,#2132,.F.);
#677=ORIENTED_EDGE('',*,*,#2133,.F.);
#678=ORIENTED_EDGE('',*,*,#2134,.T.);
#679=ORIENTED_EDGE('',*,*,#2135,.F.);
#680=ORIENTED_EDGE('',*,*,#2136,.T.);
#681=ORIENTED_EDGE('',*,*,#2137,.F.);
#682=ORIENTED_EDGE('',*,*,#2138,.T.);
#683=ORIENTED_EDGE('',*,*,#2139,.F.);
#684=ORIENTED_EDGE('',*,*,#2140,.T.);
#685=ORIENTED_EDGE('',*,*,#2141,.F.);
#686=ORIENTED_EDGE('',*,*,#2142,.T.);
#687=ORIENTED_EDGE('',*,*,#2143,.F.);
#688=ORIENTED_EDGE('',*,*,#2144,.T.);
#689=ORIENTED_EDGE('',*,*,#2145,.F.);
#690=ORIENTED_EDGE('',*,*,#2146,.T.);
#691=ORIENTED_EDGE('',*,*,#2147,.F.);
#692=ORIENTED_EDGE('',*,*,#2148,.T.);
#693=ORIENTED_EDGE('',*,*,#2149,.F.);
#694=ORIENTED_EDGE('',*,*,#2150,.T.);
#695=ORIENTED_EDGE('',*,*,#2151,.F.);
#696=ORIENTED_EDGE('',*,*,#2152,.T.);
#697=ORIENTED_EDGE('',*,*,#2153,.F.);
#698=ORIENTED_EDGE('',*,*,#2154,.T.);
#699=ORIENTED_EDGE('',*,*,#2155,.F.);
#700=ORIENTED_EDGE('',*,*,#2156,.T.);
#701=ORIENTED_EDGE('',*,*,#2157,.F.);
#702=ORIENTED_EDGE('',*,*,#2158,.T.);
#703=ORIENTED_EDGE('',*,*,#2159,.F.);
#704=ORIENTED_EDGE('',*,*,#2160,.T.);
#705=ORIENTED_EDGE('',*,*,#2161,.F.);
#706=ORIENTED_EDGE('',*,*,#2162,.T.);
#707=ORIENTED_EDGE('',*,*,#2163,.F.);
#708=ORIENTED_EDGE('',*,*,#2164,.T.);
#709=ORIENTED_EDGE('',*,*,#2165,.F.);
#710=ORIENTED_EDGE('',*,*,#2166,.T.);
#711=ORIENTED_EDGE('',*,*,#2167,.F.);
#712=ORIENTED_EDGE('',*,*,#2168,.T.);
#713=ORIENTED_EDGE('',*,*,#2169,.F.);
#714=ORIENTED_EDGE('',*,*,#2170,.T.);
#715=ORIENTED_EDGE('',*,*,#2171,.F.);
#716=ORIENTED_EDGE('',*,*,#2172,.T.);
#717=ORIENTED_EDGE('',*,*,#2173,.F.);
#718=ORIENTED_EDGE('',*,*,#2174,.F.);
#719=ORIENTED_EDGE('',*,*,#2175,.F.);
#720=ORIENTED_EDGE('',*,*,#2176,.T.);
#721=ORIENTED_EDGE('',*,*,#2177,.F.);
#722=ORIENTED_EDGE('',*,*,#2178,.T.);
#723=ORIENTED_EDGE('',*,*,#2179,.F.);
#724=ORIENTED_EDGE('',*,*,#2180,.T.);
#725=ORIENTED_EDGE('',*,*,#2181,.F.);
#726=ORIENTED_EDGE('',*,*,#2182,.T.);
#727=ORIENTED_EDGE('',*,*,#2183,.F.);
#728=ORIENTED_EDGE('',*,*,#2184,.T.);
#729=ORIENTED_EDGE('',*,*,#2185,.F.);
#730=ORIENTED_EDGE('',*,*,#2186,.T.);
#731=ORIENTED_EDGE('',*,*,#2187,.F.);
#732=ORIENTED_EDGE('',*,*,#2188,.T.);
#733=ORIENTED_EDGE('',*,*,#2189,.F.);
#734=ORIENTED_EDGE('',*,*,#2190,.T.);
#735=ORIENTED_EDGE('',*,*,#2191,.F.);
#736=ORIENTED_EDGE('',*,*,#2192,.T.);
#737=ORIENTED_EDGE('',*,*,#2193,.F.);
#738=ORIENTED_EDGE('',*,*,#2194,.T.);
#739=ORIENTED_EDGE('',*,*,#2195,.F.);
#740=ORIENTED_EDGE('',*,*,#2196,.T.);
#741=ORIENTED_EDGE('',*,*,#2197,.F.);
#742=ORIENTED_EDGE('',*,*,#2198,.T.);
#743=ORIENTED_EDGE('',*,*,#2199,.F.);
#744=ORIENTED_EDGE('',*,*,#2200,.T.);
#745=ORIENTED_EDGE('',*,*,#2201,.F.);
#746=ORIENTED_EDGE('',*,*,#2202,.T.);
#747=ORIENTED_EDGE('',*,*,#2203,.F.);
#748=ORIENTED_EDGE('',*,*,#2204,.T.);
#749=ORIENTED_EDGE('',*,*,#2205,.F.);
#750=ORIENTED_EDGE('',*,*,#2206,.T.);
#751=ORIENTED_EDGE('',*,*,#2207,.T.);
#752=ORIENTED_EDGE('',*,*,#2208,.T.);
#753=ORIENTED_EDGE('',*,*,#2209,.T.);
#754=ORIENTED_EDGE('',*,*,#2210,.F.);
#755=ORIENTED_EDGE('',*,*,#2211,.T.);
#756=ORIENTED_EDGE('',*,*,#2212,.T.);
#757=ORIENTED_EDGE('',*,*,#2213,.T.);
#758=ORIENTED_EDGE('',*,*,#2214,.T.);
#759=ORIENTED_EDGE('',*,*,#2215,.F.);
#760=ORIENTED_EDGE('',*,*,#2216,.T.);
#761=ORIENTED_EDGE('',*,*,#2217,.T.);
#762=ORIENTED_EDGE('',*,*,#2218,.F.);
#763=ORIENTED_EDGE('',*,*,#2219,.T.);
#764=ORIENTED_EDGE('',*,*,#2220,.F.);
#765=ORIENTED_EDGE('',*,*,#2221,.T.);
#766=ORIENTED_EDGE('',*,*,#2222,.F.);
#767=ORIENTED_EDGE('',*,*,#2223,.T.);
#768=ORIENTED_EDGE('',*,*,#2224,.F.);
#769=ORIENTED_EDGE('',*,*,#2225,.T.);
#770=ORIENTED_EDGE('',*,*,#2226,.F.);
#771=ORIENTED_EDGE('',*,*,#2227,.T.);
#772=ORIENTED_EDGE('',*,*,#2228,.F.);
#773=ORIENTED_EDGE('',*,*,#2229,.T.);
#774=ORIENTED_EDGE('',*,*,#2230,.F.);
#775=ORIENTED_EDGE('',*,*,#2231,.T.);
#776=ORIENTED_EDGE('',*,*,#2232,.F.);
#777=ORIENTED_EDGE('',*,*,#2233,.T.);
#778=ORIENTED_EDGE('',*,*,#2234,.F.);
#779=ORIENTED_EDGE('',*,*,#2235,.T.);
#780=ORIENTED_EDGE('',*,*,#2236,.F.);
#781=ORIENTED_EDGE('',*,*,#2237,.T.);
#782=ORIENTED_EDGE('',*,*,#2238,.F.);
#783=ORIENTED_EDGE('',*,*,#2239,.T.);
#784=ORIENTED_EDGE('',*,*,#2240,.F.);
#785=ORIENTED_EDGE('',*,*,#2241,.T.);
#786=ORIENTED_EDGE('',*,*,#2242,.F.);
#787=ORIENTED_EDGE('',*,*,#2243,.T.);
#788=ORIENTED_EDGE('',*,*,#2244,.F.);
#789=ORIENTED_EDGE('',*,*,#2245,.T.);
#790=ORIENTED_EDGE('',*,*,#2246,.F.);
#791=ORIENTED_EDGE('',*,*,#2247,.T.);
#792=ORIENTED_EDGE('',*,*,#2248,.F.);
#793=ORIENTED_EDGE('',*,*,#2249,.T.);
#794=ORIENTED_EDGE('',*,*,#2250,.F.);
#795=ORIENTED_EDGE('',*,*,#2251,.T.);
#796=ORIENTED_EDGE('',*,*,#2252,.F.);
#797=ORIENTED_EDGE('',*,*,#2253,.T.);
#798=ORIENTED_EDGE('',*,*,#2254,.F.);
#799=ORIENTED_EDGE('',*,*,#2255,.T.);
#800=ORIENTED_EDGE('',*,*,#2256,.F.);
#801=ORIENTED_EDGE('',*,*,#2257,.T.);
#802=ORIENTED_EDGE('',*,*,#2258,.F.);
#803=ORIENTED_EDGE('',*,*,#2259,.T.);
#804=ORIENTED_EDGE('',*,*,#2260,.F.);
#805=ORIENTED_EDGE('',*,*,#2261,.T.);
#806=ORIENTED_EDGE('',*,*,#2262,.F.);
#807=ORIENTED_EDGE('',*,*,#2263,.T.);
#808=ORIENTED_EDGE('',*,*,#2264,.F.);
#809=ORIENTED_EDGE('',*,*,#2265,.T.);
#810=ORIENTED_EDGE('',*,*,#2266,.F.);
#811=ORIENTED_EDGE('',*,*,#2267,.T.);
#812=ORIENTED_EDGE('',*,*,#2268,.F.);
#813=ORIENTED_EDGE('',*,*,#2269,.T.);
#814=ORIENTED_EDGE('',*,*,#2270,.F.);
#815=ORIENTED_EDGE('',*,*,#2271,.T.);
#816=ORIENTED_EDGE('',*,*,#2272,.T.);
#817=ORIENTED_EDGE('',*,*,#2273,.T.);
#818=ORIENTED_EDGE('',*,*,#2274,.T.);
#819=ORIENTED_EDGE('',*,*,#2275,.T.);
#820=ORIENTED_EDGE('',*,*,#2276,.T.);
#821=ORIENTED_EDGE('',*,*,#2277,.T.);
#822=ORIENTED_EDGE('',*,*,#2066,.F.);
#823=ORIENTED_EDGE('',*,*,#2278,.F.);
#824=ORIENTED_EDGE('',*,*,#2279,.T.);
#825=ORIENTED_EDGE('',*,*,#2280,.F.);
#826=ORIENTED_EDGE('',*,*,#2281,.F.);
#827=ORIENTED_EDGE('',*,*,#2282,.T.);
#828=ORIENTED_EDGE('',*,*,#2283,.T.);
#829=ORIENTED_EDGE('',*,*,#2284,.F.);
#830=ORIENTED_EDGE('',*,*,#2285,.F.);
#831=ORIENTED_EDGE('',*,*,#2286,.T.);
#832=ORIENTED_EDGE('',*,*,#2287,.T.);
#833=ORIENTED_EDGE('',*,*,#2288,.F.);
#834=ORIENTED_EDGE('',*,*,#2289,.F.);
#835=ORIENTED_EDGE('',*,*,#2290,.T.);
#836=ORIENTED_EDGE('',*,*,#2291,.T.);
#837=ORIENTED_EDGE('',*,*,#2292,.F.);
#838=ORIENTED_EDGE('',*,*,#2293,.F.);
#839=ORIENTED_EDGE('',*,*,#2294,.T.);
#840=ORIENTED_EDGE('',*,*,#2295,.T.);
#841=ORIENTED_EDGE('',*,*,#2296,.F.);
#842=ORIENTED_EDGE('',*,*,#2297,.F.);
#843=ORIENTED_EDGE('',*,*,#2298,.T.);
#844=ORIENTED_EDGE('',*,*,#2299,.T.);
#845=ORIENTED_EDGE('',*,*,#2300,.F.);
#846=ORIENTED_EDGE('',*,*,#2301,.F.);
#847=ORIENTED_EDGE('',*,*,#2302,.T.);
#848=ORIENTED_EDGE('',*,*,#2303,.F.);
#849=ORIENTED_EDGE('',*,*,#2304,.F.);
#850=ORIENTED_EDGE('',*,*,#2305,.T.);
#851=ORIENTED_EDGE('',*,*,#2306,.T.);
#852=ORIENTED_EDGE('',*,*,#2307,.F.);
#853=ORIENTED_EDGE('',*,*,#2308,.F.);
#854=ORIENTED_EDGE('',*,*,#2309,.T.);
#855=ORIENTED_EDGE('',*,*,#2310,.T.);
#856=ORIENTED_EDGE('',*,*,#2311,.F.);
#857=ORIENTED_EDGE('',*,*,#2312,.F.);
#858=ORIENTED_EDGE('',*,*,#2313,.T.);
#859=ORIENTED_EDGE('',*,*,#2314,.T.);
#860=ORIENTED_EDGE('',*,*,#2315,.F.);
#861=ORIENTED_EDGE('',*,*,#2316,.F.);
#862=ORIENTED_EDGE('',*,*,#2317,.T.);
#863=ORIENTED_EDGE('',*,*,#2318,.T.);
#864=ORIENTED_EDGE('',*,*,#2319,.F.);
#865=ORIENTED_EDGE('',*,*,#2320,.F.);
#866=ORIENTED_EDGE('',*,*,#2321,.T.);
#867=ORIENTED_EDGE('',*,*,#2322,.T.);
#868=ORIENTED_EDGE('',*,*,#2323,.F.);
#869=ORIENTED_EDGE('',*,*,#2324,.F.);
#870=ORIENTED_EDGE('',*,*,#2325,.T.);
#871=ORIENTED_EDGE('',*,*,#2326,.T.);
#872=ORIENTED_EDGE('',*,*,#2327,.F.);
#873=ORIENTED_EDGE('',*,*,#2328,.F.);
#874=ORIENTED_EDGE('',*,*,#2329,.T.);
#875=ORIENTED_EDGE('',*,*,#2330,.T.);
#876=ORIENTED_EDGE('',*,*,#2331,.F.);
#877=ORIENTED_EDGE('',*,*,#2332,.T.);
#878=ORIENTED_EDGE('',*,*,#2072,.T.);
#879=ORIENTED_EDGE('',*,*,#2333,.T.);
#880=ORIENTED_EDGE('',*,*,#2293,.T.);
#881=ORIENTED_EDGE('',*,*,#2334,.T.);
#882=ORIENTED_EDGE('',*,*,#2317,.F.);
#883=ORIENTED_EDGE('',*,*,#2335,.F.);
#884=ORIENTED_EDGE('',*,*,#2301,.T.);
#885=ORIENTED_EDGE('',*,*,#2336,.T.);
#886=ORIENTED_EDGE('',*,*,#2309,.F.);
#887=ORIENTED_EDGE('',*,*,#2337,.F.);
#888=ORIENTED_EDGE('',*,*,#2281,.T.);
#889=ORIENTED_EDGE('',*,*,#2338,.T.);
#890=ORIENTED_EDGE('',*,*,#2329,.F.);
#891=ORIENTED_EDGE('',*,*,#2339,.F.);
#892=ORIENTED_EDGE('',*,*,#2340,.F.);
#893=ORIENTED_EDGE('',*,*,#2297,.T.);
#894=ORIENTED_EDGE('',*,*,#2341,.T.);
#895=ORIENTED_EDGE('',*,*,#2313,.F.);
#896=ORIENTED_EDGE('',*,*,#2342,.F.);
#897=ORIENTED_EDGE('',*,*,#2289,.T.);
#898=ORIENTED_EDGE('',*,*,#2343,.T.);
#899=ORIENTED_EDGE('',*,*,#2321,.F.);
#900=ORIENTED_EDGE('',*,*,#2344,.F.);
#901=ORIENTED_EDGE('',*,*,#2285,.T.);
#902=ORIENTED_EDGE('',*,*,#2345,.T.);
#903=ORIENTED_EDGE('',*,*,#2325,.F.);
#904=ORIENTED_EDGE('',*,*,#2346,.T.);
#905=ORIENTED_EDGE('',*,*,#2347,.T.);
#906=ORIENTED_EDGE('',*,*,#2274,.F.);
#907=ORIENTED_EDGE('',*,*,#2348,.T.);
#908=ORIENTED_EDGE('',*,*,#2307,.T.);
#909=ORIENTED_EDGE('',*,*,#2349,.T.);
#910=ORIENTED_EDGE('',*,*,#2350,.T.);
#911=ORIENTED_EDGE('',*,*,#2351,.T.);
#912=ORIENTED_EDGE('',*,*,#2352,.T.);
#913=ORIENTED_EDGE('',*,*,#2353,.T.);
#914=ORIENTED_EDGE('',*,*,#2207,.F.);
#915=ORIENTED_EDGE('',*,*,#2354,.T.);
#916=ORIENTED_EDGE('',*,*,#2355,.F.);
#917=ORIENTED_EDGE('',*,*,#2356,.T.);
#918=ORIENTED_EDGE('',*,*,#2124,.T.);
#919=ORIENTED_EDGE('',*,*,#2357,.T.);
#920=ORIENTED_EDGE('',*,*,#2358,.T.);
#921=ORIENTED_EDGE('',*,*,#2359,.F.);
#922=ORIENTED_EDGE('',*,*,#2348,.F.);
#923=ORIENTED_EDGE('',*,*,#2302,.F.);
#924=ORIENTED_EDGE('',*,*,#2337,.T.);
#925=ORIENTED_EDGE('',*,*,#2308,.T.);
#926=ORIENTED_EDGE('',*,*,#2360,.F.);
#927=ORIENTED_EDGE('',*,*,#2278,.T.);
#928=ORIENTED_EDGE('',*,*,#2073,.T.);
#929=ORIENTED_EDGE('',*,*,#2332,.F.);
#930=ORIENTED_EDGE('',*,*,#2361,.T.);
#931=ORIENTED_EDGE('',*,*,#2362,.T.);
#932=ORIENTED_EDGE('',*,*,#2305,.F.);
#933=ORIENTED_EDGE('',*,*,#2363,.T.);
#934=ORIENTED_EDGE('',*,*,#2276,.F.);
#935=ORIENTED_EDGE('',*,*,#2364,.T.);
#936=ORIENTED_EDGE('',*,*,#2365,.T.);
#937=ORIENTED_EDGE('',*,*,#2366,.T.);
#938=ORIENTED_EDGE('',*,*,#2367,.F.);
#939=ORIENTED_EDGE('',*,*,#2368,.T.);
#940=ORIENTED_EDGE('',*,*,#2369,.T.);
#941=ORIENTED_EDGE('',*,*,#2283,.F.);
#942=ORIENTED_EDGE('',*,*,#2369,.F.);
#943=ORIENTED_EDGE('',*,*,#2370,.T.);
#944=ORIENTED_EDGE('',*,*,#2371,.T.);
#945=ORIENTED_EDGE('',*,*,#2372,.T.);
#946=ORIENTED_EDGE('',*,*,#2373,.F.);
#947=ORIENTED_EDGE('',*,*,#2326,.F.);
#948=ORIENTED_EDGE('',*,*,#2345,.F.);
#949=ORIENTED_EDGE('',*,*,#2284,.T.);
#950=ORIENTED_EDGE('',*,*,#2374,.F.);
#951=ORIENTED_EDGE('',*,*,#2375,.T.);
#952=ORIENTED_EDGE('',*,*,#2367,.T.);
#953=ORIENTED_EDGE('',*,*,#2282,.F.);
#954=ORIENTED_EDGE('',*,*,#2339,.T.);
#955=ORIENTED_EDGE('',*,*,#2328,.T.);
#956=ORIENTED_EDGE('',*,*,#2376,.T.);
#957=ORIENTED_EDGE('',*,*,#2377,.T.);
#958=ORIENTED_EDGE('',*,*,#2374,.T.);
#959=ORIENTED_EDGE('',*,*,#2378,.T.);
#960=ORIENTED_EDGE('',*,*,#2379,.T.);
#961=ORIENTED_EDGE('',*,*,#2380,.T.);
#962=ORIENTED_EDGE('',*,*,#2373,.T.);
#963=ORIENTED_EDGE('',*,*,#2381,.T.);
#964=ORIENTED_EDGE('',*,*,#2376,.F.);
#965=ORIENTED_EDGE('',*,*,#2327,.T.);
#966=ORIENTED_EDGE('',*,*,#2382,.F.);
#967=ORIENTED_EDGE('',*,*,#2383,.T.);
#968=ORIENTED_EDGE('',*,*,#2384,.T.);
#969=ORIENTED_EDGE('',*,*,#2287,.F.);
#970=ORIENTED_EDGE('',*,*,#2384,.F.);
#971=ORIENTED_EDGE('',*,*,#2385,.T.);
#972=ORIENTED_EDGE('',*,*,#2386,.T.);
#973=ORIENTED_EDGE('',*,*,#2387,.T.);
#974=ORIENTED_EDGE('',*,*,#2388,.F.);
#975=ORIENTED_EDGE('',*,*,#2322,.F.);
#976=ORIENTED_EDGE('',*,*,#2343,.F.);
#977=ORIENTED_EDGE('',*,*,#2288,.T.);
#978=ORIENTED_EDGE('',*,*,#2389,.F.);
#979=ORIENTED_EDGE('',*,*,#2390,.T.);
#980=ORIENTED_EDGE('',*,*,#2382,.T.);
#981=ORIENTED_EDGE('',*,*,#2286,.F.);
#982=ORIENTED_EDGE('',*,*,#2344,.T.);
#983=ORIENTED_EDGE('',*,*,#2324,.T.);
#984=ORIENTED_EDGE('',*,*,#2391,.T.);
#985=ORIENTED_EDGE('',*,*,#2392,.T.);
#986=ORIENTED_EDGE('',*,*,#2389,.T.);
#987=ORIENTED_EDGE('',*,*,#2393,.T.);
#988=ORIENTED_EDGE('',*,*,#2394,.T.);
#989=ORIENTED_EDGE('',*,*,#2395,.T.);
#990=ORIENTED_EDGE('',*,*,#2388,.T.);
#991=ORIENTED_EDGE('',*,*,#2396,.T.);
#992=ORIENTED_EDGE('',*,*,#2391,.F.);
#993=ORIENTED_EDGE('',*,*,#2323,.T.);
#994=ORIENTED_EDGE('',*,*,#2397,.F.);
#995=ORIENTED_EDGE('',*,*,#2398,.T.);
#996=ORIENTED_EDGE('',*,*,#2399,.T.);
#997=ORIENTED_EDGE('',*,*,#2295,.F.);
#998=ORIENTED_EDGE('',*,*,#2399,.F.);
#999=ORIENTED_EDGE('',*,*,#2400,.T.);
#1000=ORIENTED_EDGE('',*,*,#2401,.T.);
#1001=ORIENTED_EDGE('',*,*,#2402,.T.);
#1002=ORIENTED_EDGE('',*,*,#2403,.F.);
#1003=ORIENTED_EDGE('',*,*,#2314,.F.);
#1004=ORIENTED_EDGE('',*,*,#2341,.F.);
#1005=ORIENTED_EDGE('',*,*,#2296,.T.);
#1006=ORIENTED_EDGE('',*,*,#2404,.F.);
#1007=ORIENTED_EDGE('',*,*,#2405,.T.);
#1008=ORIENTED_EDGE('',*,*,#2397,.T.);
#1009=ORIENTED_EDGE('',*,*,#2294,.F.);
#1010=ORIENTED_EDGE('',*,*,#2335,.T.);
#1011=ORIENTED_EDGE('',*,*,#2316,.T.);
#1012=ORIENTED_EDGE('',*,*,#2406,.T.);
#1013=ORIENTED_EDGE('',*,*,#2407,.T.);
#1014=ORIENTED_EDGE('',*,*,#2404,.T.);
#1015=ORIENTED_EDGE('',*,*,#2408,.T.);
#1016=ORIENTED_EDGE('',*,*,#2409,.T.);
#1017=ORIENTED_EDGE('',*,*,#2410,.T.);
#1018=ORIENTED_EDGE('',*,*,#2403,.T.);
#1019=ORIENTED_EDGE('',*,*,#2411,.T.);
#1020=ORIENTED_EDGE('',*,*,#2406,.F.);
#1021=ORIENTED_EDGE('',*,*,#2315,.T.);
#1022=ORIENTED_EDGE('',*,*,#2412,.T.);
#1023=ORIENTED_EDGE('',*,*,#2413,.T.);
#1024=ORIENTED_EDGE('',*,*,#2414,.F.);
#1025=ORIENTED_EDGE('',*,*,#2330,.F.);
#1026=ORIENTED_EDGE('',*,*,#2338,.F.);
#1027=ORIENTED_EDGE('',*,*,#2280,.T.);
#1028=ORIENTED_EDGE('',*,*,#2415,.F.);
#1029=ORIENTED_EDGE('',*,*,#2416,.T.);
#1030=ORIENTED_EDGE('',*,*,#2414,.T.);
#1031=ORIENTED_EDGE('',*,*,#2417,.T.);
#1032=ORIENTED_EDGE('',*,*,#2418,.T.);
#1033=ORIENTED_EDGE('',*,*,#2419,.T.);
#1034=ORIENTED_EDGE('',*,*,#2415,.T.);
#1035=ORIENTED_EDGE('',*,*,#2279,.F.);
#1036=ORIENTED_EDGE('',*,*,#2360,.T.);
#1037=ORIENTED_EDGE('',*,*,#2331,.T.);
#1038=ORIENTED_EDGE('',*,*,#2412,.F.);
#1039=ORIENTED_EDGE('',*,*,#2420,.T.);
#1040=ORIENTED_EDGE('',*,*,#2421,.T.);
#1041=ORIENTED_EDGE('',*,*,#2422,.T.);
#1042=ORIENTED_EDGE('',*,*,#2421,.F.);
#1043=ORIENTED_EDGE('',*,*,#2423,.T.);
#1044=ORIENTED_EDGE('',*,*,#2424,.T.);
#1045=ORIENTED_EDGE('',*,*,#2425,.T.);
#1046=ORIENTED_EDGE('',*,*,#2426,.F.);
#1047=ORIENTED_EDGE('',*,*,#2427,.T.);
#1048=ORIENTED_EDGE('',*,*,#2428,.T.);
#1049=ORIENTED_EDGE('',*,*,#2299,.F.);
#1050=ORIENTED_EDGE('',*,*,#2428,.F.);
#1051=ORIENTED_EDGE('',*,*,#2429,.T.);
#1052=ORIENTED_EDGE('',*,*,#2430,.T.);
#1053=ORIENTED_EDGE('',*,*,#2431,.T.);
#1054=ORIENTED_EDGE('',*,*,#2432,.F.);
#1055=ORIENTED_EDGE('',*,*,#2310,.F.);
#1056=ORIENTED_EDGE('',*,*,#2336,.F.);
#1057=ORIENTED_EDGE('',*,*,#2300,.T.);
#1058=ORIENTED_EDGE('',*,*,#2433,.F.);
#1059=ORIENTED_EDGE('',*,*,#2434,.T.);
#1060=ORIENTED_EDGE('',*,*,#2426,.T.);
#1061=ORIENTED_EDGE('',*,*,#2298,.F.);
#1062=ORIENTED_EDGE('',*,*,#2340,.T.);
#1063=ORIENTED_EDGE('',*,*,#2312,.T.);
#1064=ORIENTED_EDGE('',*,*,#2435,.T.);
#1065=ORIENTED_EDGE('',*,*,#2436,.T.);
#1066=ORIENTED_EDGE('',*,*,#2437,.T.);
#1067=ORIENTED_EDGE('',*,*,#2438,.T.);
#1068=ORIENTED_EDGE('',*,*,#2433,.T.);
#1069=ORIENTED_EDGE('',*,*,#2439,.T.);
#1070=ORIENTED_EDGE('',*,*,#2432,.T.);
#1071=ORIENTED_EDGE('',*,*,#2440,.T.);
#1072=ORIENTED_EDGE('',*,*,#2435,.F.);
#1073=ORIENTED_EDGE('',*,*,#2311,.T.);
#1074=ORIENTED_EDGE('',*,*,#2441,.F.);
#1075=ORIENTED_EDGE('',*,*,#2442,.T.);
#1076=ORIENTED_EDGE('',*,*,#2443,.T.);
#1077=ORIENTED_EDGE('',*,*,#2291,.F.);
#1078=ORIENTED_EDGE('',*,*,#2443,.F.);
#1079=ORIENTED_EDGE('',*,*,#2444,.T.);
#1080=ORIENTED_EDGE('',*,*,#2445,.T.);
#1081=ORIENTED_EDGE('',*,*,#2446,.T.);
#1082=ORIENTED_EDGE('',*,*,#2447,.F.);
#1083=ORIENTED_EDGE('',*,*,#2318,.F.);
#1084=ORIENTED_EDGE('',*,*,#2334,.F.);
#1085=ORIENTED_EDGE('',*,*,#2292,.T.);
#1086=ORIENTED_EDGE('',*,*,#2448,.F.);
#1087=ORIENTED_EDGE('',*,*,#2449,.T.);
#1088=ORIENTED_EDGE('',*,*,#2441,.T.);
#1089=ORIENTED_EDGE('',*,*,#2290,.F.);
#1090=ORIENTED_EDGE('',*,*,#2342,.T.);
#1091=ORIENTED_EDGE('',*,*,#2320,.T.);
#1092=ORIENTED_EDGE('',*,*,#2450,.T.);
#1093=ORIENTED_EDGE('',*,*,#2451,.T.);
#1094=ORIENTED_EDGE('',*,*,#2448,.T.);
#1095=ORIENTED_EDGE('',*,*,#2452,.T.);
#1096=ORIENTED_EDGE('',*,*,#2453,.T.);
#1097=ORIENTED_EDGE('',*,*,#2454,.T.);
#1098=ORIENTED_EDGE('',*,*,#2447,.T.);
#1099=ORIENTED_EDGE('',*,*,#2455,.T.);
#1100=ORIENTED_EDGE('',*,*,#2450,.F.);
#1101=ORIENTED_EDGE('',*,*,#2319,.T.);
#1102=ORIENTED_EDGE('',*,*,#2456,.T.);
#1103=ORIENTED_EDGE('',*,*,#2457,.T.);
#1104=ORIENTED_EDGE('',*,*,#2458,.T.);
#1105=ORIENTED_EDGE('',*,*,#2459,.T.);
#1106=ORIENTED_EDGE('',*,*,#2460,.T.);
#1107=ORIENTED_EDGE('',*,*,#2461,.T.);
#1108=ORIENTED_EDGE('',*,*,#2462,.T.);
#1109=ORIENTED_EDGE('',*,*,#2463,.T.);
#1110=ORIENTED_EDGE('',*,*,#2458,.F.);
#1111=ORIENTED_EDGE('',*,*,#2464,.T.);
#1112=ORIENTED_EDGE('',*,*,#2465,.T.);
#1113=ORIENTED_EDGE('',*,*,#2466,.T.);
#1114=ORIENTED_EDGE('',*,*,#2465,.F.);
#1115=ORIENTED_EDGE('',*,*,#2467,.T.);
#1116=ORIENTED_EDGE('',*,*,#2468,.T.);
#1117=ORIENTED_EDGE('',*,*,#2469,.T.);
#1118=ORIENTED_EDGE('',*,*,#2470,.T.);
#1119=ORIENTED_EDGE('',*,*,#2471,.T.);
#1120=ORIENTED_EDGE('',*,*,#2472,.T.);
#1121=ORIENTED_EDGE('',*,*,#2473,.T.);
#1122=ORIENTED_EDGE('',*,*,#2472,.F.);
#1123=ORIENTED_EDGE('',*,*,#2474,.T.);
#1124=ORIENTED_EDGE('',*,*,#2475,.T.);
#1125=ORIENTED_EDGE('',*,*,#2476,.T.);
#1126=ORIENTED_EDGE('',*,*,#2475,.F.);
#1127=ORIENTED_EDGE('',*,*,#2477,.T.);
#1128=ORIENTED_EDGE('',*,*,#2478,.T.);
#1129=ORIENTED_EDGE('',*,*,#2479,.T.);
#1130=ORIENTED_EDGE('',*,*,#2480,.T.);
#1131=ORIENTED_EDGE('',*,*,#2481,.T.);
#1132=ORIENTED_EDGE('',*,*,#2482,.T.);
#1133=ORIENTED_EDGE('',*,*,#2483,.T.);
#1134=ORIENTED_EDGE('',*,*,#2484,.T.);
#1135=ORIENTED_EDGE('',*,*,#2485,.T.);
#1136=ORIENTED_EDGE('',*,*,#2486,.T.);
#1137=ORIENTED_EDGE('',*,*,#2487,.T.);
#1138=ORIENTED_EDGE('',*,*,#2480,.F.);
#1139=ORIENTED_EDGE('',*,*,#2488,.T.);
#1140=ORIENTED_EDGE('',*,*,#2489,.T.);
#1141=ORIENTED_EDGE('',*,*,#2490,.T.);
#1142=ORIENTED_EDGE('',*,*,#2491,.T.);
#1143=ORIENTED_EDGE('',*,*,#2492,.T.);
#1144=ORIENTED_EDGE('',*,*,#2489,.F.);
#1145=ORIENTED_EDGE('',*,*,#2493,.T.);
#1146=ORIENTED_EDGE('',*,*,#2494,.T.);
#1147=ORIENTED_EDGE('',*,*,#2495,.T.);
#1148=ORIENTED_EDGE('',*,*,#2496,.T.);
#1149=ORIENTED_EDGE('',*,*,#2497,.T.);
#1150=ORIENTED_EDGE('',*,*,#2498,.T.);
#1151=ORIENTED_EDGE('',*,*,#2499,.T.);
#1152=ORIENTED_EDGE('',*,*,#2500,.T.);
#1153=ORIENTED_EDGE('',*,*,#2501,.T.);
#1154=ORIENTED_EDGE('',*,*,#2494,.F.);
#1155=ORIENTED_EDGE('',*,*,#2502,.T.);
#1156=ORIENTED_EDGE('',*,*,#2503,.T.);
#1157=ORIENTED_EDGE('',*,*,#2504,.T.);
#1158=ORIENTED_EDGE('',*,*,#2505,.T.);
#1159=ORIENTED_EDGE('',*,*,#2506,.T.);
#1160=ORIENTED_EDGE('',*,*,#2503,.F.);
#1161=ORIENTED_EDGE('',*,*,#2507,.T.);
#1162=ORIENTED_EDGE('',*,*,#2508,.T.);
#1163=ORIENTED_EDGE('',*,*,#2509,.T.);
#1164=ORIENTED_EDGE('',*,*,#2510,.T.);
#1165=ORIENTED_EDGE('',*,*,#2511,.T.);
#1166=ORIENTED_EDGE('',*,*,#2512,.T.);
#1167=ORIENTED_EDGE('',*,*,#2513,.T.);
#1168=ORIENTED_EDGE('',*,*,#2514,.T.);
#1169=ORIENTED_EDGE('',*,*,#2515,.T.);
#1170=ORIENTED_EDGE('',*,*,#2508,.F.);
#1171=ORIENTED_EDGE('',*,*,#2516,.T.);
#1172=ORIENTED_EDGE('',*,*,#2517,.T.);
#1173=ORIENTED_EDGE('',*,*,#2518,.T.);
#1174=ORIENTED_EDGE('',*,*,#2519,.T.);
#1175=ORIENTED_EDGE('',*,*,#2520,.T.);
#1176=ORIENTED_EDGE('',*,*,#2517,.F.);
#1177=ORIENTED_EDGE('',*,*,#2521,.T.);
#1178=ORIENTED_EDGE('',*,*,#2522,.F.);
#1179=ORIENTED_EDGE('',*,*,#2081,.F.);
#1180=ORIENTED_EDGE('',*,*,#2523,.F.);
#1181=ORIENTED_EDGE('',*,*,#2476,.F.);
#1182=ORIENTED_EDGE('',*,*,#2076,.T.);
#1183=ORIENTED_EDGE('',*,*,#2522,.T.);
#1184=ORIENTED_EDGE('',*,*,#2524,.F.);
#1185=ORIENTED_EDGE('',*,*,#2523,.T.);
#1186=ORIENTED_EDGE('',*,*,#2080,.T.);
#1187=ORIENTED_EDGE('',*,*,#2525,.F.);
#1188=ORIENTED_EDGE('',*,*,#2524,.T.);
#1189=ORIENTED_EDGE('',*,*,#2479,.F.);
#1190=ORIENTED_EDGE('',*,*,#2526,.F.);
#1191=ORIENTED_EDGE('',*,*,#2077,.F.);
#1192=ORIENTED_EDGE('',*,*,#2525,.T.);
#1193=ORIENTED_EDGE('',*,*,#2079,.F.);
#1194=ORIENTED_EDGE('',*,*,#2527,.F.);
#1195=ORIENTED_EDGE('',*,*,#2473,.F.);
#1196=ORIENTED_EDGE('',*,*,#2078,.T.);
#1197=ORIENTED_EDGE('',*,*,#2526,.T.);
#1198=ORIENTED_EDGE('',*,*,#2528,.F.);
#1199=ORIENTED_EDGE('',*,*,#2527,.T.);
#1200=ORIENTED_EDGE('',*,*,#2529,.F.);
#1201=ORIENTED_EDGE('',*,*,#2470,.F.);
#1202=ORIENTED_EDGE('',*,*,#2528,.T.);
#1203=ORIENTED_EDGE('',*,*,#2478,.F.);
#1204=ORIENTED_EDGE('',*,*,#2530,.F.);
#1205=ORIENTED_EDGE('',*,*,#2270,.T.);
#1206=ORIENTED_EDGE('',*,*,#2531,.F.);
#1207=ORIENTED_EDGE('',*,*,#2529,.T.);
#1208=ORIENTED_EDGE('',*,*,#2531,.T.);
#1209=ORIENTED_EDGE('',*,*,#2269,.F.);
#1210=ORIENTED_EDGE('',*,*,#2532,.F.);
#1211=ORIENTED_EDGE('',*,*,#2471,.F.);
#1212=ORIENTED_EDGE('',*,*,#2530,.T.);
#1213=ORIENTED_EDGE('',*,*,#2477,.F.);
#1214=ORIENTED_EDGE('',*,*,#2533,.F.);
#1215=ORIENTED_EDGE('',*,*,#2271,.F.);
#1216=ORIENTED_EDGE('',*,*,#2532,.T.);
#1217=ORIENTED_EDGE('',*,*,#2268,.T.);
#1218=ORIENTED_EDGE('',*,*,#2534,.F.);
#1219=ORIENTED_EDGE('',*,*,#2266,.T.);
#1220=ORIENTED_EDGE('',*,*,#2533,.T.);
#1221=ORIENTED_EDGE('',*,*,#2535,.F.);
#1222=ORIENTED_EDGE('',*,*,#2534,.T.);
#1223=ORIENTED_EDGE('',*,*,#2267,.F.);
#1224=ORIENTED_EDGE('',*,*,#2535,.T.);
#1225=ORIENTED_EDGE('',*,*,#2474,.F.);
#1226=ORIENTED_EDGE('',*,*,#2536,.F.);
#1227=ORIENTED_EDGE('',*,*,#2537,.F.);
#1228=ORIENTED_EDGE('',*,*,#2165,.T.);
#1229=ORIENTED_EDGE('',*,*,#2537,.T.);
#1230=ORIENTED_EDGE('',*,*,#2469,.F.);
#1231=ORIENTED_EDGE('',*,*,#2538,.F.);
#1232=ORIENTED_EDGE('',*,*,#2166,.F.);
#1233=ORIENTED_EDGE('',*,*,#2536,.T.);
#1234=ORIENTED_EDGE('',*,*,#2172,.F.);
#1235=ORIENTED_EDGE('',*,*,#2539,.F.);
#1236=ORIENTED_EDGE('',*,*,#2466,.F.);
#1237=ORIENTED_EDGE('',*,*,#2167,.T.);
#1238=ORIENTED_EDGE('',*,*,#2538,.T.);
#1239=ORIENTED_EDGE('',*,*,#2540,.F.);
#1240=ORIENTED_EDGE('',*,*,#2541,.F.);
#1241=ORIENTED_EDGE('',*,*,#2539,.T.);
#1242=ORIENTED_EDGE('',*,*,#2171,.T.);
#1243=ORIENTED_EDGE('',*,*,#2542,.F.);
#1244=ORIENTED_EDGE('',*,*,#2543,.F.);
#1245=ORIENTED_EDGE('',*,*,#2467,.F.);
#1246=ORIENTED_EDGE('',*,*,#2544,.F.);
#1247=ORIENTED_EDGE('',*,*,#2263,.F.);
#1248=ORIENTED_EDGE('',*,*,#2540,.T.);
#1249=ORIENTED_EDGE('',*,*,#2468,.F.);
#1250=ORIENTED_EDGE('',*,*,#2545,.F.);
#1251=ORIENTED_EDGE('',*,*,#2460,.F.);
#1252=ORIENTED_EDGE('',*,*,#2541,.T.);
#1253=ORIENTED_EDGE('',*,*,#2463,.F.);
#1254=ORIENTED_EDGE('',*,*,#2546,.F.);
#1255=ORIENTED_EDGE('',*,*,#2168,.F.);
#1256=ORIENTED_EDGE('',*,*,#2542,.T.);
#1257=ORIENTED_EDGE('',*,*,#2170,.F.);
#1258=ORIENTED_EDGE('',*,*,#2547,.F.);
#1259=ORIENTED_EDGE('',*,*,#2459,.F.);
#1260=ORIENTED_EDGE('',*,*,#2264,.T.);
#1261=ORIENTED_EDGE('',*,*,#2544,.T.);
#1262=ORIENTED_EDGE('',*,*,#2548,.F.);
#1263=ORIENTED_EDGE('',*,*,#2543,.T.);
#1264=ORIENTED_EDGE('',*,*,#2262,.T.);
#1265=ORIENTED_EDGE('',*,*,#2549,.F.);
#1266=ORIENTED_EDGE('',*,*,#2545,.T.);
#1267=ORIENTED_EDGE('',*,*,#2169,.T.);
#1268=ORIENTED_EDGE('',*,*,#2546,.T.);
#1269=ORIENTED_EDGE('',*,*,#2550,.F.);
#1270=ORIENTED_EDGE('',*,*,#2547,.T.);
#1271=ORIENTED_EDGE('',*,*,#2548,.T.);
#1272=ORIENTED_EDGE('',*,*,#2464,.F.);
#1273=ORIENTED_EDGE('',*,*,#2551,.F.);
#1274=ORIENTED_EDGE('',*,*,#2265,.F.);
#1275=ORIENTED_EDGE('',*,*,#2549,.T.);
#1276=ORIENTED_EDGE('',*,*,#2261,.F.);
#1277=ORIENTED_EDGE('',*,*,#2552,.F.);
#1278=ORIENTED_EDGE('',*,*,#2461,.F.);
#1279=ORIENTED_EDGE('',*,*,#2550,.T.);
#1280=ORIENTED_EDGE('',*,*,#2462,.F.);
#1281=ORIENTED_EDGE('',*,*,#2553,.F.);
#1282=ORIENTED_EDGE('',*,*,#2456,.F.);
#1283=ORIENTED_EDGE('',*,*,#2258,.T.);
#1284=ORIENTED_EDGE('',*,*,#2551,.T.);
#1285=ORIENTED_EDGE('',*,*,#2554,.F.);
#1286=ORIENTED_EDGE('',*,*,#2552,.T.);
#1287=ORIENTED_EDGE('',*,*,#2260,.T.);
#1288=ORIENTED_EDGE('',*,*,#2555,.F.);
#1289=ORIENTED_EDGE('',*,*,#2553,.T.);
#1290=ORIENTED_EDGE('',*,*,#2554,.T.);
#1291=ORIENTED_EDGE('',*,*,#2457,.F.);
#1292=ORIENTED_EDGE('',*,*,#2555,.T.);
#1293=ORIENTED_EDGE('',*,*,#2259,.F.);
#1294=ORIENTED_EDGE('',*,*,#2556,.F.);
#1295=ORIENTED_EDGE('',*,*,#2557,.F.);
#1296=ORIENTED_EDGE('',*,*,#2139,.T.);
#1297=ORIENTED_EDGE('',*,*,#2557,.T.);
#1298=ORIENTED_EDGE('',*,*,#2411,.F.);
#1299=ORIENTED_EDGE('',*,*,#2558,.F.);
#1300=ORIENTED_EDGE('',*,*,#2140,.F.);
#1301=ORIENTED_EDGE('',*,*,#2556,.T.);
#1302=ORIENTED_EDGE('',*,*,#2138,.F.);
#1303=ORIENTED_EDGE('',*,*,#2559,.F.);
#1304=ORIENTED_EDGE('',*,*,#2407,.F.);
#1305=ORIENTED_EDGE('',*,*,#2133,.T.);
#1306=ORIENTED_EDGE('',*,*,#2558,.T.);
#1307=ORIENTED_EDGE('',*,*,#2560,.F.);
#1308=ORIENTED_EDGE('',*,*,#2559,.T.);
#1309=ORIENTED_EDGE('',*,*,#2137,.T.);
#1310=ORIENTED_EDGE('',*,*,#2561,.F.);
#1311=ORIENTED_EDGE('',*,*,#2560,.T.);
#1312=ORIENTED_EDGE('',*,*,#2402,.F.);
#1313=ORIENTED_EDGE('',*,*,#2562,.F.);
#1314=ORIENTED_EDGE('',*,*,#2134,.F.);
#1315=ORIENTED_EDGE('',*,*,#2561,.T.);
#1316=ORIENTED_EDGE('',*,*,#2136,.F.);
#1317=ORIENTED_EDGE('',*,*,#2563,.F.);
#1318=ORIENTED_EDGE('',*,*,#2408,.F.);
#1319=ORIENTED_EDGE('',*,*,#2564,.F.);
#1320=ORIENTED_EDGE('',*,*,#2223,.F.);
#1321=ORIENTED_EDGE('',*,*,#2565,.F.);
#1322=ORIENTED_EDGE('',*,*,#2405,.F.);
#1323=ORIENTED_EDGE('',*,*,#2565,.T.);
#1324=ORIENTED_EDGE('',*,*,#2222,.T.);
#1325=ORIENTED_EDGE('',*,*,#2566,.F.);
#1326=ORIENTED_EDGE('',*,*,#2135,.T.);
#1327=ORIENTED_EDGE('',*,*,#2562,.T.);
#1328=ORIENTED_EDGE('',*,*,#2567,.F.);
#1329=ORIENTED_EDGE('',*,*,#2563,.T.);
#1330=ORIENTED_EDGE('',*,*,#2224,.T.);
#1331=ORIENTED_EDGE('',*,*,#2564,.T.);
#1332=ORIENTED_EDGE('',*,*,#2568,.F.);
#1333=ORIENTED_EDGE('',*,*,#2566,.T.);
#1334=ORIENTED_EDGE('',*,*,#2221,.F.);
#1335=ORIENTED_EDGE('',*,*,#2569,.F.);
#1336=ORIENTED_EDGE('',*,*,#2398,.F.);
#1337=ORIENTED_EDGE('',*,*,#2567,.T.);
#1338=ORIENTED_EDGE('',*,*,#2401,.F.);
#1339=ORIENTED_EDGE('',*,*,#2570,.F.);
#1340=ORIENTED_EDGE('',*,*,#2409,.F.);
#1341=ORIENTED_EDGE('',*,*,#2568,.T.);
#1342=ORIENTED_EDGE('',*,*,#2410,.F.);
#1343=ORIENTED_EDGE('',*,*,#2571,.F.);
#1344=ORIENTED_EDGE('',*,*,#2225,.F.);
#1345=ORIENTED_EDGE('',*,*,#2569,.T.);
#1346=ORIENTED_EDGE('',*,*,#2220,.T.);
#1347=ORIENTED_EDGE('',*,*,#2572,.F.);
#1348=ORIENTED_EDGE('',*,*,#2571,.T.);
#1349=ORIENTED_EDGE('',*,*,#2570,.T.);
#1350=ORIENTED_EDGE('',*,*,#2573,.F.);
#1351=ORIENTED_EDGE('',*,*,#2218,.T.);
#1352=ORIENTED_EDGE('',*,*,#2572,.T.);
#1353=ORIENTED_EDGE('',*,*,#2219,.F.);
#1354=ORIENTED_EDGE('',*,*,#2573,.T.);
#1355=ORIENTED_EDGE('',*,*,#2400,.F.);
#1356=ORIENTED_EDGE('',*,*,#2574,.F.);
#1357=ORIENTED_EDGE('',*,*,#2575,.F.);
#1358=ORIENTED_EDGE('',*,*,#2163,.T.);
#1359=ORIENTED_EDGE('',*,*,#2575,.T.);
#1360=ORIENTED_EDGE('',*,*,#2440,.F.);
#1361=ORIENTED_EDGE('',*,*,#2576,.F.);
#1362=ORIENTED_EDGE('',*,*,#2164,.F.);
#1363=ORIENTED_EDGE('',*,*,#2574,.T.);
#1364=ORIENTED_EDGE('',*,*,#2162,.F.);
#1365=ORIENTED_EDGE('',*,*,#2577,.F.);
#1366=ORIENTED_EDGE('',*,*,#2436,.F.);
#1367=ORIENTED_EDGE('',*,*,#2157,.T.);
#1368=ORIENTED_EDGE('',*,*,#2576,.T.);
#1369=ORIENTED_EDGE('',*,*,#2578,.F.);
#1370=ORIENTED_EDGE('',*,*,#2577,.T.);
#1371=ORIENTED_EDGE('',*,*,#2161,.T.);
#1372=ORIENTED_EDGE('',*,*,#2579,.F.);
#1373=ORIENTED_EDGE('',*,*,#2578,.T.);
#1374=ORIENTED_EDGE('',*,*,#2431,.F.);
#1375=ORIENTED_EDGE('',*,*,#2580,.F.);
#1376=ORIENTED_EDGE('',*,*,#2158,.F.);
#1377=ORIENTED_EDGE('',*,*,#2579,.T.);
#1378=ORIENTED_EDGE('',*,*,#2160,.F.);
#1379=ORIENTED_EDGE('',*,*,#2581,.F.);
#1380=ORIENTED_EDGE('',*,*,#2439,.F.);
#1381=ORIENTED_EDGE('',*,*,#2159,.T.);
#1382=ORIENTED_EDGE('',*,*,#2580,.T.);
#1383=ORIENTED_EDGE('',*,*,#2582,.F.);
#1384=ORIENTED_EDGE('',*,*,#2581,.T.);
#1385=ORIENTED_EDGE('',*,*,#2582,.T.);
#1386=ORIENTED_EDGE('',*,*,#2430,.F.);
#1387=ORIENTED_EDGE('',*,*,#2583,.F.);
#1388=ORIENTED_EDGE('',*,*,#2437,.F.);
#1389=ORIENTED_EDGE('',*,*,#2584,.F.);
#1390=ORIENTED_EDGE('',*,*,#2438,.F.);
#1391=ORIENTED_EDGE('',*,*,#2585,.F.);
#1392=ORIENTED_EDGE('',*,*,#2255,.F.);
#1393=ORIENTED_EDGE('',*,*,#2585,.T.);
#1394=ORIENTED_EDGE('',*,*,#2583,.T.);
#1395=ORIENTED_EDGE('',*,*,#2586,.F.);
#1396=ORIENTED_EDGE('',*,*,#2256,.T.);
#1397=ORIENTED_EDGE('',*,*,#2584,.T.);
#1398=ORIENTED_EDGE('',*,*,#2254,.T.);
#1399=ORIENTED_EDGE('',*,*,#2587,.F.);
#1400=ORIENTED_EDGE('',*,*,#2586,.T.);
#1401=ORIENTED_EDGE('',*,*,#2429,.F.);
#1402=ORIENTED_EDGE('',*,*,#2588,.F.);
#1403=ORIENTED_EDGE('',*,*,#2257,.F.);
#1404=ORIENTED_EDGE('',*,*,#2587,.T.);
#1405=ORIENTED_EDGE('',*,*,#2253,.F.);
#1406=ORIENTED_EDGE('',*,*,#2589,.F.);
#1407=ORIENTED_EDGE('',*,*,#2434,.F.);
#1408=ORIENTED_EDGE('',*,*,#2250,.T.);
#1409=ORIENTED_EDGE('',*,*,#2588,.T.);
#1410=ORIENTED_EDGE('',*,*,#2590,.F.);
#1411=ORIENTED_EDGE('',*,*,#2589,.T.);
#1412=ORIENTED_EDGE('',*,*,#2252,.T.);
#1413=ORIENTED_EDGE('',*,*,#2591,.F.);
#1414=ORIENTED_EDGE('',*,*,#2590,.T.);
#1415=ORIENTED_EDGE('',*,*,#2427,.F.);
#1416=ORIENTED_EDGE('',*,*,#2591,.T.);
#1417=ORIENTED_EDGE('',*,*,#2251,.F.);
#1418=ORIENTED_EDGE('',*,*,#2592,.F.);
#1419=ORIENTED_EDGE('',*,*,#2593,.F.);
#1420=ORIENTED_EDGE('',*,*,#2234,.T.);
#1421=ORIENTED_EDGE('',*,*,#2593,.T.);
#1422=ORIENTED_EDGE('',*,*,#2416,.F.);
#1423=ORIENTED_EDGE('',*,*,#2594,.F.);
#1424=ORIENTED_EDGE('',*,*,#2235,.F.);
#1425=ORIENTED_EDGE('',*,*,#2592,.T.);
#1426=ORIENTED_EDGE('',*,*,#2241,.F.);
#1427=ORIENTED_EDGE('',*,*,#2595,.F.);
#1428=ORIENTED_EDGE('',*,*,#2420,.F.);
#1429=ORIENTED_EDGE('',*,*,#2236,.T.);
#1430=ORIENTED_EDGE('',*,*,#2594,.T.);
#1431=ORIENTED_EDGE('',*,*,#2596,.F.);
#1432=ORIENTED_EDGE('',*,*,#2595,.T.);
#1433=ORIENTED_EDGE('',*,*,#2240,.T.);
#1434=ORIENTED_EDGE('',*,*,#2597,.F.);
#1435=ORIENTED_EDGE('',*,*,#2596,.T.);
#1436=ORIENTED_EDGE('',*,*,#2419,.F.);
#1437=ORIENTED_EDGE('',*,*,#2598,.F.);
#1438=ORIENTED_EDGE('',*,*,#2237,.F.);
#1439=ORIENTED_EDGE('',*,*,#2597,.T.);
#1440=ORIENTED_EDGE('',*,*,#2239,.F.);
#1441=ORIENTED_EDGE('',*,*,#2599,.F.);
#1442=ORIENTED_EDGE('',*,*,#2423,.F.);
#1443=ORIENTED_EDGE('',*,*,#2600,.F.);
#1444=ORIENTED_EDGE('',*,*,#2103,.F.);
#1445=ORIENTED_EDGE('',*,*,#2601,.F.);
#1446=ORIENTED_EDGE('',*,*,#2422,.F.);
#1447=ORIENTED_EDGE('',*,*,#2601,.T.);
#1448=ORIENTED_EDGE('',*,*,#2102,.T.);
#1449=ORIENTED_EDGE('',*,*,#2602,.F.);
#1450=ORIENTED_EDGE('',*,*,#2238,.T.);
#1451=ORIENTED_EDGE('',*,*,#2598,.T.);
#1452=ORIENTED_EDGE('',*,*,#2603,.F.);
#1453=ORIENTED_EDGE('',*,*,#2599,.T.);
#1454=ORIENTED_EDGE('',*,*,#2104,.T.);
#1455=ORIENTED_EDGE('',*,*,#2600,.T.);
#1456=ORIENTED_EDGE('',*,*,#2604,.F.);
#1457=ORIENTED_EDGE('',*,*,#2602,.T.);
#1458=ORIENTED_EDGE('',*,*,#2101,.F.);
#1459=ORIENTED_EDGE('',*,*,#2605,.F.);
#1460=ORIENTED_EDGE('',*,*,#2413,.F.);
#1461=ORIENTED_EDGE('',*,*,#2603,.T.);
#1462=ORIENTED_EDGE('',*,*,#2418,.F.);
#1463=ORIENTED_EDGE('',*,*,#2606,.F.);
#1464=ORIENTED_EDGE('',*,*,#2424,.F.);
#1465=ORIENTED_EDGE('',*,*,#2604,.T.);
#1466=ORIENTED_EDGE('',*,*,#2425,.F.);
#1467=ORIENTED_EDGE('',*,*,#2607,.F.);
#1468=ORIENTED_EDGE('',*,*,#2105,.F.);
#1469=ORIENTED_EDGE('',*,*,#2605,.T.);
#1470=ORIENTED_EDGE('',*,*,#2100,.T.);
#1471=ORIENTED_EDGE('',*,*,#2608,.F.);
#1472=ORIENTED_EDGE('',*,*,#2607,.T.);
#1473=ORIENTED_EDGE('',*,*,#2606,.T.);
#1474=ORIENTED_EDGE('',*,*,#2609,.F.);
#1475=ORIENTED_EDGE('',*,*,#2098,.T.);
#1476=ORIENTED_EDGE('',*,*,#2608,.T.);
#1477=ORIENTED_EDGE('',*,*,#2099,.F.);
#1478=ORIENTED_EDGE('',*,*,#2609,.T.);
#1479=ORIENTED_EDGE('',*,*,#2417,.F.);
#1480=ORIENTED_EDGE('',*,*,#2610,.F.);
#1481=ORIENTED_EDGE('',*,*,#2611,.F.);
#1482=ORIENTED_EDGE('',*,*,#2189,.T.);
#1483=ORIENTED_EDGE('',*,*,#2611,.T.);
#1484=ORIENTED_EDGE('',*,*,#2483,.F.);
#1485=ORIENTED_EDGE('',*,*,#2612,.F.);
#1486=ORIENTED_EDGE('',*,*,#2190,.F.);
#1487=ORIENTED_EDGE('',*,*,#2610,.T.);
#1488=ORIENTED_EDGE('',*,*,#2188,.F.);
#1489=ORIENTED_EDGE('',*,*,#2613,.F.);
#1490=ORIENTED_EDGE('',*,*,#2488,.F.);
#1491=ORIENTED_EDGE('',*,*,#2183,.T.);
#1492=ORIENTED_EDGE('',*,*,#2612,.T.);
#1493=ORIENTED_EDGE('',*,*,#2614,.F.);
#1494=ORIENTED_EDGE('',*,*,#2615,.F.);
#1495=ORIENTED_EDGE('',*,*,#2613,.T.);
#1496=ORIENTED_EDGE('',*,*,#2187,.T.);
#1497=ORIENTED_EDGE('',*,*,#2616,.F.);
#1498=ORIENTED_EDGE('',*,*,#2617,.F.);
#1499=ORIENTED_EDGE('',*,*,#2481,.F.);
#1500=ORIENTED_EDGE('',*,*,#2618,.F.);
#1501=ORIENTED_EDGE('',*,*,#2097,.F.);
#1502=ORIENTED_EDGE('',*,*,#2614,.T.);
#1503=ORIENTED_EDGE('',*,*,#2482,.F.);
#1504=ORIENTED_EDGE('',*,*,#2619,.F.);
#1505=ORIENTED_EDGE('',*,*,#2486,.F.);
#1506=ORIENTED_EDGE('',*,*,#2615,.T.);
#1507=ORIENTED_EDGE('',*,*,#2485,.F.);
#1508=ORIENTED_EDGE('',*,*,#2620,.F.);
#1509=ORIENTED_EDGE('',*,*,#2184,.F.);
#1510=ORIENTED_EDGE('',*,*,#2616,.T.);
#1511=ORIENTED_EDGE('',*,*,#2186,.F.);
#1512=ORIENTED_EDGE('',*,*,#2621,.F.);
#1513=ORIENTED_EDGE('',*,*,#2493,.F.);
#1514=ORIENTED_EDGE('',*,*,#2090,.T.);
#1515=ORIENTED_EDGE('',*,*,#2618,.T.);
#1516=ORIENTED_EDGE('',*,*,#2622,.F.);
#1517=ORIENTED_EDGE('',*,*,#2617,.T.);
#1518=ORIENTED_EDGE('',*,*,#2096,.T.);
#1519=ORIENTED_EDGE('',*,*,#2623,.F.);
#1520=ORIENTED_EDGE('',*,*,#2619,.T.);
#1521=ORIENTED_EDGE('',*,*,#2185,.T.);
#1522=ORIENTED_EDGE('',*,*,#2620,.T.);
#1523=ORIENTED_EDGE('',*,*,#2624,.F.);
#1524=ORIENTED_EDGE('',*,*,#2621,.T.);
#1525=ORIENTED_EDGE('',*,*,#2622,.T.);
#1526=ORIENTED_EDGE('',*,*,#2490,.F.);
#1527=ORIENTED_EDGE('',*,*,#2625,.F.);
#1528=ORIENTED_EDGE('',*,*,#2091,.F.);
#1529=ORIENTED_EDGE('',*,*,#2623,.T.);
#1530=ORIENTED_EDGE('',*,*,#2095,.F.);
#1531=ORIENTED_EDGE('',*,*,#2626,.F.);
#1532=ORIENTED_EDGE('',*,*,#2487,.F.);
#1533=ORIENTED_EDGE('',*,*,#2624,.T.);
#1534=ORIENTED_EDGE('',*,*,#2484,.F.);
#1535=ORIENTED_EDGE('',*,*,#2627,.F.);
#1536=ORIENTED_EDGE('',*,*,#2491,.F.);
#1537=ORIENTED_EDGE('',*,*,#2092,.T.);
#1538=ORIENTED_EDGE('',*,*,#2625,.T.);
#1539=ORIENTED_EDGE('',*,*,#2628,.F.);
#1540=ORIENTED_EDGE('',*,*,#2626,.T.);
#1541=ORIENTED_EDGE('',*,*,#2094,.T.);
#1542=ORIENTED_EDGE('',*,*,#2629,.F.);
#1543=ORIENTED_EDGE('',*,*,#2627,.T.);
#1544=ORIENTED_EDGE('',*,*,#2628,.T.);
#1545=ORIENTED_EDGE('',*,*,#2492,.F.);
#1546=ORIENTED_EDGE('',*,*,#2629,.T.);
#1547=ORIENTED_EDGE('',*,*,#2093,.F.);
#1548=ORIENTED_EDGE('',*,*,#2630,.F.);
#1549=ORIENTED_EDGE('',*,*,#2631,.F.);
#1550=ORIENTED_EDGE('',*,*,#2248,.T.);
#1551=ORIENTED_EDGE('',*,*,#2631,.T.);
#1552=ORIENTED_EDGE('',*,*,#2511,.F.);
#1553=ORIENTED_EDGE('',*,*,#2632,.F.);
#1554=ORIENTED_EDGE('',*,*,#2249,.F.);
#1555=ORIENTED_EDGE('',*,*,#2630,.T.);
#1556=ORIENTED_EDGE('',*,*,#2247,.F.);
#1557=ORIENTED_EDGE('',*,*,#2633,.F.);
#1558=ORIENTED_EDGE('',*,*,#2516,.F.);
#1559=ORIENTED_EDGE('',*,*,#2242,.T.);
#1560=ORIENTED_EDGE('',*,*,#2632,.T.);
#1561=ORIENTED_EDGE('',*,*,#2634,.F.);
#1562=ORIENTED_EDGE('',*,*,#2635,.F.);
#1563=ORIENTED_EDGE('',*,*,#2633,.T.);
#1564=ORIENTED_EDGE('',*,*,#2246,.T.);
#1565=ORIENTED_EDGE('',*,*,#2636,.F.);
#1566=ORIENTED_EDGE('',*,*,#2637,.F.);
#1567=ORIENTED_EDGE('',*,*,#2509,.F.);
#1568=ORIENTED_EDGE('',*,*,#2638,.F.);
#1569=ORIENTED_EDGE('',*,*,#2156,.F.);
#1570=ORIENTED_EDGE('',*,*,#2634,.T.);
#1571=ORIENTED_EDGE('',*,*,#2510,.F.);
#1572=ORIENTED_EDGE('',*,*,#2639,.F.);
#1573=ORIENTED_EDGE('',*,*,#2514,.F.);
#1574=ORIENTED_EDGE('',*,*,#2635,.T.);
#1575=ORIENTED_EDGE('',*,*,#2513,.F.);
#1576=ORIENTED_EDGE('',*,*,#2640,.F.);
#1577=ORIENTED_EDGE('',*,*,#2243,.F.);
#1578=ORIENTED_EDGE('',*,*,#2636,.T.);
#1579=ORIENTED_EDGE('',*,*,#2245,.F.);
#1580=ORIENTED_EDGE('',*,*,#2641,.F.);
#1581=ORIENTED_EDGE('',*,*,#2521,.F.);
#1582=ORIENTED_EDGE('',*,*,#2149,.T.);
#1583=ORIENTED_EDGE('',*,*,#2638,.T.);
#1584=ORIENTED_EDGE('',*,*,#2642,.F.);
#1585=ORIENTED_EDGE('',*,*,#2637,.T.);
#1586=ORIENTED_EDGE('',*,*,#2155,.T.);
#1587=ORIENTED_EDGE('',*,*,#2643,.F.);
#1588=ORIENTED_EDGE('',*,*,#2639,.T.);
#1589=ORIENTED_EDGE('',*,*,#2244,.T.);
#1590=ORIENTED_EDGE('',*,*,#2640,.T.);
#1591=ORIENTED_EDGE('',*,*,#2644,.F.);
#1592=ORIENTED_EDGE('',*,*,#2641,.T.);
#1593=ORIENTED_EDGE('',*,*,#2642,.T.);
#1594=ORIENTED_EDGE('',*,*,#2518,.F.);
#1595=ORIENTED_EDGE('',*,*,#2645,.F.);
#1596=ORIENTED_EDGE('',*,*,#2150,.F.);
#1597=ORIENTED_EDGE('',*,*,#2643,.T.);
#1598=ORIENTED_EDGE('',*,*,#2154,.F.);
#1599=ORIENTED_EDGE('',*,*,#2646,.F.);
#1600=ORIENTED_EDGE('',*,*,#2515,.F.);
#1601=ORIENTED_EDGE('',*,*,#2644,.T.);
#1602=ORIENTED_EDGE('',*,*,#2512,.F.);
#1603=ORIENTED_EDGE('',*,*,#2647,.F.);
#1604=ORIENTED_EDGE('',*,*,#2519,.F.);
#1605=ORIENTED_EDGE('',*,*,#2151,.T.);
#1606=ORIENTED_EDGE('',*,*,#2645,.T.);
#1607=ORIENTED_EDGE('',*,*,#2648,.F.);
#1608=ORIENTED_EDGE('',*,*,#2646,.T.);
#1609=ORIENTED_EDGE('',*,*,#2153,.T.);
#1610=ORIENTED_EDGE('',*,*,#2649,.F.);
#1611=ORIENTED_EDGE('',*,*,#2647,.T.);
#1612=ORIENTED_EDGE('',*,*,#2648,.T.);
#1613=ORIENTED_EDGE('',*,*,#2520,.F.);
#1614=ORIENTED_EDGE('',*,*,#2649,.T.);
#1615=ORIENTED_EDGE('',*,*,#2152,.F.);
#1616=ORIENTED_EDGE('',*,*,#2650,.F.);
#1617=ORIENTED_EDGE('',*,*,#2651,.F.);
#1618=ORIENTED_EDGE('',*,*,#2181,.T.);
#1619=ORIENTED_EDGE('',*,*,#2651,.T.);
#1620=ORIENTED_EDGE('',*,*,#2497,.F.);
#1621=ORIENTED_EDGE('',*,*,#2652,.F.);
#1622=ORIENTED_EDGE('',*,*,#2182,.F.);
#1623=ORIENTED_EDGE('',*,*,#2650,.T.);
#1624=ORIENTED_EDGE('',*,*,#2180,.F.);
#1625=ORIENTED_EDGE('',*,*,#2653,.F.);
#1626=ORIENTED_EDGE('',*,*,#2502,.F.);
#1627=ORIENTED_EDGE('',*,*,#2175,.T.);
#1628=ORIENTED_EDGE('',*,*,#2652,.T.);
#1629=ORIENTED_EDGE('',*,*,#2654,.F.);
#1630=ORIENTED_EDGE('',*,*,#2655,.F.);
#1631=ORIENTED_EDGE('',*,*,#2653,.T.);
#1632=ORIENTED_EDGE('',*,*,#2179,.T.);
#1633=ORIENTED_EDGE('',*,*,#2656,.F.);
#1634=ORIENTED_EDGE('',*,*,#2657,.F.);
#1635=ORIENTED_EDGE('',*,*,#2495,.F.);
#1636=ORIENTED_EDGE('',*,*,#2658,.F.);
#1637=ORIENTED_EDGE('',*,*,#2089,.F.);
#1638=ORIENTED_EDGE('',*,*,#2654,.T.);
#1639=ORIENTED_EDGE('',*,*,#2496,.F.);
#1640=ORIENTED_EDGE('',*,*,#2659,.F.);
#1641=ORIENTED_EDGE('',*,*,#2500,.F.);
#1642=ORIENTED_EDGE('',*,*,#2655,.T.);
#1643=ORIENTED_EDGE('',*,*,#2499,.F.);
#1644=ORIENTED_EDGE('',*,*,#2660,.F.);
#1645=ORIENTED_EDGE('',*,*,#2176,.F.);
#1646=ORIENTED_EDGE('',*,*,#2656,.T.);
#1647=ORIENTED_EDGE('',*,*,#2178,.F.);
#1648=ORIENTED_EDGE('',*,*,#2661,.F.);
#1649=ORIENTED_EDGE('',*,*,#2507,.F.);
#1650=ORIENTED_EDGE('',*,*,#2082,.T.);
#1651=ORIENTED_EDGE('',*,*,#2658,.T.);
#1652=ORIENTED_EDGE('',*,*,#2662,.F.);
#1653=ORIENTED_EDGE('',*,*,#2657,.T.);
#1654=ORIENTED_EDGE('',*,*,#2088,.T.);
#1655=ORIENTED_EDGE('',*,*,#2663,.F.);
#1656=ORIENTED_EDGE('',*,*,#2659,.T.);
#1657=ORIENTED_EDGE('',*,*,#2177,.T.);
#1658=ORIENTED_EDGE('',*,*,#2660,.T.);
#1659=ORIENTED_EDGE('',*,*,#2664,.F.);
#1660=ORIENTED_EDGE('',*,*,#2661,.T.);
#1661=ORIENTED_EDGE('',*,*,#2662,.T.);
#1662=ORIENTED_EDGE('',*,*,#2504,.F.);
#1663=ORIENTED_EDGE('',*,*,#2665,.F.);
#1664=ORIENTED_EDGE('',*,*,#2083,.F.);
#1665=ORIENTED_EDGE('',*,*,#2663,.T.);
#1666=ORIENTED_EDGE('',*,*,#2087,.F.);
#1667=ORIENTED_EDGE('',*,*,#2666,.F.);
#1668=ORIENTED_EDGE('',*,*,#2501,.F.);
#1669=ORIENTED_EDGE('',*,*,#2664,.T.);
#1670=ORIENTED_EDGE('',*,*,#2498,.F.);
#1671=ORIENTED_EDGE('',*,*,#2667,.F.);
#1672=ORIENTED_EDGE('',*,*,#2505,.F.);
#1673=ORIENTED_EDGE('',*,*,#2084,.T.);
#1674=ORIENTED_EDGE('',*,*,#2665,.T.);
#1675=ORIENTED_EDGE('',*,*,#2668,.F.);
#1676=ORIENTED_EDGE('',*,*,#2666,.T.);
#1677=ORIENTED_EDGE('',*,*,#2086,.T.);
#1678=ORIENTED_EDGE('',*,*,#2669,.F.);
#1679=ORIENTED_EDGE('',*,*,#2667,.T.);
#1680=ORIENTED_EDGE('',*,*,#2668,.T.);
#1681=ORIENTED_EDGE('',*,*,#2506,.F.);
#1682=ORIENTED_EDGE('',*,*,#2669,.T.);
#1683=ORIENTED_EDGE('',*,*,#2085,.F.);
#1684=ORIENTED_EDGE('',*,*,#2670,.F.);
#1685=ORIENTED_EDGE('',*,*,#2671,.F.);
#1686=ORIENTED_EDGE('',*,*,#2191,.T.);
#1687=ORIENTED_EDGE('',*,*,#2671,.T.);
#1688=ORIENTED_EDGE('',*,*,#2375,.F.);
#1689=ORIENTED_EDGE('',*,*,#2672,.F.);
#1690=ORIENTED_EDGE('',*,*,#2192,.F.);
#1691=ORIENTED_EDGE('',*,*,#2670,.T.);
#1692=ORIENTED_EDGE('',*,*,#2198,.F.);
#1693=ORIENTED_EDGE('',*,*,#2673,.F.);
#1694=ORIENTED_EDGE('',*,*,#2368,.F.);
#1695=ORIENTED_EDGE('',*,*,#2193,.T.);
#1696=ORIENTED_EDGE('',*,*,#2672,.T.);
#1697=ORIENTED_EDGE('',*,*,#2674,.F.);
#1698=ORIENTED_EDGE('',*,*,#2673,.T.);
#1699=ORIENTED_EDGE('',*,*,#2197,.T.);
#1700=ORIENTED_EDGE('',*,*,#2675,.F.);
#1701=ORIENTED_EDGE('',*,*,#2674,.T.);
#1702=ORIENTED_EDGE('',*,*,#2380,.F.);
#1703=ORIENTED_EDGE('',*,*,#2676,.F.);
#1704=ORIENTED_EDGE('',*,*,#2194,.F.);
#1705=ORIENTED_EDGE('',*,*,#2675,.T.);
#1706=ORIENTED_EDGE('',*,*,#2196,.F.);
#1707=ORIENTED_EDGE('',*,*,#2677,.F.);
#1708=ORIENTED_EDGE('',*,*,#2370,.F.);
#1709=ORIENTED_EDGE('',*,*,#2195,.T.);
#1710=ORIENTED_EDGE('',*,*,#2676,.T.);
#1711=ORIENTED_EDGE('',*,*,#2678,.F.);
#1712=ORIENTED_EDGE('',*,*,#2677,.T.);
#1713=ORIENTED_EDGE('',*,*,#2678,.T.);
#1714=ORIENTED_EDGE('',*,*,#2379,.F.);
#1715=ORIENTED_EDGE('',*,*,#2679,.F.);
#1716=ORIENTED_EDGE('',*,*,#2371,.F.);
#1717=ORIENTED_EDGE('',*,*,#2680,.F.);
#1718=ORIENTED_EDGE('',*,*,#2144,.F.);
#1719=ORIENTED_EDGE('',*,*,#2681,.F.);
#1720=ORIENTED_EDGE('',*,*,#2378,.F.);
#1721=ORIENTED_EDGE('',*,*,#2681,.T.);
#1722=ORIENTED_EDGE('',*,*,#2143,.T.);
#1723=ORIENTED_EDGE('',*,*,#2682,.F.);
#1724=ORIENTED_EDGE('',*,*,#2679,.T.);
#1725=ORIENTED_EDGE('',*,*,#2145,.T.);
#1726=ORIENTED_EDGE('',*,*,#2680,.T.);
#1727=ORIENTED_EDGE('',*,*,#2683,.F.);
#1728=ORIENTED_EDGE('',*,*,#2682,.T.);
#1729=ORIENTED_EDGE('',*,*,#2142,.F.);
#1730=ORIENTED_EDGE('',*,*,#2684,.F.);
#1731=ORIENTED_EDGE('',*,*,#2372,.F.);
#1732=ORIENTED_EDGE('',*,*,#2683,.T.);
#1733=ORIENTED_EDGE('',*,*,#2377,.F.);
#1734=ORIENTED_EDGE('',*,*,#2685,.F.);
#1735=ORIENTED_EDGE('',*,*,#2146,.F.);
#1736=ORIENTED_EDGE('',*,*,#2684,.T.);
#1737=ORIENTED_EDGE('',*,*,#2141,.T.);
#1738=ORIENTED_EDGE('',*,*,#2686,.F.);
#1739=ORIENTED_EDGE('',*,*,#2147,.T.);
#1740=ORIENTED_EDGE('',*,*,#2685,.T.);
#1741=ORIENTED_EDGE('',*,*,#2687,.F.);
#1742=ORIENTED_EDGE('',*,*,#2686,.T.);
#1743=ORIENTED_EDGE('',*,*,#2148,.F.);
#1744=ORIENTED_EDGE('',*,*,#2687,.T.);
#1745=ORIENTED_EDGE('',*,*,#2381,.F.);
#1746=ORIENTED_EDGE('',*,*,#2688,.F.);
#1747=ORIENTED_EDGE('',*,*,#2689,.F.);
#1748=ORIENTED_EDGE('',*,*,#2226,.T.);
#1749=ORIENTED_EDGE('',*,*,#2689,.T.);
#1750=ORIENTED_EDGE('',*,*,#2390,.F.);
#1751=ORIENTED_EDGE('',*,*,#2690,.F.);
#1752=ORIENTED_EDGE('',*,*,#2227,.F.);
#1753=ORIENTED_EDGE('',*,*,#2688,.T.);
#1754=ORIENTED_EDGE('',*,*,#2233,.F.);
#1755=ORIENTED_EDGE('',*,*,#2691,.F.);
#1756=ORIENTED_EDGE('',*,*,#2383,.F.);
#1757=ORIENTED_EDGE('',*,*,#2228,.T.);
#1758=ORIENTED_EDGE('',*,*,#2690,.T.);
#1759=ORIENTED_EDGE('',*,*,#2692,.F.);
#1760=ORIENTED_EDGE('',*,*,#2691,.T.);
#1761=ORIENTED_EDGE('',*,*,#2232,.T.);
#1762=ORIENTED_EDGE('',*,*,#2693,.F.);
#1763=ORIENTED_EDGE('',*,*,#2692,.T.);
#1764=ORIENTED_EDGE('',*,*,#2395,.F.);
#1765=ORIENTED_EDGE('',*,*,#2694,.F.);
#1766=ORIENTED_EDGE('',*,*,#2229,.F.);
#1767=ORIENTED_EDGE('',*,*,#2693,.T.);
#1768=ORIENTED_EDGE('',*,*,#2231,.F.);
#1769=ORIENTED_EDGE('',*,*,#2695,.F.);
#1770=ORIENTED_EDGE('',*,*,#2385,.F.);
#1771=ORIENTED_EDGE('',*,*,#2230,.T.);
#1772=ORIENTED_EDGE('',*,*,#2694,.T.);
#1773=ORIENTED_EDGE('',*,*,#2696,.F.);
#1774=ORIENTED_EDGE('',*,*,#2695,.T.);
#1775=ORIENTED_EDGE('',*,*,#2696,.T.);
#1776=ORIENTED_EDGE('',*,*,#2394,.F.);
#1777=ORIENTED_EDGE('',*,*,#2697,.F.);
#1778=ORIENTED_EDGE('',*,*,#2386,.F.);
#1779=ORIENTED_EDGE('',*,*,#2698,.F.);
#1780=ORIENTED_EDGE('',*,*,#2109,.F.);
#1781=ORIENTED_EDGE('',*,*,#2699,.F.);
#1782=ORIENTED_EDGE('',*,*,#2393,.F.);
#1783=ORIENTED_EDGE('',*,*,#2699,.T.);
#1784=ORIENTED_EDGE('',*,*,#2108,.T.);
#1785=ORIENTED_EDGE('',*,*,#2700,.F.);
#1786=ORIENTED_EDGE('',*,*,#2697,.T.);
#1787=ORIENTED_EDGE('',*,*,#2110,.T.);
#1788=ORIENTED_EDGE('',*,*,#2698,.T.);
#1789=ORIENTED_EDGE('',*,*,#2701,.F.);
#1790=ORIENTED_EDGE('',*,*,#2700,.T.);
#1791=ORIENTED_EDGE('',*,*,#2107,.F.);
#1792=ORIENTED_EDGE('',*,*,#2702,.F.);
#1793=ORIENTED_EDGE('',*,*,#2387,.F.);
#1794=ORIENTED_EDGE('',*,*,#2701,.T.);
#1795=ORIENTED_EDGE('',*,*,#2392,.F.);
#1796=ORIENTED_EDGE('',*,*,#2703,.F.);
#1797=ORIENTED_EDGE('',*,*,#2111,.F.);
#1798=ORIENTED_EDGE('',*,*,#2702,.T.);
#1799=ORIENTED_EDGE('',*,*,#2106,.T.);
#1800=ORIENTED_EDGE('',*,*,#2704,.F.);
#1801=ORIENTED_EDGE('',*,*,#2112,.T.);
#1802=ORIENTED_EDGE('',*,*,#2703,.T.);
#1803=ORIENTED_EDGE('',*,*,#2705,.F.);
#1804=ORIENTED_EDGE('',*,*,#2704,.T.);
#1805=ORIENTED_EDGE('',*,*,#2113,.F.);
#1806=ORIENTED_EDGE('',*,*,#2705,.T.);
#1807=ORIENTED_EDGE('',*,*,#2396,.F.);
#1808=ORIENTED_EDGE('',*,*,#2706,.F.);
#1809=ORIENTED_EDGE('',*,*,#2707,.F.);
#1810=ORIENTED_EDGE('',*,*,#2199,.T.);
#1811=ORIENTED_EDGE('',*,*,#2707,.T.);
#1812=ORIENTED_EDGE('',*,*,#2449,.F.);
#1813=ORIENTED_EDGE('',*,*,#2708,.F.);
#1814=ORIENTED_EDGE('',*,*,#2200,.F.);
#1815=ORIENTED_EDGE('',*,*,#2706,.T.);
#1816=ORIENTED_EDGE('',*,*,#2206,.F.);
#1817=ORIENTED_EDGE('',*,*,#2709,.F.);
#1818=ORIENTED_EDGE('',*,*,#2442,.F.);
#1819=ORIENTED_EDGE('',*,*,#2201,.T.);
#1820=ORIENTED_EDGE('',*,*,#2708,.T.);
#1821=ORIENTED_EDGE('',*,*,#2710,.F.);
#1822=ORIENTED_EDGE('',*,*,#2709,.T.);
#1823=ORIENTED_EDGE('',*,*,#2205,.T.);
#1824=ORIENTED_EDGE('',*,*,#2711,.F.);
#1825=ORIENTED_EDGE('',*,*,#2710,.T.);
#1826=ORIENTED_EDGE('',*,*,#2454,.F.);
#1827=ORIENTED_EDGE('',*,*,#2712,.F.);
#1828=ORIENTED_EDGE('',*,*,#2202,.F.);
#1829=ORIENTED_EDGE('',*,*,#2711,.T.);
#1830=ORIENTED_EDGE('',*,*,#2204,.F.);
#1831=ORIENTED_EDGE('',*,*,#2713,.F.);
#1832=ORIENTED_EDGE('',*,*,#2444,.F.);
#1833=ORIENTED_EDGE('',*,*,#2714,.F.);
#1834=ORIENTED_EDGE('',*,*,#2455,.F.);
#1835=ORIENTED_EDGE('',*,*,#2715,.F.);
#1836=ORIENTED_EDGE('',*,*,#2121,.F.);
#1837=ORIENTED_EDGE('',*,*,#2203,.T.);
#1838=ORIENTED_EDGE('',*,*,#2712,.T.);
#1839=ORIENTED_EDGE('',*,*,#2716,.F.);
#1840=ORIENTED_EDGE('',*,*,#2713,.T.);
#1841=ORIENTED_EDGE('',*,*,#2114,.T.);
#1842=ORIENTED_EDGE('',*,*,#2715,.T.);
#1843=ORIENTED_EDGE('',*,*,#2717,.F.);
#1844=ORIENTED_EDGE('',*,*,#2714,.T.);
#1845=ORIENTED_EDGE('',*,*,#2120,.T.);
#1846=ORIENTED_EDGE('',*,*,#2718,.F.);
#1847=ORIENTED_EDGE('',*,*,#2716,.T.);
#1848=ORIENTED_EDGE('',*,*,#2453,.F.);
#1849=ORIENTED_EDGE('',*,*,#2719,.F.);
#1850=ORIENTED_EDGE('',*,*,#2445,.F.);
#1851=ORIENTED_EDGE('',*,*,#2717,.T.);
#1852=ORIENTED_EDGE('',*,*,#2446,.F.);
#1853=ORIENTED_EDGE('',*,*,#2720,.F.);
#1854=ORIENTED_EDGE('',*,*,#2115,.F.);
#1855=ORIENTED_EDGE('',*,*,#2718,.T.);
#1856=ORIENTED_EDGE('',*,*,#2119,.F.);
#1857=ORIENTED_EDGE('',*,*,#2721,.F.);
#1858=ORIENTED_EDGE('',*,*,#2451,.F.);
#1859=ORIENTED_EDGE('',*,*,#2720,.T.);
#1860=ORIENTED_EDGE('',*,*,#2719,.T.);
#1861=ORIENTED_EDGE('',*,*,#2722,.F.);
#1862=ORIENTED_EDGE('',*,*,#2116,.T.);
#1863=ORIENTED_EDGE('',*,*,#2721,.T.);
#1864=ORIENTED_EDGE('',*,*,#2118,.T.);
#1865=ORIENTED_EDGE('',*,*,#2723,.F.);
#1866=ORIENTED_EDGE('',*,*,#2722,.T.);
#1867=ORIENTED_EDGE('',*,*,#2452,.F.);
#1868=ORIENTED_EDGE('',*,*,#2723,.T.);
#1869=ORIENTED_EDGE('',*,*,#2117,.F.);
#1870=ORIENTED_EDGE('',*,*,#2724,.T.);
#1871=ORIENTED_EDGE('',*,*,#2725,.T.);
#1872=ORIENTED_EDGE('',*,*,#2352,.F.);
#1873=ORIENTED_EDGE('',*,*,#2726,.T.);
#1874=ORIENTED_EDGE('',*,*,#2727,.T.);
#1875=ORIENTED_EDGE('',*,*,#2728,.T.);
#1876=ORIENTED_EDGE('',*,*,#2729,.F.);
#1877=ORIENTED_EDGE('',*,*,#2730,.T.);
#1878=ORIENTED_EDGE('',*,*,#2731,.T.);
#1879=ORIENTED_EDGE('',*,*,#2732,.T.);
#1880=ORIENTED_EDGE('',*,*,#2733,.T.);
#1881=ORIENTED_EDGE('',*,*,#2358,.F.);
#1882=ORIENTED_EDGE('',*,*,#2734,.F.);
#1883=ORIENTED_EDGE('',*,*,#2729,.T.);
#1884=ORIENTED_EDGE('',*,*,#2735,.T.);
#1885=ORIENTED_EDGE('',*,*,#2733,.F.);
#1886=ORIENTED_EDGE('',*,*,#2734,.T.);
#1887=ORIENTED_EDGE('',*,*,#2355,.T.);
#1888=ORIENTED_EDGE('',*,*,#2736,.T.);
#1889=ORIENTED_EDGE('',*,*,#2737,.T.);
#1890=ORIENTED_EDGE('',*,*,#2738,.T.);
#1891=ORIENTED_EDGE('',*,*,#2739,.T.);
#1892=ORIENTED_EDGE('',*,*,#2740,.T.);
#1893=ORIENTED_EDGE('',*,*,#2741,.T.);
#1894=ORIENTED_EDGE('',*,*,#2742,.T.);
#1895=ORIENTED_EDGE('',*,*,#2743,.T.);
#1896=ORIENTED_EDGE('',*,*,#2744,.T.);
#1897=ORIENTED_EDGE('',*,*,#2745,.F.);
#1898=ORIENTED_EDGE('',*,*,#2359,.T.);
#1899=ORIENTED_EDGE('',*,*,#2746,.T.);
#1900=ORIENTED_EDGE('',*,*,#2739,.F.);
#1901=ORIENTED_EDGE('',*,*,#2747,.T.);
#1902=ORIENTED_EDGE('',*,*,#2745,.T.);
#1903=ORIENTED_EDGE('',*,*,#2746,.F.);
#1904=ORIENTED_EDGE('',*,*,#2304,.T.);
#1905=ORIENTED_EDGE('',*,*,#2075,.F.);
#1906=ORIENTED_EDGE('',*,*,#2303,.T.);
#1907=ORIENTED_EDGE('',*,*,#2074,.F.);
#1908=ORIENTED_EDGE('',*,*,#2174,.T.);
#1909=ORIENTED_EDGE('',*,*,#2273,.F.);
#1910=ORIENTED_EDGE('',*,*,#2173,.T.);
#1911=ORIENTED_EDGE('',*,*,#2272,.F.);
#1912=ORIENTED_EDGE('',*,*,#2748,.F.);
#1913=ORIENTED_EDGE('',*,*,#2125,.F.);
#1914=ORIENTED_EDGE('',*,*,#2356,.F.);
#1915=ORIENTED_EDGE('',*,*,#2738,.F.);
#1916=ORIENTED_EDGE('',*,*,#2749,.F.);
#1917=ORIENTED_EDGE('',*,*,#2748,.T.);
#1918=ORIENTED_EDGE('',*,*,#2750,.F.);
#1919=ORIENTED_EDGE('',*,*,#2354,.F.);
#1920=ORIENTED_EDGE('',*,*,#2217,.F.);
#1921=ORIENTED_EDGE('',*,*,#2751,.F.);
#1922=ORIENTED_EDGE('',*,*,#2736,.F.);
#1923=ORIENTED_EDGE('',*,*,#2750,.T.);
#1924=ORIENTED_EDGE('',*,*,#2737,.F.);
#1925=ORIENTED_EDGE('',*,*,#2752,.F.);
#1926=ORIENTED_EDGE('',*,*,#2743,.F.);
#1927=ORIENTED_EDGE('',*,*,#2749,.T.);
#1928=ORIENTED_EDGE('',*,*,#2742,.F.);
#1929=ORIENTED_EDGE('',*,*,#2753,.F.);
#1930=ORIENTED_EDGE('',*,*,#2126,.F.);
#1931=ORIENTED_EDGE('',*,*,#2752,.T.);
#1932=ORIENTED_EDGE('',*,*,#2751,.T.);
#1933=ORIENTED_EDGE('',*,*,#2754,.F.);
#1934=ORIENTED_EDGE('',*,*,#2127,.T.);
#1935=ORIENTED_EDGE('',*,*,#2753,.T.);
#1936=ORIENTED_EDGE('',*,*,#2755,.F.);
#1937=ORIENTED_EDGE('',*,*,#2756,.F.);
#1938=ORIENTED_EDGE('',*,*,#2754,.T.);
#1939=ORIENTED_EDGE('',*,*,#2216,.F.);
#1940=ORIENTED_EDGE('',*,*,#2757,.F.);
#1941=ORIENTED_EDGE('',*,*,#2740,.F.);
#1942=ORIENTED_EDGE('',*,*,#2747,.F.);
#1943=ORIENTED_EDGE('',*,*,#2744,.F.);
#1944=ORIENTED_EDGE('',*,*,#2755,.T.);
#1945=ORIENTED_EDGE('',*,*,#2741,.F.);
#1946=ORIENTED_EDGE('',*,*,#2758,.F.);
#1947=ORIENTED_EDGE('',*,*,#2062,.F.);
#1948=ORIENTED_EDGE('',*,*,#2756,.T.);
#1949=ORIENTED_EDGE('',*,*,#2065,.F.);
#1950=ORIENTED_EDGE('',*,*,#2759,.F.);
#1951=ORIENTED_EDGE('',*,*,#2128,.F.);
#1952=ORIENTED_EDGE('',*,*,#2757,.T.);
#1953=ORIENTED_EDGE('',*,*,#2215,.T.);
#1954=ORIENTED_EDGE('',*,*,#2760,.F.);
#1955=ORIENTED_EDGE('',*,*,#2758,.T.);
#1956=ORIENTED_EDGE('',*,*,#2761,.F.);
#1957=ORIENTED_EDGE('',*,*,#2759,.T.);
#1958=ORIENTED_EDGE('',*,*,#2762,.F.);
#1959=ORIENTED_EDGE('',*,*,#2760,.T.);
#1960=ORIENTED_EDGE('',*,*,#2214,.F.);
#1961=ORIENTED_EDGE('',*,*,#2763,.F.);
#1962=ORIENTED_EDGE('',*,*,#2063,.F.);
#1963=ORIENTED_EDGE('',*,*,#2762,.T.);
#1964=ORIENTED_EDGE('',*,*,#2064,.F.);
#1965=ORIENTED_EDGE('',*,*,#2764,.F.);
#1966=ORIENTED_EDGE('',*,*,#2351,.F.);
#1967=ORIENTED_EDGE('',*,*,#2306,.F.);
#1968=ORIENTED_EDGE('',*,*,#2362,.F.);
#1969=ORIENTED_EDGE('',*,*,#2765,.F.);
#1970=ORIENTED_EDGE('',*,*,#2349,.F.);
#1971=ORIENTED_EDGE('',*,*,#2761,.T.);
#1972=ORIENTED_EDGE('',*,*,#2350,.F.);
#1973=ORIENTED_EDGE('',*,*,#2766,.F.);
#1974=ORIENTED_EDGE('',*,*,#2129,.F.);
#1975=ORIENTED_EDGE('',*,*,#2764,.T.);
#1976=ORIENTED_EDGE('',*,*,#2763,.T.);
#1977=ORIENTED_EDGE('',*,*,#2767,.F.);
#1978=ORIENTED_EDGE('',*,*,#2766,.T.);
#1979=ORIENTED_EDGE('',*,*,#2765,.T.);
#1980=ORIENTED_EDGE('',*,*,#2768,.F.);
#1981=ORIENTED_EDGE('',*,*,#2767,.T.);
#1982=ORIENTED_EDGE('',*,*,#2213,.F.);
#1983=ORIENTED_EDGE('',*,*,#2769,.F.);
#1984=ORIENTED_EDGE('',*,*,#2346,.F.);
#1985=ORIENTED_EDGE('',*,*,#2275,.F.);
#1986=ORIENTED_EDGE('',*,*,#2347,.F.);
#1987=ORIENTED_EDGE('',*,*,#2770,.F.);
#1988=ORIENTED_EDGE('',*,*,#2364,.F.);
#1989=ORIENTED_EDGE('',*,*,#2333,.F.);
#1990=ORIENTED_EDGE('',*,*,#2071,.F.);
#1991=ORIENTED_EDGE('',*,*,#2771,.F.);
#1992=ORIENTED_EDGE('',*,*,#2363,.F.);
#1993=ORIENTED_EDGE('',*,*,#2768,.T.);
#1994=ORIENTED_EDGE('',*,*,#2361,.F.);
#1995=ORIENTED_EDGE('',*,*,#2772,.F.);
#1996=ORIENTED_EDGE('',*,*,#2130,.F.);
#1997=ORIENTED_EDGE('',*,*,#2770,.T.);
#1998=ORIENTED_EDGE('',*,*,#2769,.T.);
#1999=ORIENTED_EDGE('',*,*,#2773,.F.);
#2000=ORIENTED_EDGE('',*,*,#2772,.T.);
#2001=ORIENTED_EDGE('',*,*,#2771,.T.);
#2002=ORIENTED_EDGE('',*,*,#2774,.F.);
#2003=ORIENTED_EDGE('',*,*,#2773,.T.);
#2004=ORIENTED_EDGE('',*,*,#2212,.F.);
#2005=ORIENTED_EDGE('',*,*,#2775,.F.);
#2006=ORIENTED_EDGE('',*,*,#2365,.F.);
#2007=ORIENTED_EDGE('',*,*,#2277,.F.);
#2008=ORIENTED_EDGE('',*,*,#2366,.F.);
#2009=ORIENTED_EDGE('',*,*,#2776,.F.);
#2010=ORIENTED_EDGE('',*,*,#2067,.F.);
#2011=ORIENTED_EDGE('',*,*,#2774,.T.);
#2012=ORIENTED_EDGE('',*,*,#2070,.F.);
#2013=ORIENTED_EDGE('',*,*,#2777,.F.);
#2014=ORIENTED_EDGE('',*,*,#2131,.F.);
#2015=ORIENTED_EDGE('',*,*,#2776,.T.);
#2016=ORIENTED_EDGE('',*,*,#2775,.T.);
#2017=ORIENTED_EDGE('',*,*,#2778,.F.);
#2018=ORIENTED_EDGE('',*,*,#2132,.T.);
#2019=ORIENTED_EDGE('',*,*,#2777,.T.);
#2020=ORIENTED_EDGE('',*,*,#2779,.F.);
#2021=ORIENTED_EDGE('',*,*,#2780,.F.);
#2022=ORIENTED_EDGE('',*,*,#2778,.T.);
#2023=ORIENTED_EDGE('',*,*,#2211,.F.);
#2024=ORIENTED_EDGE('',*,*,#2781,.F.);
#2025=ORIENTED_EDGE('',*,*,#2068,.F.);
#2026=ORIENTED_EDGE('',*,*,#2779,.T.);
#2027=ORIENTED_EDGE('',*,*,#2069,.F.);
#2028=ORIENTED_EDGE('',*,*,#2782,.F.);
#2029=ORIENTED_EDGE('',*,*,#2727,.F.);
#2030=ORIENTED_EDGE('',*,*,#2780,.T.);
#2031=ORIENTED_EDGE('',*,*,#2732,.F.);
#2032=ORIENTED_EDGE('',*,*,#2783,.F.);
#2033=ORIENTED_EDGE('',*,*,#2122,.F.);
#2034=ORIENTED_EDGE('',*,*,#2357,.F.);
#2035=ORIENTED_EDGE('',*,*,#2123,.F.);
#2036=ORIENTED_EDGE('',*,*,#2784,.F.);
#2037=ORIENTED_EDGE('',*,*,#2726,.F.);
#2038=ORIENTED_EDGE('',*,*,#2781,.T.);
#2039=ORIENTED_EDGE('',*,*,#2210,.T.);
#2040=ORIENTED_EDGE('',*,*,#2785,.F.);
#2041=ORIENTED_EDGE('',*,*,#2782,.T.);
#2042=ORIENTED_EDGE('',*,*,#2784,.T.);
#2043=ORIENTED_EDGE('',*,*,#2783,.T.);
#2044=ORIENTED_EDGE('',*,*,#2786,.F.);
#2045=ORIENTED_EDGE('',*,*,#2785,.T.);
#2046=ORIENTED_EDGE('',*,*,#2209,.F.);
#2047=ORIENTED_EDGE('',*,*,#2787,.F.);
#2048=ORIENTED_EDGE('',*,*,#2730,.F.);
#2049=ORIENTED_EDGE('',*,*,#2735,.F.);
#2050=ORIENTED_EDGE('',*,*,#2728,.F.);
#2051=ORIENTED_EDGE('',*,*,#2786,.T.);
#2052=ORIENTED_EDGE('',*,*,#2731,.F.);
#2053=ORIENTED_EDGE('',*,*,#2788,.F.);
#2054=ORIENTED_EDGE('',*,*,#2724,.F.);
#2055=ORIENTED_EDGE('',*,*,#2788,.T.);
#2056=ORIENTED_EDGE('',*,*,#2787,.T.);
#2057=ORIENTED_EDGE('',*,*,#2789,.F.);
#2058=ORIENTED_EDGE('',*,*,#2789,.T.);
#2059=ORIENTED_EDGE('',*,*,#2208,.F.);
#2060=ORIENTED_EDGE('',*,*,#2353,.F.);
#2061=ORIENTED_EDGE('',*,*,#2725,.F.);
#2062=EDGE_CURVE('',#2790,#2791,#3210,.T.);
#2063=EDGE_CURVE('',#2791,#2792,#3211,.F.);
#2064=EDGE_CURVE('',#2792,#2793,#3212,.T.);
#2065=EDGE_CURVE('',#2793,#2790,#3213,.T.);
#2066=EDGE_CURVE('',#2794,#2795,#3214,.T.);
#2067=EDGE_CURVE('',#2795,#2796,#3215,.F.);
#2068=EDGE_CURVE('',#2796,#2797,#3216,.T.);
#2069=EDGE_CURVE('',#2797,#2798,#3217,.F.);
#2070=EDGE_CURVE('',#2798,#2799,#3218,.F.);
#2071=EDGE_CURVE('',#2799,#2800,#3219,.F.);
#2072=EDGE_CURVE('',#2801,#2800,#3220,.T.);
#2073=EDGE_CURVE('',#2794,#2801,#3221,.T.);
#2074=EDGE_CURVE('',#2802,#2802,#250,.T.);
#2075=EDGE_CURVE('',#2803,#2803,#251,.T.);
#2076=EDGE_CURVE('',#2804,#2805,#252,.F.);
#2077=EDGE_CURVE('',#2804,#2806,#3222,.T.);
#2078=EDGE_CURVE('',#2807,#2806,#253,.F.);
#2079=EDGE_CURVE('',#2807,#2808,#3223,.F.);
#2080=EDGE_CURVE('',#2809,#2808,#254,.F.);
#2081=EDGE_CURVE('',#2809,#2805,#3224,.T.);
#2082=EDGE_CURVE('',#2810,#2811,#255,.F.);
#2083=EDGE_CURVE('',#2810,#2812,#3225,.T.);
#2084=EDGE_CURVE('',#2813,#2812,#256,.F.);
#2085=EDGE_CURVE('',#2813,#2814,#3226,.T.);
#2086=EDGE_CURVE('',#2815,#2814,#257,.F.);
#2087=EDGE_CURVE('',#2815,#2816,#3227,.F.);
#2088=EDGE_CURVE('',#2817,#2816,#258,.F.);
#2089=EDGE_CURVE('',#2817,#2811,#3228,.F.);
#2090=EDGE_CURVE('',#2818,#2819,#259,.F.);
#2091=EDGE_CURVE('',#2818,#2820,#3229,.T.);
#2092=EDGE_CURVE('',#2821,#2820,#260,.F.);
#2093=EDGE_CURVE('',#2821,#2822,#3230,.T.);
#2094=EDGE_CURVE('',#2823,#2822,#261,.F.);
#2095=EDGE_CURVE('',#2823,#2824,#3231,.F.);
#2096=EDGE_CURVE('',#2825,#2824,#262,.F.);
#2097=EDGE_CURVE('',#2825,#2819,#3232,.F.);
#2098=EDGE_CURVE('',#2826,#2827,#263,.F.);
#2099=EDGE_CURVE('',#2826,#2828,#3233,.F.);
#2100=EDGE_CURVE('',#2829,#2828,#264,.F.);
#2101=EDGE_CURVE('',#2829,#2830,#3234,.T.);
#2102=EDGE_CURVE('',#2831,#2830,#265,.F.);
#2103=EDGE_CURVE('',#2831,#2832,#3235,.T.);
#2104=EDGE_CURVE('',#2833,#2832,#266,.F.);
#2105=EDGE_CURVE('',#2833,#2827,#3236,.F.);
#2106=EDGE_CURVE('',#2834,#2835,#267,.F.);
#2107=EDGE_CURVE('',#2834,#2836,#3237,.T.);
#2108=EDGE_CURVE('',#2837,#2836,#268,.F.);
#2109=EDGE_CURVE('',#2837,#2838,#3238,.T.);
#2110=EDGE_CURVE('',#2839,#2838,#269,.F.);
#2111=EDGE_CURVE('',#2839,#2840,#3239,.F.);
#2112=EDGE_CURVE('',#2841,#2840,#270,.F.);
#2113=EDGE_CURVE('',#2841,#2835,#3240,.F.);
#2114=EDGE_CURVE('',#2842,#2843,#271,.F.);
#2115=EDGE_CURVE('',#2842,#2844,#3241,.T.);
#2116=EDGE_CURVE('',#2845,#2844,#272,.F.);
#2117=EDGE_CURVE('',#2845,#2846,#3242,.T.);
#2118=EDGE_CURVE('',#2847,#2846,#273,.F.);
#2119=EDGE_CURVE('',#2847,#2848,#3243,.F.);
#2120=EDGE_CURVE('',#2849,#2848,#274,.F.);
#2121=EDGE_CURVE('',#2849,#2843,#3244,.F.);
#2122=EDGE_CURVE('',#2850,#2851,#3245,.F.);
#2123=EDGE_CURVE('',#2851,#2852,#3246,.T.);
#2124=EDGE_CURVE('',#2853,#2852,#3247,.T.);
#2125=EDGE_CURVE('',#2853,#2854,#3248,.F.);
#2126=EDGE_CURVE('',#2854,#2855,#3249,.T.);
#2127=EDGE_CURVE('',#2856,#2855,#275,.F.);
#2128=EDGE_CURVE('',#2856,#2857,#3250,.F.);
#2129=EDGE_CURVE('',#2857,#2858,#3251,.T.);
#2130=EDGE_CURVE('',#2858,#2859,#3252,.F.);
#2131=EDGE_CURVE('',#2859,#2860,#3253,.T.);
#2132=EDGE_CURVE('',#2850,#2860,#276,.F.);
#2133=EDGE_CURVE('',#2861,#2862,#277,.F.);
#2134=EDGE_CURVE('',#2861,#2863,#3254,.T.);
#2135=EDGE_CURVE('',#2864,#2863,#278,.F.);
#2136=EDGE_CURVE('',#2864,#2865,#3255,.T.);
#2137=EDGE_CURVE('',#2866,#2865,#279,.F.);
#2138=EDGE_CURVE('',#2866,#2867,#3256,.F.);
#2139=EDGE_CURVE('',#2868,#2867,#280,.F.);
#2140=EDGE_CURVE('',#2868,#2862,#3257,.F.);
#2141=EDGE_CURVE('',#2869,#2870,#281,.F.);
#2142=EDGE_CURVE('',#2869,#2871,#3258,.T.);
#2143=EDGE_CURVE('',#2872,#2871,#282,.F.);
#2144=EDGE_CURVE('',#2872,#2873,#3259,.T.);
#2145=EDGE_CURVE('',#2874,#2873,#283,.F.);
#2146=EDGE_CURVE('',#2874,#2875,#3260,.F.);
#2147=EDGE_CURVE('',#2876,#2875,#284,.F.);
#2148=EDGE_CURVE('',#2876,#2870,#3261,.F.);
#2149=EDGE_CURVE('',#2877,#2878,#285,.F.);
#2150=EDGE_CURVE('',#2877,#2879,#3262,.T.);
#2151=EDGE_CURVE('',#2880,#2879,#286,.F.);
#2152=EDGE_CURVE('',#2880,#2881,#3263,.T.);
#2153=EDGE_CURVE('',#2882,#2881,#287,.F.);
#2154=EDGE_CURVE('',#2882,#2883,#3264,.F.);
#2155=EDGE_CURVE('',#2884,#2883,#288,.F.);
#2156=EDGE_CURVE('',#2884,#2878,#3265,.F.);
#2157=EDGE_CURVE('',#2885,#2886,#289,.F.);
#2158=EDGE_CURVE('',#2885,#2887,#3266,.T.);
#2159=EDGE_CURVE('',#2888,#2887,#290,.F.);
#2160=EDGE_CURVE('',#2888,#2889,#3267,.T.);
#2161=EDGE_CURVE('',#2890,#2889,#291,.F.);
#2162=EDGE_CURVE('',#2890,#2891,#3268,.F.);
#2163=EDGE_CURVE('',#2892,#2891,#292,.F.);
#2164=EDGE_CURVE('',#2892,#2886,#3269,.F.);
#2165=EDGE_CURVE('',#2893,#2894,#293,.F.);
#2166=EDGE_CURVE('',#2893,#2895,#3270,.T.);
#2167=EDGE_CURVE('',#2896,#2895,#294,.F.);
#2168=EDGE_CURVE('',#2896,#2897,#3271,.F.);
#2169=EDGE_CURVE('',#2898,#2897,#295,.F.);
#2170=EDGE_CURVE('',#2898,#2899,#3272,.F.);
#2171=EDGE_CURVE('',#2900,#2899,#296,.F.);
#2172=EDGE_CURVE('',#2900,#2894,#3273,.T.);
#2173=EDGE_CURVE('',#2901,#2901,#297,.T.);
#2174=EDGE_CURVE('',#2902,#2902,#298,.T.);
#2175=EDGE_CURVE('',#2903,#2904,#299,.T.);
#2176=EDGE_CURVE('',#2903,#2905,#3274,.T.);
#2177=EDGE_CURVE('',#2906,#2905,#300,.T.);
#2178=EDGE_CURVE('',#2906,#2907,#3275,.F.);
#2179=EDGE_CURVE('',#2908,#2907,#301,.T.);
#2180=EDGE_CURVE('',#2908,#2909,#3276,.F.);
#2181=EDGE_CURVE('',#2910,#2909,#302,.T.);
#2182=EDGE_CURVE('',#2910,#2904,#3277,.T.);
#2183=EDGE_CURVE('',#2911,#2912,#303,.T.);
#2184=EDGE_CURVE('',#2911,#2913,#3278,.T.);
#2185=EDGE_CURVE('',#2914,#2913,#304,.T.);
#2186=EDGE_CURVE('',#2914,#2915,#3279,.F.);
#2187=EDGE_CURVE('',#2916,#2915,#305,.T.);
#2188=EDGE_CURVE('',#2916,#2917,#3280,.F.);
#2189=EDGE_CURVE('',#2918,#2917,#306,.T.);
#2190=EDGE_CURVE('',#2918,#2912,#3281,.T.);
#2191=EDGE_CURVE('',#2919,#2920,#307,.T.);
#2192=EDGE_CURVE('',#2919,#2921,#3282,.T.);
#2193=EDGE_CURVE('',#2922,#2921,#308,.T.);
#2194=EDGE_CURVE('',#2922,#2923,#3283,.F.);
#2195=EDGE_CURVE('',#2924,#2923,#309,.T.);
#2196=EDGE_CURVE('',#2924,#2925,#3284,.F.);
#2197=EDGE_CURVE('',#2926,#2925,#310,.T.);
#2198=EDGE_CURVE('',#2926,#2920,#3285,.T.);
#2199=EDGE_CURVE('',#2927,#2928,#311,.T.);
#2200=EDGE_CURVE('',#2927,#2929,#3286,.T.);
#2201=EDGE_CURVE('',#2930,#2929,#312,.T.);
#2202=EDGE_CURVE('',#2930,#2931,#3287,.F.);
#2203=EDGE_CURVE('',#2932,#2931,#313,.T.);
#2204=EDGE_CURVE('',#2932,#2933,#3288,.F.);
#2205=EDGE_CURVE('',#2934,#2933,#314,.T.);
#2206=EDGE_CURVE('',#2934,#2928,#3289,.T.);
#2207=EDGE_CURVE('',#2935,#2936,#3290,.T.);
#2208=EDGE_CURVE('',#2936,#2937,#3291,.F.);
#2209=EDGE_CURVE('',#2937,#2938,#3292,.F.);
#2210=EDGE_CURVE('',#2939,#2938,#315,.T.);
#2211=EDGE_CURVE('',#2939,#2940,#3293,.F.);
#2212=EDGE_CURVE('',#2940,#2941,#3294,.F.);
#2213=EDGE_CURVE('',#2941,#2942,#3295,.F.);
#2214=EDGE_CURVE('',#2942,#2943,#3296,.T.);
#2215=EDGE_CURVE('',#2944,#2943,#316,.T.);
#2216=EDGE_CURVE('',#2944,#2945,#3297,.T.);
#2217=EDGE_CURVE('',#2945,#2935,#3298,.T.);
#2218=EDGE_CURVE('',#2946,#2947,#317,.T.);
#2219=EDGE_CURVE('',#2946,#2948,#3299,.F.);
#2220=EDGE_CURVE('',#2949,#2948,#318,.T.);
#2221=EDGE_CURVE('',#2949,#2950,#3300,.T.);
#2222=EDGE_CURVE('',#2951,#2950,#319,.T.);
#2223=EDGE_CURVE('',#2951,#2952,#3301,.T.);
#2224=EDGE_CURVE('',#2953,#2952,#320,.T.);
#2225=EDGE_CURVE('',#2953,#2947,#3302,.F.);
#2226=EDGE_CURVE('',#2954,#2955,#321,.T.);
#2227=EDGE_CURVE('',#2954,#2956,#3303,.T.);
#2228=EDGE_CURVE('',#2957,#2956,#322,.T.);
#2229=EDGE_CURVE('',#2957,#2958,#3304,.F.);
#2230=EDGE_CURVE('',#2959,#2958,#323,.T.);
#2231=EDGE_CURVE('',#2959,#2960,#3305,.F.);
#2232=EDGE_CURVE('',#2961,#2960,#324,.T.);
#2233=EDGE_CURVE('',#2961,#2955,#3306,.T.);
#2234=EDGE_CURVE('',#2962,#2963,#325,.T.);
#2235=EDGE_CURVE('',#2962,#2964,#3307,.F.);
#2236=EDGE_CURVE('',#2965,#2964,#326,.T.);
#2237=EDGE_CURVE('',#2965,#2966,#3308,.T.);
#2238=EDGE_CURVE('',#2967,#2966,#327,.T.);
#2239=EDGE_CURVE('',#2967,#2968,#3309,.T.);
#2240=EDGE_CURVE('',#2969,#2968,#328,.T.);
#2241=EDGE_CURVE('',#2969,#2963,#3310,.F.);
#2242=EDGE_CURVE('',#2970,#2971,#329,.T.);
#2243=EDGE_CURVE('',#2970,#2972,#3311,.T.);
#2244=EDGE_CURVE('',#2973,#2972,#330,.T.);
#2245=EDGE_CURVE('',#2973,#2974,#3312,.F.);
#2246=EDGE_CURVE('',#2975,#2974,#331,.T.);
#2247=EDGE_CURVE('',#2975,#2976,#3313,.F.);
#2248=EDGE_CURVE('',#2977,#2976,#332,.T.);
#2249=EDGE_CURVE('',#2977,#2971,#3314,.T.);
#2250=EDGE_CURVE('',#2978,#2979,#333,.T.);
#2251=EDGE_CURVE('',#2978,#2980,#3315,.T.);
#2252=EDGE_CURVE('',#2981,#2980,#334,.T.);
#2253=EDGE_CURVE('',#2981,#2982,#3316,.T.);
#2254=EDGE_CURVE('',#2983,#2982,#335,.T.);
#2255=EDGE_CURVE('',#2983,#2984,#3317,.F.);
#2256=EDGE_CURVE('',#2985,#2984,#336,.T.);
#2257=EDGE_CURVE('',#2985,#2979,#3318,.F.);
#2258=EDGE_CURVE('',#2986,#2987,#337,.T.);
#2259=EDGE_CURVE('',#2986,#2988,#3319,.T.);
#2260=EDGE_CURVE('',#2989,#2988,#338,.T.);
#2261=EDGE_CURVE('',#2989,#2990,#3320,.T.);
#2262=EDGE_CURVE('',#2991,#2990,#339,.T.);
#2263=EDGE_CURVE('',#2991,#2992,#3321,.F.);
#2264=EDGE_CURVE('',#2993,#2992,#340,.T.);
#2265=EDGE_CURVE('',#2993,#2987,#3322,.F.);
#2266=EDGE_CURVE('',#2994,#2995,#341,.T.);
#2267=EDGE_CURVE('',#2994,#2996,#3323,.F.);
#2268=EDGE_CURVE('',#2997,#2996,#342,.T.);
#2269=EDGE_CURVE('',#2997,#2998,#3324,.T.);
#2270=EDGE_CURVE('',#2999,#2998,#343,.T.);
#2271=EDGE_CURVE('',#2999,#2995,#3325,.F.);
#2272=EDGE_CURVE('',#3000,#3000,#344,.T.);
#2273=EDGE_CURVE('',#3001,#3001,#345,.T.);
#2274=EDGE_CURVE('',#3002,#3003,#3326,.T.);
#2275=EDGE_CURVE('',#3003,#3004,#346,.F.);
#2276=EDGE_CURVE('',#3004,#3005,#3327,.F.);
#2277=EDGE_CURVE('',#3005,#2795,#347,.F.);
#2278=EDGE_CURVE('',#3006,#2794,#3328,.T.);
#2279=EDGE_CURVE('',#3006,#3007,#3329,.T.);
#2280=EDGE_CURVE('',#3008,#3007,#3330,.T.);
#2281=EDGE_CURVE('',#3009,#3008,#3331,.T.);
#2282=EDGE_CURVE('',#3009,#3010,#3332,.T.);
#2283=EDGE_CURVE('',#3010,#3011,#3333,.T.);
#2284=EDGE_CURVE('',#3012,#3011,#3334,.T.);
#2285=EDGE_CURVE('',#3013,#3012,#3335,.T.);
#2286=EDGE_CURVE('',#3013,#3014,#3336,.T.);
#2287=EDGE_CURVE('',#3014,#3015,#3337,.T.);
#2288=EDGE_CURVE('',#3016,#3015,#3338,.T.);
#2289=EDGE_CURVE('',#3017,#3016,#3339,.T.);
#2290=EDGE_CURVE('',#3017,#3018,#3340,.T.);
#2291=EDGE_CURVE('',#3018,#3019,#3341,.T.);
#2292=EDGE_CURVE('',#3020,#3019,#3342,.T.);
#2293=EDGE_CURVE('',#3021,#3020,#3343,.T.);
#2294=EDGE_CURVE('',#3021,#3022,#3344,.T.);
#2295=EDGE_CURVE('',#3022,#3023,#3345,.T.);
#2296=EDGE_CURVE('',#3024,#3023,#3346,.T.);
#2297=EDGE_CURVE('',#3025,#3024,#3347,.T.);
#2298=EDGE_CURVE('',#3025,#3026,#3348,.T.);
#2299=EDGE_CURVE('',#3026,#3027,#3349,.T.);
#2300=EDGE_CURVE('',#3028,#3027,#3350,.T.);
#2301=EDGE_CURVE('',#3029,#3028,#3351,.T.);
#2302=EDGE_CURVE('',#3029,#3002,#3352,.T.);
#2303=EDGE_CURVE('',#3030,#3030,#348,.T.);
#2304=EDGE_CURVE('',#3031,#3031,#349,.T.);
#2305=EDGE_CURVE('',#3032,#3033,#3353,.F.);
#2306=EDGE_CURVE('',#3033,#3034,#350,.T.);
#2307=EDGE_CURVE('',#3035,#3034,#3354,.T.);
#2308=EDGE_CURVE('',#3036,#3035,#3355,.T.);
#2309=EDGE_CURVE('',#3036,#3037,#3356,.T.);
#2310=EDGE_CURVE('',#3037,#3038,#3357,.T.);
#2311=EDGE_CURVE('',#3039,#3038,#3358,.T.);
#2312=EDGE_CURVE('',#3040,#3039,#3359,.T.);
#2313=EDGE_CURVE('',#3040,#3041,#3360,.T.);
#2314=EDGE_CURVE('',#3041,#3042,#3361,.T.);
#2315=EDGE_CURVE('',#3043,#3042,#3362,.T.);
#2316=EDGE_CURVE('',#3044,#3043,#3363,.T.);
#2317=EDGE_CURVE('',#3044,#3045,#3364,.T.);
#2318=EDGE_CURVE('',#3045,#3046,#3365,.T.);
#2319=EDGE_CURVE('',#3047,#3046,#3366,.T.);
#2320=EDGE_CURVE('',#3048,#3047,#3367,.T.);
#2321=EDGE_CURVE('',#3048,#3049,#3368,.T.);
#2322=EDGE_CURVE('',#3049,#3050,#3369,.T.);
#2323=EDGE_CURVE('',#3051,#3050,#3370,.T.);
#2324=EDGE_CURVE('',#3052,#3051,#3371,.T.);
#2325=EDGE_CURVE('',#3052,#3053,#3372,.T.);
#2326=EDGE_CURVE('',#3053,#3054,#3373,.T.);
#2327=EDGE_CURVE('',#3055,#3054,#3374,.T.);
#2328=EDGE_CURVE('',#3056,#3055,#3375,.T.);
#2329=EDGE_CURVE('',#3056,#3057,#3376,.T.);
#2330=EDGE_CURVE('',#3057,#3058,#3377,.T.);
#2331=EDGE_CURVE('',#3059,#3058,#3378,.T.);
#2332=EDGE_CURVE('',#3059,#2801,#3379,.T.);
#2333=EDGE_CURVE('',#2800,#3032,#351,.T.);
#2334=EDGE_CURVE('',#3020,#3045,#3380,.T.);
#2335=EDGE_CURVE('',#3021,#3044,#3381,.T.);
#2336=EDGE_CURVE('',#3028,#3037,#3382,.T.);
#2337=EDGE_CURVE('',#3029,#3036,#3383,.T.);
#2338=EDGE_CURVE('',#3008,#3057,#3384,.T.);
#2339=EDGE_CURVE('',#3009,#3056,#3385,.T.);
#2340=EDGE_CURVE('',#3025,#3040,#3386,.T.);
#2341=EDGE_CURVE('',#3024,#3041,#3387,.T.);
#2342=EDGE_CURVE('',#3017,#3048,#3388,.T.);
#2343=EDGE_CURVE('',#3016,#3049,#3389,.T.);
#2344=EDGE_CURVE('',#3013,#3052,#3390,.T.);
#2345=EDGE_CURVE('',#3012,#3053,#3391,.T.);
#2346=EDGE_CURVE('',#3060,#3061,#3392,.T.);
#2347=EDGE_CURVE('',#3061,#3003,#3393,.F.);
#2348=EDGE_CURVE('',#3002,#3035,#3394,.T.);
#2349=EDGE_CURVE('',#3034,#3062,#3395,.F.);
#2350=EDGE_CURVE('',#3062,#3063,#3396,.F.);
#2351=EDGE_CURVE('',#3063,#3060,#3397,.F.);
#2352=EDGE_CURVE('',#3064,#3065,#3398,.T.);
#2353=EDGE_CURVE('',#3065,#2936,#352,.F.);
#2354=EDGE_CURVE('',#2935,#3066,#353,.F.);
#2355=EDGE_CURVE('',#3067,#3066,#3399,.T.);
#2356=EDGE_CURVE('',#3067,#2853,#354,.F.);
#2357=EDGE_CURVE('',#2852,#3064,#355,.F.);
#2358=EDGE_CURVE('',#3068,#3068,#356,.T.);
#2359=EDGE_CURVE('',#3069,#3069,#357,.T.);
#2360=EDGE_CURVE('',#3006,#3059,#3400,.T.);
#2361=EDGE_CURVE('',#3070,#3071,#3401,.F.);
#2362=EDGE_CURVE('',#3071,#3033,#3402,.F.);
#2363=EDGE_CURVE('',#3032,#3070,#3403,.F.);
#2364=EDGE_CURVE('',#3004,#3072,#3404,.F.);
#2365=EDGE_CURVE('',#3072,#3073,#3405,.F.);
#2366=EDGE_CURVE('',#3073,#3005,#3406,.F.);
#2367=EDGE_CURVE('',#3074,#3010,#3407,.T.);
#2368=EDGE_CURVE('',#3074,#3075,#3408,.F.);
#2369=EDGE_CURVE('',#3075,#3011,#3409,.T.);
#2370=EDGE_CURVE('',#3075,#3076,#3410,.T.);
#2371=EDGE_CURVE('',#3076,#3077,#3411,.T.);
#2372=EDGE_CURVE('',#3077,#3078,#3412,.F.);
#2373=EDGE_CURVE('',#3054,#3078,#3413,.T.);
#2374=EDGE_CURVE('',#3079,#3080,#3414,.T.);
#2375=EDGE_CURVE('',#3079,#3074,#3415,.F.);
#2376=EDGE_CURVE('',#3055,#3081,#3416,.T.);
#2377=EDGE_CURVE('',#3081,#3080,#3417,.T.);
#2378=EDGE_CURVE('',#3080,#3082,#3418,.F.);
#2379=EDGE_CURVE('',#3082,#3083,#3419,.F.);
#2380=EDGE_CURVE('',#3083,#3079,#3420,.T.);
#2381=EDGE_CURVE('',#3078,#3081,#3421,.T.);
#2382=EDGE_CURVE('',#3084,#3014,#3422,.T.);
#2383=EDGE_CURVE('',#3084,#3085,#3423,.F.);
#2384=EDGE_CURVE('',#3085,#3015,#3424,.T.);
#2385=EDGE_CURVE('',#3085,#3086,#3425,.T.);
#2386=EDGE_CURVE('',#3086,#3087,#3426,.T.);
#2387=EDGE_CURVE('',#3087,#3088,#3427,.F.);
#2388=EDGE_CURVE('',#3050,#3088,#3428,.T.);
#2389=EDGE_CURVE('',#3089,#3090,#3429,.T.);
#2390=EDGE_CURVE('',#3089,#3084,#3430,.F.);
#2391=EDGE_CURVE('',#3051,#3091,#3431,.T.);
#2392=EDGE_CURVE('',#3091,#3090,#3432,.T.);
#2393=EDGE_CURVE('',#3090,#3092,#3433,.F.);
#2394=EDGE_CURVE('',#3092,#3093,#3434,.F.);
#2395=EDGE_CURVE('',#3093,#3089,#3435,.T.);
#2396=EDGE_CURVE('',#3088,#3091,#3436,.T.);
#2397=EDGE_CURVE('',#3094,#3022,#3437,.T.);
#2398=EDGE_CURVE('',#3094,#3095,#3438,.F.);
#2399=EDGE_CURVE('',#3095,#3023,#3439,.T.);
#2400=EDGE_CURVE('',#3095,#3096,#3440,.T.);
#2401=EDGE_CURVE('',#3096,#3097,#3441,.T.);
#2402=EDGE_CURVE('',#3097,#3098,#3442,.F.);
#2403=EDGE_CURVE('',#3042,#3098,#3443,.T.);
#2404=EDGE_CURVE('',#3099,#3100,#3444,.T.);
#2405=EDGE_CURVE('',#3099,#3094,#3445,.F.);
#2406=EDGE_CURVE('',#3043,#3101,#3446,.T.);
#2407=EDGE_CURVE('',#3101,#3100,#3447,.T.);
#2408=EDGE_CURVE('',#3100,#3102,#3448,.F.);
#2409=EDGE_CURVE('',#3102,#3103,#3449,.F.);
#2410=EDGE_CURVE('',#3103,#3099,#3450,.T.);
#2411=EDGE_CURVE('',#3098,#3101,#3451,.T.);
#2412=EDGE_CURVE('',#3104,#3105,#3452,.T.);
#2413=EDGE_CURVE('',#3105,#3106,#3453,.F.);
#2414=EDGE_CURVE('',#3058,#3106,#3454,.T.);
#2415=EDGE_CURVE('',#3107,#3007,#3455,.T.);
#2416=EDGE_CURVE('',#3107,#3104,#3456,.T.);
#2417=EDGE_CURVE('',#3106,#3108,#3457,.T.);
#2418=EDGE_CURVE('',#3108,#3109,#3458,.F.);
#2419=EDGE_CURVE('',#3109,#3107,#3459,.F.);
#2420=EDGE_CURVE('',#3104,#3110,#3460,.T.);
#2421=EDGE_CURVE('',#3110,#3111,#3461,.T.);
#2422=EDGE_CURVE('',#3111,#3105,#3462,.F.);
#2423=EDGE_CURVE('',#3110,#3112,#3463,.F.);
#2424=EDGE_CURVE('',#3112,#3113,#3464,.T.);
#2425=EDGE_CURVE('',#3113,#3111,#3465,.T.);
#2426=EDGE_CURVE('',#3114,#3026,#3466,.T.);
#2427=EDGE_CURVE('',#3114,#3115,#3467,.F.);
#2428=EDGE_CURVE('',#3115,#3027,#3468,.T.);
#2429=EDGE_CURVE('',#3115,#3116,#3469,.T.);
#2430=EDGE_CURVE('',#3116,#3117,#3470,.T.);
#2431=EDGE_CURVE('',#3117,#3118,#3471,.F.);
#2432=EDGE_CURVE('',#3038,#3118,#3472,.T.);
#2433=EDGE_CURVE('',#3119,#3120,#3473,.T.);
#2434=EDGE_CURVE('',#3119,#3114,#3474,.F.);
#2435=EDGE_CURVE('',#3039,#3121,#3475,.T.);
#2436=EDGE_CURVE('',#3121,#3120,#3476,.T.);
#2437=EDGE_CURVE('',#3122,#3123,#3477,.F.);
#2438=EDGE_CURVE('',#3123,#3119,#3478,.T.);
#2439=EDGE_CURVE('',#3120,#3122,#3479,.F.);
#2440=EDGE_CURVE('',#3118,#3121,#3480,.T.);
#2441=EDGE_CURVE('',#3124,#3018,#3481,.T.);
#2442=EDGE_CURVE('',#3124,#3125,#3482,.F.);
#2443=EDGE_CURVE('',#3125,#3019,#3483,.T.);
#2444=EDGE_CURVE('',#3125,#3126,#3484,.T.);
#2445=EDGE_CURVE('',#3126,#3127,#3485,.T.);
#2446=EDGE_CURVE('',#3127,#3128,#3486,.F.);
#2447=EDGE_CURVE('',#3046,#3128,#3487,.T.);
#2448=EDGE_CURVE('',#3129,#3130,#3488,.T.);
#2449=EDGE_CURVE('',#3129,#3124,#3489,.F.);
#2450=EDGE_CURVE('',#3047,#3131,#3490,.T.);
#2451=EDGE_CURVE('',#3131,#3130,#3491,.T.);
#2452=EDGE_CURVE('',#3130,#3132,#3492,.F.);
#2453=EDGE_CURVE('',#3132,#3133,#3493,.F.);
#2454=EDGE_CURVE('',#3133,#3129,#3494,.T.);
#2455=EDGE_CURVE('',#3128,#3131,#3495,.T.);
#2456=EDGE_CURVE('',#3134,#3135,#3496,.F.);
#2457=EDGE_CURVE('',#3135,#3136,#3497,.F.);
#2458=EDGE_CURVE('',#3136,#3137,#3498,.T.);
#2459=EDGE_CURVE('',#3137,#3134,#3499,.T.);
#2460=EDGE_CURVE('',#3138,#3139,#3500,.F.);
#2461=EDGE_CURVE('',#3139,#3140,#3501,.F.);
#2462=EDGE_CURVE('',#3140,#3141,#3502,.T.);
#2463=EDGE_CURVE('',#3141,#3138,#3503,.T.);
#2464=EDGE_CURVE('',#3136,#3142,#3504,.T.);
#2465=EDGE_CURVE('',#3142,#3143,#3505,.T.);
#2466=EDGE_CURVE('',#3143,#3137,#3506,.F.);
#2467=EDGE_CURVE('',#3142,#3144,#3507,.T.);
#2468=EDGE_CURVE('',#3144,#3145,#3508,.T.);
#2469=EDGE_CURVE('',#3145,#3143,#3509,.F.);
#2470=EDGE_CURVE('',#3146,#3147,#3510,.F.);
#2471=EDGE_CURVE('',#3147,#3148,#3511,.F.);
#2472=EDGE_CURVE('',#3148,#3149,#3512,.T.);
#2473=EDGE_CURVE('',#3149,#3146,#3513,.T.);
#2474=EDGE_CURVE('',#3148,#3150,#3514,.T.);
#2475=EDGE_CURVE('',#3150,#3151,#3515,.T.);
#2476=EDGE_CURVE('',#3151,#3149,#3516,.F.);
#2477=EDGE_CURVE('',#3150,#3152,#3517,.T.);
#2478=EDGE_CURVE('',#3152,#3153,#3518,.T.);
#2479=EDGE_CURVE('',#3153,#3151,#3519,.F.);
#2480=EDGE_CURVE('',#3154,#3155,#3520,.T.);
#2481=EDGE_CURVE('',#3155,#3156,#3521,.T.);
#2482=EDGE_CURVE('',#3156,#3157,#3522,.F.);
#2483=EDGE_CURVE('',#3157,#3154,#3523,.F.);
#2484=EDGE_CURVE('',#3158,#3159,#3524,.F.);
#2485=EDGE_CURVE('',#3159,#3160,#3525,.F.);
#2486=EDGE_CURVE('',#3160,#3161,#3526,.T.);
#2487=EDGE_CURVE('',#3161,#3158,#3527,.T.);
#2488=EDGE_CURVE('',#3154,#3162,#3528,.T.);
#2489=EDGE_CURVE('',#3162,#3163,#3529,.T.);
#2490=EDGE_CURVE('',#3163,#3155,#3530,.F.);
#2491=EDGE_CURVE('',#3164,#3165,#3531,.T.);
#2492=EDGE_CURVE('',#3165,#3163,#3532,.F.);
#2493=EDGE_CURVE('',#3162,#3164,#3533,.T.);
#2494=EDGE_CURVE('',#3166,#3167,#3534,.T.);
#2495=EDGE_CURVE('',#3167,#3168,#3535,.T.);
#2496=EDGE_CURVE('',#3168,#3169,#3536,.F.);
#2497=EDGE_CURVE('',#3169,#3166,#3537,.F.);
#2498=EDGE_CURVE('',#3170,#3171,#3538,.F.);
#2499=EDGE_CURVE('',#3171,#3172,#3539,.F.);
#2500=EDGE_CURVE('',#3172,#3173,#3540,.T.);
#2501=EDGE_CURVE('',#3173,#3170,#3541,.T.);
#2502=EDGE_CURVE('',#3166,#3174,#3542,.T.);
#2503=EDGE_CURVE('',#3174,#3175,#3543,.T.);
#2504=EDGE_CURVE('',#3175,#3167,#3544,.F.);
#2505=EDGE_CURVE('',#3176,#3177,#3545,.T.);
#2506=EDGE_CURVE('',#3177,#3175,#3546,.F.);
#2507=EDGE_CURVE('',#3174,#3176,#3547,.T.);
#2508=EDGE_CURVE('',#3178,#3179,#3548,.T.);
#2509=EDGE_CURVE('',#3179,#3180,#3549,.T.);
#2510=EDGE_CURVE('',#3180,#3181,#3550,.F.);
#2511=EDGE_CURVE('',#3181,#3178,#3551,.F.);
#2512=EDGE_CURVE('',#3182,#3183,#3552,.F.);
#2513=EDGE_CURVE('',#3183,#3184,#3553,.F.);
#2514=EDGE_CURVE('',#3184,#3185,#3554,.T.);
#2515=EDGE_CURVE('',#3185,#3182,#3555,.T.);
#2516=EDGE_CURVE('',#3178,#3186,#3556,.T.);
#2517=EDGE_CURVE('',#3186,#3187,#3557,.T.);
#2518=EDGE_CURVE('',#3187,#3179,#3558,.F.);
#2519=EDGE_CURVE('',#3188,#3189,#3559,.T.);
#2520=EDGE_CURVE('',#3189,#3187,#3560,.F.);
#2521=EDGE_CURVE('',#3186,#3188,#3561,.T.);
#2522=EDGE_CURVE('',#2805,#3151,#358,.T.);
#2523=EDGE_CURVE('',#3149,#2809,#359,.T.);
#2524=EDGE_CURVE('',#2804,#3151,#360,.F.);
#2525=EDGE_CURVE('',#3149,#2808,#361,.F.);
#2526=EDGE_CURVE('',#2806,#3153,#362,.T.);
#2527=EDGE_CURVE('',#3146,#2807,#363,.T.);
#2528=EDGE_CURVE('',#3146,#3153,#364,.F.);
#2529=EDGE_CURVE('',#3147,#3152,#365,.F.);
#2530=EDGE_CURVE('',#2999,#3152,#366,.F.);
#2531=EDGE_CURVE('',#3147,#2998,#367,.F.);
#2532=EDGE_CURVE('',#3148,#2997,#368,.T.);
#2533=EDGE_CURVE('',#2995,#3150,#369,.T.);
#2534=EDGE_CURVE('',#3148,#2996,#370,.F.);
#2535=EDGE_CURVE('',#2994,#3150,#371,.F.);
#2536=EDGE_CURVE('',#3143,#2894,#372,.F.);
#2537=EDGE_CURVE('',#2893,#3143,#373,.F.);
#2538=EDGE_CURVE('',#2895,#3145,#374,.T.);
#2539=EDGE_CURVE('',#3137,#2900,#375,.T.);
#2540=EDGE_CURVE('',#3138,#3145,#376,.F.);
#2541=EDGE_CURVE('',#2896,#3138,#377,.F.);
#2542=EDGE_CURVE('',#3137,#2899,#378,.F.);
#2543=EDGE_CURVE('',#3144,#2991,#379,.T.);
#2544=EDGE_CURVE('',#2992,#3142,#380,.T.);
#2545=EDGE_CURVE('',#3139,#3144,#381,.F.);
#2546=EDGE_CURVE('',#2897,#3141,#382,.T.);
#2547=EDGE_CURVE('',#3134,#2898,#383,.T.);
#2548=EDGE_CURVE('',#2993,#3142,#384,.F.);
#2549=EDGE_CURVE('',#3139,#2990,#385,.F.);
#2550=EDGE_CURVE('',#3134,#3141,#386,.F.);
#2551=EDGE_CURVE('',#2987,#3136,#387,.T.);
#2552=EDGE_CURVE('',#3140,#2989,#388,.T.);
#2553=EDGE_CURVE('',#3135,#3140,#389,.F.);
#2554=EDGE_CURVE('',#2986,#3136,#390,.F.);
#2555=EDGE_CURVE('',#3135,#2988,#391,.F.);
#2556=EDGE_CURVE('',#3101,#2867,#392,.F.);
#2557=EDGE_CURVE('',#2868,#3101,#393,.F.);
#2558=EDGE_CURVE('',#2862,#3098,#394,.T.);
#2559=EDGE_CURVE('',#3100,#2866,#395,.T.);
#2560=EDGE_CURVE('',#2861,#3098,#396,.F.);
#2561=EDGE_CURVE('',#3100,#2865,#397,.F.);
#2562=EDGE_CURVE('',#2863,#3097,#398,.T.);
#2563=EDGE_CURVE('',#3102,#2864,#399,.T.);
#2564=EDGE_CURVE('',#2952,#3099,#400,.T.);
#2565=EDGE_CURVE('',#3094,#2951,#401,.T.);
#2566=EDGE_CURVE('',#3094,#2950,#402,.F.);
#2567=EDGE_CURVE('',#3102,#3097,#403,.F.);
#2568=EDGE_CURVE('',#2953,#3099,#404,.F.);
#2569=EDGE_CURVE('',#3095,#2949,#405,.T.);
#2570=EDGE_CURVE('',#3103,#3096,#406,.F.);
#2571=EDGE_CURVE('',#2947,#3103,#407,.T.);
#2572=EDGE_CURVE('',#3095,#2948,#408,.F.);
#2573=EDGE_CURVE('',#2946,#3096,#409,.F.);
#2574=EDGE_CURVE('',#3121,#2891,#410,.F.);
#2575=EDGE_CURVE('',#2892,#3121,#411,.F.);
#2576=EDGE_CURVE('',#2886,#3118,#412,.T.);
#2577=EDGE_CURVE('',#3120,#2890,#413,.T.);
#2578=EDGE_CURVE('',#2885,#3118,#414,.F.);
#2579=EDGE_CURVE('',#3120,#2889,#415,.F.);
#2580=EDGE_CURVE('',#2887,#3117,#416,.T.);
#2581=EDGE_CURVE('',#3122,#2888,#417,.T.);
#2582=EDGE_CURVE('',#3122,#3117,#418,.F.);
#2583=EDGE_CURVE('',#3123,#3116,#419,.F.);
#2584=EDGE_CURVE('',#3119,#2983,#420,.T.);
#2585=EDGE_CURVE('',#2984,#3123,#421,.T.);
#2586=EDGE_CURVE('',#2985,#3116,#422,.F.);
#2587=EDGE_CURVE('',#3119,#2982,#423,.F.);
#2588=EDGE_CURVE('',#2979,#3115,#424,.T.);
#2589=EDGE_CURVE('',#3114,#2981,#425,.T.);
#2590=EDGE_CURVE('',#2978,#3115,#426,.F.);
#2591=EDGE_CURVE('',#3114,#2980,#427,.F.);
#2592=EDGE_CURVE('',#3104,#2963,#428,.F.);
#2593=EDGE_CURVE('',#2962,#3104,#429,.F.);
#2594=EDGE_CURVE('',#2964,#3107,#430,.T.);
#2595=EDGE_CURVE('',#3110,#2969,#431,.T.);
#2596=EDGE_CURVE('',#2965,#3107,#432,.F.);
#2597=EDGE_CURVE('',#3110,#2968,#433,.F.);
#2598=EDGE_CURVE('',#2966,#3109,#434,.T.);
#2599=EDGE_CURVE('',#3112,#2967,#435,.T.);
#2600=EDGE_CURVE('',#2832,#3111,#436,.T.);
#2601=EDGE_CURVE('',#3105,#2831,#437,.T.);
#2602=EDGE_CURVE('',#3105,#2830,#438,.F.);
#2603=EDGE_CURVE('',#3112,#3109,#439,.T.);
#2604=EDGE_CURVE('',#2833,#3111,#440,.F.);
#2605=EDGE_CURVE('',#3106,#2829,#441,.T.);
#2606=EDGE_CURVE('',#3113,#3108,#442,.T.);
#2607=EDGE_CURVE('',#2827,#3113,#443,.T.);
#2608=EDGE_CURVE('',#3106,#2828,#444,.F.);
#2609=EDGE_CURVE('',#2826,#3108,#445,.F.);
#2610=EDGE_CURVE('',#3154,#2917,#446,.F.);
#2611=EDGE_CURVE('',#2918,#3154,#447,.F.);
#2612=EDGE_CURVE('',#2912,#3157,#448,.T.);
#2613=EDGE_CURVE('',#3162,#2916,#449,.T.);
#2614=EDGE_CURVE('',#3160,#3157,#450,.T.);
#2615=EDGE_CURVE('',#2911,#3160,#451,.F.);
#2616=EDGE_CURVE('',#3162,#2915,#452,.F.);
#2617=EDGE_CURVE('',#3156,#2825,#453,.T.);
#2618=EDGE_CURVE('',#2819,#3155,#454,.T.);
#2619=EDGE_CURVE('',#3161,#3156,#455,.T.);
#2620=EDGE_CURVE('',#2913,#3159,#456,.T.);
#2621=EDGE_CURVE('',#3164,#2914,#457,.T.);
#2622=EDGE_CURVE('',#2818,#3155,#458,.F.);
#2623=EDGE_CURVE('',#3161,#2824,#459,.F.);
#2624=EDGE_CURVE('',#3164,#3159,#460,.T.);
#2625=EDGE_CURVE('',#2820,#3163,#461,.T.);
#2626=EDGE_CURVE('',#3158,#2823,#462,.T.);
#2627=EDGE_CURVE('',#3165,#3158,#463,.T.);
#2628=EDGE_CURVE('',#2821,#3163,#464,.F.);
#2629=EDGE_CURVE('',#3165,#2822,#465,.F.);
#2630=EDGE_CURVE('',#3178,#2976,#466,.F.);
#2631=EDGE_CURVE('',#2977,#3178,#467,.F.);
#2632=EDGE_CURVE('',#2971,#3181,#468,.T.);
#2633=EDGE_CURVE('',#3186,#2975,#469,.T.);
#2634=EDGE_CURVE('',#3184,#3181,#470,.T.);
#2635=EDGE_CURVE('',#2970,#3184,#471,.F.);
#2636=EDGE_CURVE('',#3186,#2974,#472,.F.);
#2637=EDGE_CURVE('',#3180,#2884,#473,.T.);
#2638=EDGE_CURVE('',#2878,#3179,#474,.T.);
#2639=EDGE_CURVE('',#3185,#3180,#475,.T.);
#2640=EDGE_CURVE('',#2972,#3183,#476,.T.);
#2641=EDGE_CURVE('',#3188,#2973,#477,.T.);
#2642=EDGE_CURVE('',#2877,#3179,#478,.F.);
#2643=EDGE_CURVE('',#3185,#2883,#479,.F.);
#2644=EDGE_CURVE('',#3188,#3183,#480,.T.);
#2645=EDGE_CURVE('',#2879,#3187,#481,.T.);
#2646=EDGE_CURVE('',#3182,#2882,#482,.T.);
#2647=EDGE_CURVE('',#3189,#3182,#483,.T.);
#2648=EDGE_CURVE('',#2880,#3187,#484,.F.);
#2649=EDGE_CURVE('',#3189,#2881,#485,.F.);
#2650=EDGE_CURVE('',#3166,#2909,#486,.F.);
#2651=EDGE_CURVE('',#2910,#3166,#487,.F.);
#2652=EDGE_CURVE('',#2904,#3169,#488,.T.);
#2653=EDGE_CURVE('',#3174,#2908,#489,.T.);
#2654=EDGE_CURVE('',#3172,#3169,#490,.T.);
#2655=EDGE_CURVE('',#2903,#3172,#491,.F.);
#2656=EDGE_CURVE('',#3174,#2907,#492,.F.);
#2657=EDGE_CURVE('',#3168,#2817,#493,.T.);
#2658=EDGE_CURVE('',#2811,#3167,#494,.T.);
#2659=EDGE_CURVE('',#3173,#3168,#495,.T.);
#2660=EDGE_CURVE('',#2905,#3171,#496,.T.);
#2661=EDGE_CURVE('',#3176,#2906,#497,.T.);
#2662=EDGE_CURVE('',#2810,#3167,#498,.F.);
#2663=EDGE_CURVE('',#3173,#2816,#499,.F.);
#2664=EDGE_CURVE('',#3176,#3171,#500,.T.);
#2665=EDGE_CURVE('',#2812,#3175,#501,.T.);
#2666=EDGE_CURVE('',#3170,#2815,#502,.T.);
#2667=EDGE_CURVE('',#3177,#3170,#503,.T.);
#2668=EDGE_CURVE('',#2813,#3175,#504,.F.);
#2669=EDGE_CURVE('',#3177,#2814,#505,.F.);
#2670=EDGE_CURVE('',#3074,#2920,#506,.F.);
#2671=EDGE_CURVE('',#2919,#3074,#507,.F.);
#2672=EDGE_CURVE('',#2921,#3079,#508,.T.);
#2673=EDGE_CURVE('',#3075,#2926,#509,.T.);
#2674=EDGE_CURVE('',#2922,#3079,#510,.F.);
#2675=EDGE_CURVE('',#3075,#2925,#511,.F.);
#2676=EDGE_CURVE('',#2923,#3083,#512,.T.);
#2677=EDGE_CURVE('',#3076,#2924,#513,.T.);
#2678=EDGE_CURVE('',#3076,#3083,#514,.T.);
#2679=EDGE_CURVE('',#3077,#3082,#515,.T.);
#2680=EDGE_CURVE('',#2873,#3080,#516,.T.);
#2681=EDGE_CURVE('',#3082,#2872,#517,.T.);
#2682=EDGE_CURVE('',#3077,#2871,#518,.F.);
#2683=EDGE_CURVE('',#2874,#3080,#519,.F.);
#2684=EDGE_CURVE('',#3078,#2869,#520,.T.);
#2685=EDGE_CURVE('',#2875,#3081,#521,.T.);
#2686=EDGE_CURVE('',#3078,#2870,#522,.F.);
#2687=EDGE_CURVE('',#2876,#3081,#523,.F.);
#2688=EDGE_CURVE('',#3084,#2955,#524,.F.);
#2689=EDGE_CURVE('',#2954,#3084,#525,.F.);
#2690=EDGE_CURVE('',#2956,#3089,#526,.T.);
#2691=EDGE_CURVE('',#3085,#2961,#527,.T.);
#2692=EDGE_CURVE('',#2957,#3089,#528,.F.);
#2693=EDGE_CURVE('',#3085,#2960,#529,.F.);
#2694=EDGE_CURVE('',#2958,#3093,#530,.T.);
#2695=EDGE_CURVE('',#3086,#2959,#531,.T.);
#2696=EDGE_CURVE('',#3086,#3093,#532,.T.);
#2697=EDGE_CURVE('',#3087,#3092,#533,.T.);
#2698=EDGE_CURVE('',#2838,#3090,#534,.T.);
#2699=EDGE_CURVE('',#3092,#2837,#535,.T.);
#2700=EDGE_CURVE('',#3087,#2836,#536,.F.);
#2701=EDGE_CURVE('',#2839,#3090,#537,.F.);
#2702=EDGE_CURVE('',#3088,#2834,#538,.T.);
#2703=EDGE_CURVE('',#2840,#3091,#539,.T.);
#2704=EDGE_CURVE('',#3088,#2835,#540,.F.);
#2705=EDGE_CURVE('',#2841,#3091,#541,.F.);
#2706=EDGE_CURVE('',#3124,#2928,#542,.F.);
#2707=EDGE_CURVE('',#2927,#3124,#543,.F.);
#2708=EDGE_CURVE('',#2929,#3129,#544,.T.);
#2709=EDGE_CURVE('',#3125,#2934,#545,.T.);
#2710=EDGE_CURVE('',#2930,#3129,#546,.F.);
#2711=EDGE_CURVE('',#3125,#2933,#547,.F.);
#2712=EDGE_CURVE('',#2931,#3133,#548,.T.);
#2713=EDGE_CURVE('',#3126,#2932,#549,.T.);
#2714=EDGE_CURVE('',#3131,#2849,#550,.T.);
#2715=EDGE_CURVE('',#2843,#3128,#551,.T.);
#2716=EDGE_CURVE('',#3126,#3133,#552,.T.);
#2717=EDGE_CURVE('',#2842,#3128,#553,.F.);
#2718=EDGE_CURVE('',#3131,#2848,#554,.F.);
#2719=EDGE_CURVE('',#3127,#3132,#555,.T.);
#2720=EDGE_CURVE('',#2844,#3127,#556,.T.);
#2721=EDGE_CURVE('',#3130,#2847,#557,.T.);
#2722=EDGE_CURVE('',#2845,#3132,#558,.F.);
#2723=EDGE_CURVE('',#3130,#2846,#559,.F.);
#2724=EDGE_CURVE('',#3190,#3191,#3562,.F.);
#2725=EDGE_CURVE('',#3191,#3065,#3563,.T.);
#2726=EDGE_CURVE('',#3064,#3190,#3564,.F.);
#2727=EDGE_CURVE('',#3192,#3193,#3565,.T.);
#2728=EDGE_CURVE('',#3193,#3194,#3566,.T.);
#2729=EDGE_CURVE('',#3195,#3194,#24,.F.);
#2730=EDGE_CURVE('',#3195,#3196,#3567,.T.);
#2731=EDGE_CURVE('',#3196,#3197,#3568,.T.);
#2732=EDGE_CURVE('',#3197,#3192,#3569,.T.);
#2733=EDGE_CURVE('',#3198,#3198,#560,.T.);
#2734=EDGE_CURVE('',#3199,#3199,#561,.T.);
#2735=EDGE_CURVE('',#3194,#3195,#22,.T.);
#2736=EDGE_CURVE('',#3066,#3200,#3570,.F.);
#2737=EDGE_CURVE('',#3200,#3201,#3571,.T.);
#2738=EDGE_CURVE('',#3201,#3067,#3572,.T.);
#2739=EDGE_CURVE('',#3202,#3203,#25,.F.);
#2740=EDGE_CURVE('',#3203,#3204,#3573,.F.);
#2741=EDGE_CURVE('',#3204,#3205,#3574,.F.);
#2742=EDGE_CURVE('',#3205,#3206,#3575,.F.);
#2743=EDGE_CURVE('',#3206,#3207,#3576,.F.);
#2744=EDGE_CURVE('',#3207,#3202,#3577,.F.);
#2745=EDGE_CURVE('',#3208,#3208,#562,.T.);
#2746=EDGE_CURVE('',#3209,#3209,#563,.T.);
#2747=EDGE_CURVE('',#3202,#3203,#23,.T.);
#2748=EDGE_CURVE('',#2854,#3201,#564,.T.);
#2749=EDGE_CURVE('',#2854,#3206,#565,.F.);
#2750=EDGE_CURVE('',#3206,#3201,#566,.F.);
#2751=EDGE_CURVE('',#3200,#2945,#567,.T.);
#2752=EDGE_CURVE('',#3207,#3200,#568,.T.);
#2753=EDGE_CURVE('',#2855,#3205,#569,.T.);
#2754=EDGE_CURVE('',#3207,#2945,#570,.F.);
#2755=EDGE_CURVE('',#2790,#3205,#571,.F.);
#2756=EDGE_CURVE('',#2856,#2790,#572,.F.);
#2757=EDGE_CURVE('',#3204,#2944,#573,.T.);
#2758=EDGE_CURVE('',#2791,#3204,#574,.F.);
#2759=EDGE_CURVE('',#2857,#2793,#575,.T.);
#2760=EDGE_CURVE('',#2791,#2943,#576,.F.);
#2761=EDGE_CURVE('',#2857,#3063,#577,.F.);
#2762=EDGE_CURVE('',#3063,#2793,#578,.F.);
#2763=EDGE_CURVE('',#2792,#2942,#579,.T.);
#2764=EDGE_CURVE('',#3060,#2792,#580,.T.);
#2765=EDGE_CURVE('',#3062,#3071,#581,.T.);
#2766=EDGE_CURVE('',#2858,#3062,#582,.T.);
#2767=EDGE_CURVE('',#3060,#2942,#583,.F.);
#2768=EDGE_CURVE('',#2858,#3071,#584,.F.);
#2769=EDGE_CURVE('',#3061,#2941,#585,.T.);
#2770=EDGE_CURVE('',#3072,#3061,#586,.T.);
#2771=EDGE_CURVE('',#3070,#2799,#587,.T.);
#2772=EDGE_CURVE('',#2859,#3070,#588,.T.);
#2773=EDGE_CURVE('',#3072,#2941,#589,.F.);
#2774=EDGE_CURVE('',#2859,#2799,#590,.F.);
#2775=EDGE_CURVE('',#3073,#2940,#591,.T.);
#2776=EDGE_CURVE('',#2796,#3073,#592,.T.);
#2777=EDGE_CURVE('',#2860,#2798,#593,.T.);
#2778=EDGE_CURVE('',#2796,#2940,#594,.F.);
#2779=EDGE_CURVE('',#3192,#2798,#595,.F.);
#2780=EDGE_CURVE('',#2850,#3192,#596,.F.);
#2781=EDGE_CURVE('',#2797,#2939,#597,.T.);
#2782=EDGE_CURVE('',#3193,#2797,#598,.F.);
#2783=EDGE_CURVE('',#2851,#3197,#599,.T.);
#2784=EDGE_CURVE('',#3190,#2851,#600,.T.);
#2785=EDGE_CURVE('',#3193,#2938,#601,.F.);
#2786=EDGE_CURVE('',#3190,#3197,#602,.F.);
#2787=EDGE_CURVE('',#3196,#2937,#603,.T.);
#2788=EDGE_CURVE('',#3191,#3196,#604,.T.);
#2789=EDGE_CURVE('',#3191,#2937,#605,.F.);
#2790=VERTEX_POINT('',#7398);
#2791=VERTEX_POINT('',#7399);
#2792=VERTEX_POINT('',#7401);
#2793=VERTEX_POINT('',#7403);
#2794=VERTEX_POINT('',#7407);
#2795=VERTEX_POINT('',#7408);
#2796=VERTEX_POINT('',#7410);
#2797=VERTEX_POINT('',#7412);
#2798=VERTEX_POINT('',#7414);
#2799=VERTEX_POINT('',#7416);
#2800=VERTEX_POINT('',#7418);
#2801=VERTEX_POINT('',#7420);
#2802=VERTEX_POINT('',#7424);
#2803=VERTEX_POINT('',#7426);
#2804=VERTEX_POINT('',#7428);
#2805=VERTEX_POINT('',#7429);
#2806=VERTEX_POINT('',#7431);
#2807=VERTEX_POINT('',#7433);
#2808=VERTEX_POINT('',#7435);
#2809=VERTEX_POINT('',#7437);
#2810=VERTEX_POINT('',#7440);
#2811=VERTEX_POINT('',#7441);
#2812=VERTEX_POINT('',#7443);
#2813=VERTEX_POINT('',#7445);
#2814=VERTEX_POINT('',#7447);
#2815=VERTEX_POINT('',#7449);
#2816=VERTEX_POINT('',#7451);
#2817=VERTEX_POINT('',#7453);
#2818=VERTEX_POINT('',#7456);
#2819=VERTEX_POINT('',#7457);
#2820=VERTEX_POINT('',#7459);
#2821=VERTEX_POINT('',#7461);
#2822=VERTEX_POINT('',#7463);
#2823=VERTEX_POINT('',#7465);
#2824=VERTEX_POINT('',#7467);
#2825=VERTEX_POINT('',#7469);
#2826=VERTEX_POINT('',#7472);
#2827=VERTEX_POINT('',#7473);
#2828=VERTEX_POINT('',#7475);
#2829=VERTEX_POINT('',#7477);
#2830=VERTEX_POINT('',#7479);
#2831=VERTEX_POINT('',#7481);
#2832=VERTEX_POINT('',#7483);
#2833=VERTEX_POINT('',#7485);
#2834=VERTEX_POINT('',#7488);
#2835=VERTEX_POINT('',#7489);
#2836=VERTEX_POINT('',#7491);
#2837=VERTEX_POINT('',#7493);
#2838=VERTEX_POINT('',#7495);
#2839=VERTEX_POINT('',#7497);
#2840=VERTEX_POINT('',#7499);
#2841=VERTEX_POINT('',#7501);
#2842=VERTEX_POINT('',#7504);
#2843=VERTEX_POINT('',#7505);
#2844=VERTEX_POINT('',#7507);
#2845=VERTEX_POINT('',#7509);
#2846=VERTEX_POINT('',#7511);
#2847=VERTEX_POINT('',#7513);
#2848=VERTEX_POINT('',#7515);
#2849=VERTEX_POINT('',#7517);
#2850=VERTEX_POINT('',#7520);
#2851=VERTEX_POINT('',#7521);
#2852=VERTEX_POINT('',#7523);
#2853=VERTEX_POINT('',#7525);
#2854=VERTEX_POINT('',#7527);
#2855=VERTEX_POINT('',#7529);
#2856=VERTEX_POINT('',#7531);
#2857=VERTEX_POINT('',#7533);
#2858=VERTEX_POINT('',#7535);
#2859=VERTEX_POINT('',#7537);
#2860=VERTEX_POINT('',#7539);
#2861=VERTEX_POINT('',#7542);
#2862=VERTEX_POINT('',#7543);
#2863=VERTEX_POINT('',#7545);
#2864=VERTEX_POINT('',#7547);
#2865=VERTEX_POINT('',#7549);
#2866=VERTEX_POINT('',#7551);
#2867=VERTEX_POINT('',#7553);
#2868=VERTEX_POINT('',#7555);
#2869=VERTEX_POINT('',#7558);
#2870=VERTEX_POINT('',#7559);
#2871=VERTEX_POINT('',#7561);
#2872=VERTEX_POINT('',#7563);
#2873=VERTEX_POINT('',#7565);
#2874=VERTEX_POINT('',#7567);
#2875=VERTEX_POINT('',#7569);
#2876=VERTEX_POINT('',#7571);
#2877=VERTEX_POINT('',#7574);
#2878=VERTEX_POINT('',#7575);
#2879=VERTEX_POINT('',#7577);
#2880=VERTEX_POINT('',#7579);
#2881=VERTEX_POINT('',#7581);
#2882=VERTEX_POINT('',#7583);
#2883=VERTEX_POINT('',#7585);
#2884=VERTEX_POINT('',#7587);
#2885=VERTEX_POINT('',#7590);
#2886=VERTEX_POINT('',#7591);
#2887=VERTEX_POINT('',#7593);
#2888=VERTEX_POINT('',#7595);
#2889=VERTEX_POINT('',#7597);
#2890=VERTEX_POINT('',#7599);
#2891=VERTEX_POINT('',#7601);
#2892=VERTEX_POINT('',#7603);
#2893=VERTEX_POINT('',#7606);
#2894=VERTEX_POINT('',#7607);
#2895=VERTEX_POINT('',#7609);
#2896=VERTEX_POINT('',#7611);
#2897=VERTEX_POINT('',#7613);
#2898=VERTEX_POINT('',#7615);
#2899=VERTEX_POINT('',#7617);
#2900=VERTEX_POINT('',#7619);
#2901=VERTEX_POINT('',#7623);
#2902=VERTEX_POINT('',#7625);
#2903=VERTEX_POINT('',#7627);
#2904=VERTEX_POINT('',#7628);
#2905=VERTEX_POINT('',#7630);
#2906=VERTEX_POINT('',#7632);
#2907=VERTEX_POINT('',#7634);
#2908=VERTEX_POINT('',#7636);
#2909=VERTEX_POINT('',#7638);
#2910=VERTEX_POINT('',#7640);
#2911=VERTEX_POINT('',#7643);
#2912=VERTEX_POINT('',#7644);
#2913=VERTEX_POINT('',#7646);
#2914=VERTEX_POINT('',#7648);
#2915=VERTEX_POINT('',#7650);
#2916=VERTEX_POINT('',#7652);
#2917=VERTEX_POINT('',#7654);
#2918=VERTEX_POINT('',#7656);
#2919=VERTEX_POINT('',#7659);
#2920=VERTEX_POINT('',#7660);
#2921=VERTEX_POINT('',#7662);
#2922=VERTEX_POINT('',#7664);
#2923=VERTEX_POINT('',#7666);
#2924=VERTEX_POINT('',#7668);
#2925=VERTEX_POINT('',#7670);
#2926=VERTEX_POINT('',#7672);
#2927=VERTEX_POINT('',#7675);
#2928=VERTEX_POINT('',#7676);
#2929=VERTEX_POINT('',#7678);
#2930=VERTEX_POINT('',#7680);
#2931=VERTEX_POINT('',#7682);
#2932=VERTEX_POINT('',#7684);
#2933=VERTEX_POINT('',#7686);
#2934=VERTEX_POINT('',#7688);
#2935=VERTEX_POINT('',#7691);
#2936=VERTEX_POINT('',#7692);
#2937=VERTEX_POINT('',#7694);
#2938=VERTEX_POINT('',#7696);
#2939=VERTEX_POINT('',#7698);
#2940=VERTEX_POINT('',#7700);
#2941=VERTEX_POINT('',#7702);
#2942=VERTEX_POINT('',#7704);
#2943=VERTEX_POINT('',#7706);
#2944=VERTEX_POINT('',#7708);
#2945=VERTEX_POINT('',#7710);
#2946=VERTEX_POINT('',#7713);
#2947=VERTEX_POINT('',#7714);
#2948=VERTEX_POINT('',#7716);
#2949=VERTEX_POINT('',#7718);
#2950=VERTEX_POINT('',#7720);
#2951=VERTEX_POINT('',#7722);
#2952=VERTEX_POINT('',#7724);
#2953=VERTEX_POINT('',#7726);
#2954=VERTEX_POINT('',#7729);
#2955=VERTEX_POINT('',#7730);
#2956=VERTEX_POINT('',#7732);
#2957=VERTEX_POINT('',#7734);
#2958=VERTEX_POINT('',#7736);
#2959=VERTEX_POINT('',#7738);
#2960=VERTEX_POINT('',#7740);
#2961=VERTEX_POINT('',#7742);
#2962=VERTEX_POINT('',#7745);
#2963=VERTEX_POINT('',#7746);
#2964=VERTEX_POINT('',#7748);
#2965=VERTEX_POINT('',#7750);
#2966=VERTEX_POINT('',#7752);
#2967=VERTEX_POINT('',#7754);
#2968=VERTEX_POINT('',#7756);
#2969=VERTEX_POINT('',#7758);
#2970=VERTEX_POINT('',#7761);
#2971=VERTEX_POINT('',#7762);
#2972=VERTEX_POINT('',#7764);
#2973=VERTEX_POINT('',#7766);
#2974=VERTEX_POINT('',#7768);
#2975=VERTEX_POINT('',#7770);
#2976=VERTEX_POINT('',#7772);
#2977=VERTEX_POINT('',#7774);
#2978=VERTEX_POINT('',#7777);
#2979=VERTEX_POINT('',#7778);
#2980=VERTEX_POINT('',#7780);
#2981=VERTEX_POINT('',#7782);
#2982=VERTEX_POINT('',#7784);
#2983=VERTEX_POINT('',#7786);
#2984=VERTEX_POINT('',#7788);
#2985=VERTEX_POINT('',#7790);
#2986=VERTEX_POINT('',#7793);
#2987=VERTEX_POINT('',#7794);
#2988=VERTEX_POINT('',#7796);
#2989=VERTEX_POINT('',#7798);
#2990=VERTEX_POINT('',#7800);
#2991=VERTEX_POINT('',#7802);
#2992=VERTEX_POINT('',#7804);
#2993=VERTEX_POINT('',#7806);
#2994=VERTEX_POINT('',#7809);
#2995=VERTEX_POINT('',#7810);
#2996=VERTEX_POINT('',#7812);
#2997=VERTEX_POINT('',#7814);
#2998=VERTEX_POINT('',#7816);
#2999=VERTEX_POINT('',#7818);
#3000=VERTEX_POINT('',#7822);
#3001=VERTEX_POINT('',#7824);
#3002=VERTEX_POINT('',#7826);
#3003=VERTEX_POINT('',#7827);
#3004=VERTEX_POINT('',#7829);
#3005=VERTEX_POINT('',#7831);
#3006=VERTEX_POINT('',#7834);
#3007=VERTEX_POINT('',#7836);
#3008=VERTEX_POINT('',#7838);
#3009=VERTEX_POINT('',#7840);
#3010=VERTEX_POINT('',#7842);
#3011=VERTEX_POINT('',#7844);
#3012=VERTEX_POINT('',#7846);
#3013=VERTEX_POINT('',#7848);
#3014=VERTEX_POINT('',#7850);
#3015=VERTEX_POINT('',#7852);
#3016=VERTEX_POINT('',#7854);
#3017=VERTEX_POINT('',#7856);
#3018=VERTEX_POINT('',#7858);
#3019=VERTEX_POINT('',#7860);
#3020=VERTEX_POINT('',#7862);
#3021=VERTEX_POINT('',#7864);
#3022=VERTEX_POINT('',#7866);
#3023=VERTEX_POINT('',#7868);
#3024=VERTEX_POINT('',#7870);
#3025=VERTEX_POINT('',#7872);
#3026=VERTEX_POINT('',#7874);
#3027=VERTEX_POINT('',#7876);
#3028=VERTEX_POINT('',#7878);
#3029=VERTEX_POINT('',#7880);
#3030=VERTEX_POINT('',#7884);
#3031=VERTEX_POINT('',#7886);
#3032=VERTEX_POINT('',#7888);
#3033=VERTEX_POINT('',#7889);
#3034=VERTEX_POINT('',#7891);
#3035=VERTEX_POINT('',#7893);
#3036=VERTEX_POINT('',#7895);
#3037=VERTEX_POINT('',#7897);
#3038=VERTEX_POINT('',#7899);
#3039=VERTEX_POINT('',#7901);
#3040=VERTEX_POINT('',#7903);
#3041=VERTEX_POINT('',#7905);
#3042=VERTEX_POINT('',#7907);
#3043=VERTEX_POINT('',#7909);
#3044=VERTEX_POINT('',#7911);
#3045=VERTEX_POINT('',#7913);
#3046=VERTEX_POINT('',#7915);
#3047=VERTEX_POINT('',#7917);
#3048=VERTEX_POINT('',#7919);
#3049=VERTEX_POINT('',#7921);
#3050=VERTEX_POINT('',#7923);
#3051=VERTEX_POINT('',#7925);
#3052=VERTEX_POINT('',#7927);
#3053=VERTEX_POINT('',#7929);
#3054=VERTEX_POINT('',#7931);
#3055=VERTEX_POINT('',#7933);
#3056=VERTEX_POINT('',#7935);
#3057=VERTEX_POINT('',#7937);
#3058=VERTEX_POINT('',#7939);
#3059=VERTEX_POINT('',#7941);
#3060=VERTEX_POINT('',#7964);
#3061=VERTEX_POINT('',#7965);
#3062=VERTEX_POINT('',#7969);
#3063=VERTEX_POINT('',#7971);
#3064=VERTEX_POINT('',#7975);
#3065=VERTEX_POINT('',#7976);
#3066=VERTEX_POINT('',#7979);
#3067=VERTEX_POINT('',#7981);
#3068=VERTEX_POINT('',#7985);
#3069=VERTEX_POINT('',#7987);
#3070=VERTEX_POINT('',#7993);
#3071=VERTEX_POINT('',#7994);
#3072=VERTEX_POINT('',#7999);
#3073=VERTEX_POINT('',#8001);
#3074=VERTEX_POINT('',#8005);
#3075=VERTEX_POINT('',#8007);
#3076=VERTEX_POINT('',#8011);
#3077=VERTEX_POINT('',#8013);
#3078=VERTEX_POINT('',#8015);
#3079=VERTEX_POINT('',#8019);
#3080=VERTEX_POINT('',#8020);
#3081=VERTEX_POINT('',#8023);
#3082=VERTEX_POINT('',#8027);
#3083=VERTEX_POINT('',#8029);
#3084=VERTEX_POINT('',#8035);
#3085=VERTEX_POINT('',#8037);
#3086=VERTEX_POINT('',#8041);
#3087=VERTEX_POINT('',#8043);
#3088=VERTEX_POINT('',#8045);
#3089=VERTEX_POINT('',#8049);
#3090=VERTEX_POINT('',#8050);
#3091=VERTEX_POINT('',#8053);
#3092=VERTEX_POINT('',#8057);
#3093=VERTEX_POINT('',#8059);
#3094=VERTEX_POINT('',#8065);
#3095=VERTEX_POINT('',#8067);
#3096=VERTEX_POINT('',#8071);
#3097=VERTEX_POINT('',#8073);
#3098=VERTEX_POINT('',#8075);
#3099=VERTEX_POINT('',#8079);
#3100=VERTEX_POINT('',#8080);
#3101=VERTEX_POINT('',#8083);
#3102=VERTEX_POINT('',#8087);
#3103=VERTEX_POINT('',#8089);
#3104=VERTEX_POINT('',#8095);
#3105=VERTEX_POINT('',#8096);
#3106=VERTEX_POINT('',#8098);
#3107=VERTEX_POINT('',#8101);
#3108=VERTEX_POINT('',#8105);
#3109=VERTEX_POINT('',#8107);
#3110=VERTEX_POINT('',#8111);
#3111=VERTEX_POINT('',#8113);
#3112=VERTEX_POINT('',#8117);
#3113=VERTEX_POINT('',#8119);
#3114=VERTEX_POINT('',#8123);
#3115=VERTEX_POINT('',#8125);
#3116=VERTEX_POINT('',#8129);
#3117=VERTEX_POINT('',#8131);
#3118=VERTEX_POINT('',#8133);
#3119=VERTEX_POINT('',#8137);
#3120=VERTEX_POINT('',#8138);
#3121=VERTEX_POINT('',#8141);
#3122=VERTEX_POINT('',#8145);
#3123=VERTEX_POINT('',#8146);
#3124=VERTEX_POINT('',#8153);
#3125=VERTEX_POINT('',#8155);
#3126=VERTEX_POINT('',#8159);
#3127=VERTEX_POINT('',#8161);
#3128=VERTEX_POINT('',#8163);
#3129=VERTEX_POINT('',#8167);
#3130=VERTEX_POINT('',#8168);
#3131=VERTEX_POINT('',#8171);
#3132=VERTEX_POINT('',#8175);
#3133=VERTEX_POINT('',#8177);
#3134=VERTEX_POINT('',#8183);
#3135=VERTEX_POINT('',#8184);
#3136=VERTEX_POINT('',#8186);
#3137=VERTEX_POINT('',#8188);
#3138=VERTEX_POINT('',#8192);
#3139=VERTEX_POINT('',#8193);
#3140=VERTEX_POINT('',#8195);
#3141=VERTEX_POINT('',#8197);
#3142=VERTEX_POINT('',#8201);
#3143=VERTEX_POINT('',#8203);
#3144=VERTEX_POINT('',#8207);
#3145=VERTEX_POINT('',#8209);
#3146=VERTEX_POINT('',#8213);
#3147=VERTEX_POINT('',#8214);
#3148=VERTEX_POINT('',#8216);
#3149=VERTEX_POINT('',#8218);
#3150=VERTEX_POINT('',#8222);
#3151=VERTEX_POINT('',#8224);
#3152=VERTEX_POINT('',#8228);
#3153=VERTEX_POINT('',#8230);
#3154=VERTEX_POINT('',#8234);
#3155=VERTEX_POINT('',#8235);
#3156=VERTEX_POINT('',#8237);
#3157=VERTEX_POINT('',#8239);
#3158=VERTEX_POINT('',#8243);
#3159=VERTEX_POINT('',#8244);
#3160=VERTEX_POINT('',#8246);
#3161=VERTEX_POINT('',#8248);
#3162=VERTEX_POINT('',#8252);
#3163=VERTEX_POINT('',#8254);
#3164=VERTEX_POINT('',#8258);
#3165=VERTEX_POINT('',#8259);
#3166=VERTEX_POINT('',#8264);
#3167=VERTEX_POINT('',#8265);
#3168=VERTEX_POINT('',#8267);
#3169=VERTEX_POINT('',#8269);
#3170=VERTEX_POINT('',#8273);
#3171=VERTEX_POINT('',#8274);
#3172=VERTEX_POINT('',#8276);
#3173=VERTEX_POINT('',#8278);
#3174=VERTEX_POINT('',#8282);
#3175=VERTEX_POINT('',#8284);
#3176=VERTEX_POINT('',#8288);
#3177=VERTEX_POINT('',#8289);
#3178=VERTEX_POINT('',#8294);
#3179=VERTEX_POINT('',#8295);
#3180=VERTEX_POINT('',#8297);
#3181=VERTEX_POINT('',#8299);
#3182=VERTEX_POINT('',#8303);
#3183=VERTEX_POINT('',#8304);
#3184=VERTEX_POINT('',#8306);
#3185=VERTEX_POINT('',#8308);
#3186=VERTEX_POINT('',#8312);
#3187=VERTEX_POINT('',#8314);
#3188=VERTEX_POINT('',#8318);
#3189=VERTEX_POINT('',#8319);
#3190=VERTEX_POINT('',#8713);
#3191=VERTEX_POINT('',#8714);
#3192=VERTEX_POINT('',#8719);
#3193=VERTEX_POINT('',#8720);
#3194=VERTEX_POINT('',#8722);
#3195=VERTEX_POINT('',#8724);
#3196=VERTEX_POINT('',#8726);
#3197=VERTEX_POINT('',#8728);
#3198=VERTEX_POINT('',#8732);
#3199=VERTEX_POINT('',#8735);
#3200=VERTEX_POINT('',#8746);
#3201=VERTEX_POINT('',#8748);
#3202=VERTEX_POINT('',#8752);
#3203=VERTEX_POINT('',#8753);
#3204=VERTEX_POINT('',#8755);
#3205=VERTEX_POINT('',#8757);
#3206=VERTEX_POINT('',#8759);
#3207=VERTEX_POINT('',#8761);
#3208=VERTEX_POINT('',#8765);
#3209=VERTEX_POINT('',#8768);
#3210=LINE('',#7397,#3578);
#3211=LINE('',#7400,#3579);
#3212=LINE('',#7402,#3580);
#3213=LINE('',#7404,#3581);
#3214=LINE('',#7406,#3582);
#3215=LINE('',#7409,#3583);
#3216=LINE('',#7411,#3584);
#3217=LINE('',#7413,#3585);
#3218=LINE('',#7415,#3586);
#3219=LINE('',#7417,#3587);
#3220=LINE('',#7419,#3588);
#3221=LINE('',#7421,#3589);
#3222=LINE('',#7430,#3590);
#3223=LINE('',#7434,#3591);
#3224=LINE('',#7438,#3592);
#3225=LINE('',#7442,#3593);
#3226=LINE('',#7446,#3594);
#3227=LINE('',#7450,#3595);
#3228=LINE('',#7454,#3596);
#3229=LINE('',#7458,#3597);
#3230=LINE('',#7462,#3598);
#3231=LINE('',#7466,#3599);
#3232=LINE('',#7470,#3600);
#3233=LINE('',#7474,#3601);
#3234=LINE('',#7478,#3602);
#3235=LINE('',#7482,#3603);
#3236=LINE('',#7486,#3604);
#3237=LINE('',#7490,#3605);
#3238=LINE('',#7494,#3606);
#3239=LINE('',#7498,#3607);
#3240=LINE('',#7502,#3608);
#3241=LINE('',#7506,#3609);
#3242=LINE('',#7510,#3610);
#3243=LINE('',#7514,#3611);
#3244=LINE('',#7518,#3612);
#3245=LINE('',#7519,#3613);
#3246=LINE('',#7522,#3614);
#3247=LINE('',#7524,#3615);
#3248=LINE('',#7526,#3616);
#3249=LINE('',#7528,#3617);
#3250=LINE('',#7532,#3618);
#3251=LINE('',#7534,#3619);
#3252=LINE('',#7536,#3620);
#3253=LINE('',#7538,#3621);
#3254=LINE('',#7544,#3622);
#3255=LINE('',#7548,#3623);
#3256=LINE('',#7552,#3624);
#3257=LINE('',#7556,#3625);
#3258=LINE('',#7560,#3626);
#3259=LINE('',#7564,#3627);
#3260=LINE('',#7568,#3628);
#3261=LINE('',#7572,#3629);
#3262=LINE('',#7576,#3630);
#3263=LINE('',#7580,#3631);
#3264=LINE('',#7584,#3632);
#3265=LINE('',#7588,#3633);
#3266=LINE('',#7592,#3634);
#3267=LINE('',#7596,#3635);
#3268=LINE('',#7600,#3636);
#3269=LINE('',#7604,#3637);
#3270=LINE('',#7608,#3638);
#3271=LINE('',#7612,#3639);
#3272=LINE('',#7616,#3640);
#3273=LINE('',#7620,#3641);
#3274=LINE('',#7629,#3642);
#3275=LINE('',#7633,#3643);
#3276=LINE('',#7637,#3644);
#3277=LINE('',#7641,#3645);
#3278=LINE('',#7645,#3646);
#3279=LINE('',#7649,#3647);
#3280=LINE('',#7653,#3648);
#3281=LINE('',#7657,#3649);
#3282=LINE('',#7661,#3650);
#3283=LINE('',#7665,#3651);
#3284=LINE('',#7669,#3652);
#3285=LINE('',#7673,#3653);
#3286=LINE('',#7677,#3654);
#3287=LINE('',#7681,#3655);
#3288=LINE('',#7685,#3656);
#3289=LINE('',#7689,#3657);
#3290=LINE('',#7690,#3658);
#3291=LINE('',#7693,#3659);
#3292=LINE('',#7695,#3660);
#3293=LINE('',#7699,#3661);
#3294=LINE('',#7701,#3662);
#3295=LINE('',#7703,#3663);
#3296=LINE('',#7705,#3664);
#3297=LINE('',#7709,#3665);
#3298=LINE('',#7711,#3666);
#3299=LINE('',#7715,#3667);
#3300=LINE('',#7719,#3668);
#3301=LINE('',#7723,#3669);
#3302=LINE('',#7727,#3670);
#3303=LINE('',#7731,#3671);
#3304=LINE('',#7735,#3672);
#3305=LINE('',#7739,#3673);
#3306=LINE('',#7743,#3674);
#3307=LINE('',#7747,#3675);
#3308=LINE('',#7751,#3676);
#3309=LINE('',#7755,#3677);
#3310=LINE('',#7759,#3678);
#3311=LINE('',#7763,#3679);
#3312=LINE('',#7767,#3680);
#3313=LINE('',#7771,#3681);
#3314=LINE('',#7775,#3682);
#3315=LINE('',#7779,#3683);
#3316=LINE('',#7783,#3684);
#3317=LINE('',#7787,#3685);
#3318=LINE('',#7791,#3686);
#3319=LINE('',#7795,#3687);
#3320=LINE('',#7799,#3688);
#3321=LINE('',#7803,#3689);
#3322=LINE('',#7807,#3690);
#3323=LINE('',#7811,#3691);
#3324=LINE('',#7815,#3692);
#3325=LINE('',#7819,#3693);
#3326=LINE('',#7825,#3694);
#3327=LINE('',#7830,#3695);
#3328=LINE('',#7833,#3696);
#3329=LINE('',#7835,#3697);
#3330=LINE('',#7837,#3698);
#3331=LINE('',#7839,#3699);
#3332=LINE('',#7841,#3700);
#3333=LINE('',#7843,#3701);
#3334=LINE('',#7845,#3702);
#3335=LINE('',#7847,#3703);
#3336=LINE('',#7849,#3704);
#3337=LINE('',#7851,#3705);
#3338=LINE('',#7853,#3706);
#3339=LINE('',#7855,#3707);
#3340=LINE('',#7857,#3708);
#3341=LINE('',#7859,#3709);
#3342=LINE('',#7861,#3710);
#3343=LINE('',#7863,#3711);
#3344=LINE('',#7865,#3712);
#3345=LINE('',#7867,#3713);
#3346=LINE('',#7869,#3714);
#3347=LINE('',#7871,#3715);
#3348=LINE('',#7873,#3716);
#3349=LINE('',#7875,#3717);
#3350=LINE('',#7877,#3718);
#3351=LINE('',#7879,#3719);
#3352=LINE('',#7881,#3720);
#3353=LINE('',#7887,#3721);
#3354=LINE('',#7892,#3722);
#3355=LINE('',#7894,#3723);
#3356=LINE('',#7896,#3724);
#3357=LINE('',#7898,#3725);
#3358=LINE('',#7900,#3726);
#3359=LINE('',#7902,#3727);
#3360=LINE('',#7904,#3728);
#3361=LINE('',#7906,#3729);
#3362=LINE('',#7908,#3730);
#3363=LINE('',#7910,#3731);
#3364=LINE('',#7912,#3732);
#3365=LINE('',#7914,#3733);
#3366=LINE('',#7916,#3734);
#3367=LINE('',#7918,#3735);
#3368=LINE('',#7920,#3736);
#3369=LINE('',#7922,#3737);
#3370=LINE('',#7924,#3738);
#3371=LINE('',#7926,#3739);
#3372=LINE('',#7928,#3740);
#3373=LINE('',#7930,#3741);
#3374=LINE('',#7932,#3742);
#3375=LINE('',#7934,#3743);
#3376=LINE('',#7936,#3744);
#3377=LINE('',#7938,#3745);
#3378=LINE('',#7940,#3746);
#3379=LINE('',#7942,#3747);
#3380=LINE('',#7945,#3748);
#3381=LINE('',#7946,#3749);
#3382=LINE('',#7948,#3750);
#3383=LINE('',#7949,#3751);
#3384=LINE('',#7951,#3752);
#3385=LINE('',#7952,#3753);
#3386=LINE('',#7954,#3754);
#3387=LINE('',#7955,#3755);
#3388=LINE('',#7957,#3756);
#3389=LINE('',#7958,#3757);
#3390=LINE('',#7960,#3758);
#3391=LINE('',#7961,#3759);
#3392=LINE('',#7963,#3760);
#3393=LINE('',#7966,#3761);
#3394=LINE('',#7967,#3762);
#3395=LINE('',#7968,#3763);
#3396=LINE('',#7970,#3764);
#3397=LINE('',#7972,#3765);
#3398=LINE('',#7974,#3766);
#3399=LINE('',#7980,#3767);
#3400=LINE('',#7990,#3768);
#3401=LINE('',#7992,#3769);
#3402=LINE('',#7995,#3770);
#3403=LINE('',#7996,#3771);
#3404=LINE('',#7998,#3772);
#3405=LINE('',#8000,#3773);
#3406=LINE('',#8002,#3774);
#3407=LINE('',#8004,#3775);
#3408=LINE('',#8006,#3776);
#3409=LINE('',#8008,#3777);
#3410=LINE('',#8010,#3778);
#3411=LINE('',#8012,#3779);
#3412=LINE('',#8014,#3780);
#3413=LINE('',#8016,#3781);
#3414=LINE('',#8018,#3782);
#3415=LINE('',#8021,#3783);
#3416=LINE('',#8022,#3784);
#3417=LINE('',#8024,#3785);
#3418=LINE('',#8026,#3786);
#3419=LINE('',#8028,#3787);
#3420=LINE('',#8030,#3788);
#3421=LINE('',#8032,#3789);
#3422=LINE('',#8034,#3790);
#3423=LINE('',#8036,#3791);
#3424=LINE('',#8038,#3792);
#3425=LINE('',#8040,#3793);
#3426=LINE('',#8042,#3794);
#3427=LINE('',#8044,#3795);
#3428=LINE('',#8046,#3796);
#3429=LINE('',#8048,#3797);
#3430=LINE('',#8051,#3798);
#3431=LINE('',#8052,#3799);
#3432=LINE('',#8054,#3800);
#3433=LINE('',#8056,#3801);
#3434=LINE('',#8058,#3802);
#3435=LINE('',#8060,#3803);
#3436=LINE('',#8062,#3804);
#3437=LINE('',#8064,#3805);
#3438=LINE('',#8066,#3806);
#3439=LINE('',#8068,#3807);
#3440=LINE('',#8070,#3808);
#3441=LINE('',#8072,#3809);
#3442=LINE('',#8074,#3810);
#3443=LINE('',#8076,#3811);
#3444=LINE('',#8078,#3812);
#3445=LINE('',#8081,#3813);
#3446=LINE('',#8082,#3814);
#3447=LINE('',#8084,#3815);
#3448=LINE('',#8086,#3816);
#3449=LINE('',#8088,#3817);
#3450=LINE('',#8090,#3818);
#3451=LINE('',#8092,#3819);
#3452=LINE('',#8094,#3820);
#3453=LINE('',#8097,#3821);
#3454=LINE('',#8099,#3822);
#3455=LINE('',#8100,#3823);
#3456=LINE('',#8102,#3824);
#3457=LINE('',#8104,#3825);
#3458=LINE('',#8106,#3826);
#3459=LINE('',#8108,#3827);
#3460=LINE('',#8110,#3828);
#3461=LINE('',#8112,#3829);
#3462=LINE('',#8114,#3830);
#3463=LINE('',#8116,#3831);
#3464=LINE('',#8118,#3832);
#3465=LINE('',#8120,#3833);
#3466=LINE('',#8122,#3834);
#3467=LINE('',#8124,#3835);
#3468=LINE('',#8126,#3836);
#3469=LINE('',#8128,#3837);
#3470=LINE('',#8130,#3838);
#3471=LINE('',#8132,#3839);
#3472=LINE('',#8134,#3840);
#3473=LINE('',#8136,#3841);
#3474=LINE('',#8139,#3842);
#3475=LINE('',#8140,#3843);
#3476=LINE('',#8142,#3844);
#3477=LINE('',#8144,#3845);
#3478=LINE('',#8147,#3846);
#3479=LINE('',#8148,#3847);
#3480=LINE('',#8150,#3848);
#3481=LINE('',#8152,#3849);
#3482=LINE('',#8154,#3850);
#3483=LINE('',#8156,#3851);
#3484=LINE('',#8158,#3852);
#3485=LINE('',#8160,#3853);
#3486=LINE('',#8162,#3854);
#3487=LINE('',#8164,#3855);
#3488=LINE('',#8166,#3856);
#3489=LINE('',#8169,#3857);
#3490=LINE('',#8170,#3858);
#3491=LINE('',#8172,#3859);
#3492=LINE('',#8174,#3860);
#3493=LINE('',#8176,#3861);
#3494=LINE('',#8178,#3862);
#3495=LINE('',#8180,#3863);
#3496=LINE('',#8182,#3864);
#3497=LINE('',#8185,#3865);
#3498=LINE('',#8187,#3866);
#3499=LINE('',#8189,#3867);
#3500=LINE('',#8191,#3868);
#3501=LINE('',#8194,#3869);
#3502=LINE('',#8196,#3870);
#3503=LINE('',#8198,#3871);
#3504=LINE('',#8200,#3872);
#3505=LINE('',#8202,#3873);
#3506=LINE('',#8204,#3874);
#3507=LINE('',#8206,#3875);
#3508=LINE('',#8208,#3876);
#3509=LINE('',#8210,#3877);
#3510=LINE('',#8212,#3878);
#3511=LINE('',#8215,#3879);
#3512=LINE('',#8217,#3880);
#3513=LINE('',#8219,#3881);
#3514=LINE('',#8221,#3882);
#3515=LINE('',#8223,#3883);
#3516=LINE('',#8225,#3884);
#3517=LINE('',#8227,#3885);
#3518=LINE('',#8229,#3886);
#3519=LINE('',#8231,#3887);
#3520=LINE('',#8233,#3888);
#3521=LINE('',#8236,#3889);
#3522=LINE('',#8238,#3890);
#3523=LINE('',#8240,#3891);
#3524=LINE('',#8242,#3892);
#3525=LINE('',#8245,#3893);
#3526=LINE('',#8247,#3894);
#3527=LINE('',#8249,#3895);
#3528=LINE('',#8251,#3896);
#3529=LINE('',#8253,#3897);
#3530=LINE('',#8255,#3898);
#3531=LINE('',#8257,#3899);
#3532=LINE('',#8260,#3900);
#3533=LINE('',#8261,#3901);
#3534=LINE('',#8263,#3902);
#3535=LINE('',#8266,#3903);
#3536=LINE('',#8268,#3904);
#3537=LINE('',#8270,#3905);
#3538=LINE('',#8272,#3906);
#3539=LINE('',#8275,#3907);
#3540=LINE('',#8277,#3908);
#3541=LINE('',#8279,#3909);
#3542=LINE('',#8281,#3910);
#3543=LINE('',#8283,#3911);
#3544=LINE('',#8285,#3912);
#3545=LINE('',#8287,#3913);
#3546=LINE('',#8290,#3914);
#3547=LINE('',#8291,#3915);
#3548=LINE('',#8293,#3916);
#3549=LINE('',#8296,#3917);
#3550=LINE('',#8298,#3918);
#3551=LINE('',#8300,#3919);
#3552=LINE('',#8302,#3920);
#3553=LINE('',#8305,#3921);
#3554=LINE('',#8307,#3922);
#3555=LINE('',#8309,#3923);
#3556=LINE('',#8311,#3924);
#3557=LINE('',#8313,#3925);
#3558=LINE('',#8315,#3926);
#3559=LINE('',#8317,#3927);
#3560=LINE('',#8320,#3928);
#3561=LINE('',#8321,#3929);
#3562=LINE('',#8712,#3930);
#3563=LINE('',#8715,#3931);
#3564=LINE('',#8716,#3932);
#3565=LINE('',#8718,#3933);
#3566=LINE('',#8721,#3934);
#3567=LINE('',#8725,#3935);
#3568=LINE('',#8727,#3936);
#3569=LINE('',#8729,#3937);
#3570=LINE('',#8745,#3938);
#3571=LINE('',#8747,#3939);
#3572=LINE('',#8749,#3940);
#3573=LINE('',#8754,#3941);
#3574=LINE('',#8756,#3942);
#3575=LINE('',#8758,#3943);
#3576=LINE('',#8760,#3944);
#3577=LINE('',#8762,#3945);
#3578=VECTOR('',#5701,1.);
#3579=VECTOR('',#5702,1.);
#3580=VECTOR('',#5703,1.);
#3581=VECTOR('',#5704,1.);
#3582=VECTOR('',#5707,1.);
#3583=VECTOR('',#5708,1.);
#3584=VECTOR('',#5709,1.);
#3585=VECTOR('',#5710,1.);
#3586=VECTOR('',#5711,1.);
#3587=VECTOR('',#5712,1.);
#3588=VECTOR('',#5713,1.);
#3589=VECTOR('',#5714,1.);
#3590=VECTOR('',#5723,1.);
#3591=VECTOR('',#5726,1.);
#3592=VECTOR('',#5729,1.);
#3593=VECTOR('',#5732,1.);
#3594=VECTOR('',#5735,1.);
#3595=VECTOR('',#5738,1.);
#3596=VECTOR('',#5741,1.);
#3597=VECTOR('',#5744,1.);
#3598=VECTOR('',#5747,1.);
#3599=VECTOR('',#5750,1.);
#3600=VECTOR('',#5753,1.);
#3601=VECTOR('',#5756,1.);
#3602=VECTOR('',#5759,1.);
#3603=VECTOR('',#5762,1.);
#3604=VECTOR('',#5765,1.);
#3605=VECTOR('',#5768,1.);
#3606=VECTOR('',#5771,1.);
#3607=VECTOR('',#5774,1.);
#3608=VECTOR('',#5777,1.);
#3609=VECTOR('',#5780,1.);
#3610=VECTOR('',#5783,1.);
#3611=VECTOR('',#5786,1.);
#3612=VECTOR('',#5789,1.);
#3613=VECTOR('',#5790,1.);
#3614=VECTOR('',#5791,1.);
#3615=VECTOR('',#5792,1.);
#3616=VECTOR('',#5793,1.);
#3617=VECTOR('',#5794,1.);
#3618=VECTOR('',#5797,1.);
#3619=VECTOR('',#5798,1.);
#3620=VECTOR('',#5799,1.);
#3621=VECTOR('',#5800,1.);
#3622=VECTOR('',#5805,1.);
#3623=VECTOR('',#5808,1.);
#3624=VECTOR('',#5811,1.);
#3625=VECTOR('',#5814,1.);
#3626=VECTOR('',#5817,1.);
#3627=VECTOR('',#5820,1.);
#3628=VECTOR('',#5823,1.);
#3629=VECTOR('',#5826,1.);
#3630=VECTOR('',#5829,1.);
#3631=VECTOR('',#5832,1.);
#3632=VECTOR('',#5835,1.);
#3633=VECTOR('',#5838,1.);
#3634=VECTOR('',#5841,1.);
#3635=VECTOR('',#5844,1.);
#3636=VECTOR('',#5847,1.);
#3637=VECTOR('',#5850,1.);
#3638=VECTOR('',#5853,1.);
#3639=VECTOR('',#5856,1.);
#3640=VECTOR('',#5859,1.);
#3641=VECTOR('',#5862,1.);
#3642=VECTOR('',#5871,1.);
#3643=VECTOR('',#5874,1.);
#3644=VECTOR('',#5877,1.);
#3645=VECTOR('',#5880,1.);
#3646=VECTOR('',#5883,1.);
#3647=VECTOR('',#5886,1.);
#3648=VECTOR('',#5889,1.);
#3649=VECTOR('',#5892,1.);
#3650=VECTOR('',#5895,1.);
#3651=VECTOR('',#5898,1.);
#3652=VECTOR('',#5901,1.);
#3653=VECTOR('',#5904,1.);
#3654=VECTOR('',#5907,1.);
#3655=VECTOR('',#5910,1.);
#3656=VECTOR('',#5913,1.);
#3657=VECTOR('',#5916,1.);
#3658=VECTOR('',#5917,1.);
#3659=VECTOR('',#5918,1.);
#3660=VECTOR('',#5919,1.);
#3661=VECTOR('',#5922,1.);
#3662=VECTOR('',#5923,1.);
#3663=VECTOR('',#5924,1.);
#3664=VECTOR('',#5925,1.);
#3665=VECTOR('',#5928,1.);
#3666=VECTOR('',#5929,1.);
#3667=VECTOR('',#5932,1.);
#3668=VECTOR('',#5935,1.);
#3669=VECTOR('',#5938,1.);
#3670=VECTOR('',#5941,1.);
#3671=VECTOR('',#5944,1.);
#3672=VECTOR('',#5947,1.);
#3673=VECTOR('',#5950,1.);
#3674=VECTOR('',#5953,1.);
#3675=VECTOR('',#5956,1.);
#3676=VECTOR('',#5959,1.);
#3677=VECTOR('',#5962,1.);
#3678=VECTOR('',#5965,1.);
#3679=VECTOR('',#5968,1.);
#3680=VECTOR('',#5971,1.);
#3681=VECTOR('',#5974,1.);
#3682=VECTOR('',#5977,1.);
#3683=VECTOR('',#5980,1.);
#3684=VECTOR('',#5983,1.);
#3685=VECTOR('',#5986,1.);
#3686=VECTOR('',#5989,1.);
#3687=VECTOR('',#5992,1.);
#3688=VECTOR('',#5995,1.);
#3689=VECTOR('',#5998,1.);
#3690=VECTOR('',#6001,1.);
#3691=VECTOR('',#6004,1.);
#3692=VECTOR('',#6007,1.);
#3693=VECTOR('',#6010,1.);
#3694=VECTOR('',#6017,1.);
#3695=VECTOR('',#6020,1.);
#3696=VECTOR('',#6023,1.);
#3697=VECTOR('',#6024,1.);
#3698=VECTOR('',#6025,1.);
#3699=VECTOR('',#6026,1.);
#3700=VECTOR('',#6027,1.);
#3701=VECTOR('',#6028,1.);
#3702=VECTOR('',#6029,1.);
#3703=VECTOR('',#6030,1.);
#3704=VECTOR('',#6031,1.);
#3705=VECTOR('',#6032,1.);
#3706=VECTOR('',#6033,1.);
#3707=VECTOR('',#6034,1.);
#3708=VECTOR('',#6035,1.);
#3709=VECTOR('',#6036,1.);
#3710=VECTOR('',#6037,1.);
#3711=VECTOR('',#6038,1.);
#3712=VECTOR('',#6039,1.);
#3713=VECTOR('',#6040,1.);
#3714=VECTOR('',#6041,1.);
#3715=VECTOR('',#6042,1.);
#3716=VECTOR('',#6043,1.);
#3717=VECTOR('',#6044,1.);
#3718=VECTOR('',#6045,1.);
#3719=VECTOR('',#6046,1.);
#3720=VECTOR('',#6047,1.);
#3721=VECTOR('',#6054,1.);
#3722=VECTOR('',#6057,1.);
#3723=VECTOR('',#6058,1.);
#3724=VECTOR('',#6059,1.);
#3725=VECTOR('',#6060,1.);
#3726=VECTOR('',#6061,1.);
#3727=VECTOR('',#6062,1.);
#3728=VECTOR('',#6063,1.);
#3729=VECTOR('',#6064,1.);
#3730=VECTOR('',#6065,1.);
#3731=VECTOR('',#6066,1.);
#3732=VECTOR('',#6067,1.);
#3733=VECTOR('',#6068,1.);
#3734=VECTOR('',#6069,1.);
#3735=VECTOR('',#6070,1.);
#3736=VECTOR('',#6071,1.);
#3737=VECTOR('',#6072,1.);
#3738=VECTOR('',#6073,1.);
#3739=VECTOR('',#6074,1.);
#3740=VECTOR('',#6075,1.);
#3741=VECTOR('',#6076,1.);
#3742=VECTOR('',#6077,1.);
#3743=VECTOR('',#6078,1.);
#3744=VECTOR('',#6079,1.);
#3745=VECTOR('',#6080,1.);
#3746=VECTOR('',#6081,1.);
#3747=VECTOR('',#6082,1.);
#3748=VECTOR('',#6087,1.);
#3749=VECTOR('',#6088,1.);
#3750=VECTOR('',#6091,1.);
#3751=VECTOR('',#6092,1.);
#3752=VECTOR('',#6095,1.);
#3753=VECTOR('',#6096,1.);
#3754=VECTOR('',#6099,1.);
#3755=VECTOR('',#6100,1.);
#3756=VECTOR('',#6103,1.);
#3757=VECTOR('',#6104,1.);
#3758=VECTOR('',#6107,1.);
#3759=VECTOR('',#6108,1.);
#3760=VECTOR('',#6111,1.);
#3761=VECTOR('',#6112,1.);
#3762=VECTOR('',#6113,1.);
#3763=VECTOR('',#6114,1.);
#3764=VECTOR('',#6115,1.);
#3765=VECTOR('',#6116,1.);
#3766=VECTOR('',#6119,1.);
#3767=VECTOR('',#6124,1.);
#3768=VECTOR('',#6137,1.);
#3769=VECTOR('',#6140,1.);
#3770=VECTOR('',#6141,1.);
#3771=VECTOR('',#6142,1.);
#3772=VECTOR('',#6145,1.);
#3773=VECTOR('',#6146,1.);
#3774=VECTOR('',#6147,1.);
#3775=VECTOR('',#6150,1.);
#3776=VECTOR('',#6151,1.);
#3777=VECTOR('',#6152,1.);
#3778=VECTOR('',#6155,1.);
#3779=VECTOR('',#6156,1.);
#3780=VECTOR('',#6157,1.);
#3781=VECTOR('',#6158,1.);
#3782=VECTOR('',#6161,1.);
#3783=VECTOR('',#6162,1.);
#3784=VECTOR('',#6163,1.);
#3785=VECTOR('',#6164,1.);
#3786=VECTOR('',#6167,1.);
#3787=VECTOR('',#6168,1.);
#3788=VECTOR('',#6169,1.);
#3789=VECTOR('',#6172,1.);
#3790=VECTOR('',#6175,1.);
#3791=VECTOR('',#6176,1.);
#3792=VECTOR('',#6177,1.);
#3793=VECTOR('',#6180,1.);
#3794=VECTOR('',#6181,1.);
#3795=VECTOR('',#6182,1.);
#3796=VECTOR('',#6183,1.);
#3797=VECTOR('',#6186,1.);
#3798=VECTOR('',#6187,1.);
#3799=VECTOR('',#6188,1.);
#3800=VECTOR('',#6189,1.);
#3801=VECTOR('',#6192,1.);
#3802=VECTOR('',#6193,1.);
#3803=VECTOR('',#6194,1.);
#3804=VECTOR('',#6197,1.);
#3805=VECTOR('',#6200,1.);
#3806=VECTOR('',#6201,1.);
#3807=VECTOR('',#6202,1.);
#3808=VECTOR('',#6205,1.);
#3809=VECTOR('',#6206,1.);
#3810=VECTOR('',#6207,1.);
#3811=VECTOR('',#6208,1.);
#3812=VECTOR('',#6211,1.);
#3813=VECTOR('',#6212,1.);
#3814=VECTOR('',#6213,1.);
#3815=VECTOR('',#6214,1.);
#3816=VECTOR('',#6217,1.);
#3817=VECTOR('',#6218,1.);
#3818=VECTOR('',#6219,1.);
#3819=VECTOR('',#6222,1.);
#3820=VECTOR('',#6225,1.);
#3821=VECTOR('',#6226,1.);
#3822=VECTOR('',#6227,1.);
#3823=VECTOR('',#6228,1.);
#3824=VECTOR('',#6229,1.);
#3825=VECTOR('',#6232,1.);
#3826=VECTOR('',#6233,1.);
#3827=VECTOR('',#6234,1.);
#3828=VECTOR('',#6237,1.);
#3829=VECTOR('',#6238,1.);
#3830=VECTOR('',#6239,1.);
#3831=VECTOR('',#6242,1.);
#3832=VECTOR('',#6243,1.);
#3833=VECTOR('',#6244,1.);
#3834=VECTOR('',#6247,1.);
#3835=VECTOR('',#6248,1.);
#3836=VECTOR('',#6249,1.);
#3837=VECTOR('',#6252,1.);
#3838=VECTOR('',#6253,1.);
#3839=VECTOR('',#6254,1.);
#3840=VECTOR('',#6255,1.);
#3841=VECTOR('',#6258,1.);
#3842=VECTOR('',#6259,1.);
#3843=VECTOR('',#6260,1.);
#3844=VECTOR('',#6261,1.);
#3845=VECTOR('',#6264,1.);
#3846=VECTOR('',#6265,1.);
#3847=VECTOR('',#6266,1.);
#3848=VECTOR('',#6269,1.);
#3849=VECTOR('',#6272,1.);
#3850=VECTOR('',#6273,1.);
#3851=VECTOR('',#6274,1.);
#3852=VECTOR('',#6277,1.);
#3853=VECTOR('',#6278,1.);
#3854=VECTOR('',#6279,1.);
#3855=VECTOR('',#6280,1.);
#3856=VECTOR('',#6283,1.);
#3857=VECTOR('',#6284,1.);
#3858=VECTOR('',#6285,1.);
#3859=VECTOR('',#6286,1.);
#3860=VECTOR('',#6289,1.);
#3861=VECTOR('',#6290,1.);
#3862=VECTOR('',#6291,1.);
#3863=VECTOR('',#6294,1.);
#3864=VECTOR('',#6297,1.);
#3865=VECTOR('',#6298,1.);
#3866=VECTOR('',#6299,1.);
#3867=VECTOR('',#6300,1.);
#3868=VECTOR('',#6303,1.);
#3869=VECTOR('',#6304,1.);
#3870=VECTOR('',#6305,1.);
#3871=VECTOR('',#6306,1.);
#3872=VECTOR('',#6309,1.);
#3873=VECTOR('',#6310,1.);
#3874=VECTOR('',#6311,1.);
#3875=VECTOR('',#6314,1.);
#3876=VECTOR('',#6315,1.);
#3877=VECTOR('',#6316,1.);
#3878=VECTOR('',#6319,1.);
#3879=VECTOR('',#6320,1.);
#3880=VECTOR('',#6321,1.);
#3881=VECTOR('',#6322,1.);
#3882=VECTOR('',#6325,1.);
#3883=VECTOR('',#6326,1.);
#3884=VECTOR('',#6327,1.);
#3885=VECTOR('',#6330,1.);
#3886=VECTOR('',#6331,1.);
#3887=VECTOR('',#6332,1.);
#3888=VECTOR('',#6335,1.);
#3889=VECTOR('',#6336,1.);
#3890=VECTOR('',#6337,1.);
#3891=VECTOR('',#6338,1.);
#3892=VECTOR('',#6341,1.);
#3893=VECTOR('',#6342,1.);
#3894=VECTOR('',#6343,1.);
#3895=VECTOR('',#6344,1.);
#3896=VECTOR('',#6347,1.);
#3897=VECTOR('',#6348,1.);
#3898=VECTOR('',#6349,1.);
#3899=VECTOR('',#6352,1.);
#3900=VECTOR('',#6353,1.);
#3901=VECTOR('',#6354,1.);
#3902=VECTOR('',#6357,1.);
#3903=VECTOR('',#6358,1.);
#3904=VECTOR('',#6359,1.);
#3905=VECTOR('',#6360,1.);
#3906=VECTOR('',#6363,1.);
#3907=VECTOR('',#6364,1.);
#3908=VECTOR('',#6365,1.);
#3909=VECTOR('',#6366,1.);
#3910=VECTOR('',#6369,1.);
#3911=VECTOR('',#6370,1.);
#3912=VECTOR('',#6371,1.);
#3913=VECTOR('',#6374,1.);
#3914=VECTOR('',#6375,1.);
#3915=VECTOR('',#6376,1.);
#3916=VECTOR('',#6379,1.);
#3917=VECTOR('',#6380,1.);
#3918=VECTOR('',#6381,1.);
#3919=VECTOR('',#6382,1.);
#3920=VECTOR('',#6385,1.);
#3921=VECTOR('',#6386,1.);
#3922=VECTOR('',#6387,1.);
#3923=VECTOR('',#6388,1.);
#3924=VECTOR('',#6391,1.);
#3925=VECTOR('',#6392,1.);
#3926=VECTOR('',#6393,1.);
#3927=VECTOR('',#6396,1.);
#3928=VECTOR('',#6397,1.);
#3929=VECTOR('',#6398,1.);
#3930=VECTOR('',#7179,1.);
#3931=VECTOR('',#7180,1.);
#3932=VECTOR('',#7181,1.);
#3933=VECTOR('',#7184,1.);
#3934=VECTOR('',#7185,1.);
#3935=VECTOR('',#7188,1.);
#3936=VECTOR('',#7189,1.);
#3937=VECTOR('',#7190,1.);
#3938=VECTOR('',#7203,1.);
#3939=VECTOR('',#7204,1.);
#3940=VECTOR('',#7205,1.);
#3941=VECTOR('',#7210,1.);
#3942=VECTOR('',#7211,1.);
#3943=VECTOR('',#7212,1.);
#3944=VECTOR('',#7213,1.);
#3945=VECTOR('',#7214,1.);
#3946=EDGE_LOOP('',(#606,#607,#608,#609));
#3947=EDGE_LOOP('',(#610,#611,#612,#613,#614,#615,#616,#617));
#3948=EDGE_LOOP('',(#618));
#3949=EDGE_LOOP('',(#619));
#3950=EDGE_LOOP('',(#620,#621,#622,#623,#624,#625));
#3951=EDGE_LOOP('',(#626,#627,#628,#629,#630,#631,#632,#633));
#3952=EDGE_LOOP('',(#634,#635,#636,#637,#638,#639,#640,#641));
#3953=EDGE_LOOP('',(#642,#643,#644,#645,#646,#647,#648,#649));
#3954=EDGE_LOOP('',(#650,#651,#652,#653,#654,#655,#656,#657));
#3955=EDGE_LOOP('',(#658,#659,#660,#661,#662,#663,#664,#665));
#3956=EDGE_LOOP('',(#666,#667,#668,#669,#670,#671,#672,#673,#674,#675,#676));
#3957=EDGE_LOOP('',(#677,#678,#679,#680,#681,#682,#683,#684));
#3958=EDGE_LOOP('',(#685,#686,#687,#688,#689,#690,#691,#692));
#3959=EDGE_LOOP('',(#693,#694,#695,#696,#697,#698,#699,#700));
#3960=EDGE_LOOP('',(#701,#702,#703,#704,#705,#706,#707,#708));
#3961=EDGE_LOOP('',(#709,#710,#711,#712,#713,#714,#715,#716));
#3962=EDGE_LOOP('',(#717));
#3963=EDGE_LOOP('',(#718));
#3964=EDGE_LOOP('',(#719,#720,#721,#722,#723,#724,#725,#726));
#3965=EDGE_LOOP('',(#727,#728,#729,#730,#731,#732,#733,#734));
#3966=EDGE_LOOP('',(#735,#736,#737,#738,#739,#740,#741,#742));
#3967=EDGE_LOOP('',(#743,#744,#745,#746,#747,#748,#749,#750));
#3968=EDGE_LOOP('',(#751,#752,#753,#754,#755,#756,#757,#758,#759,#760,#761));
#3969=EDGE_LOOP('',(#762,#763,#764,#765,#766,#767,#768,#769));
#3970=EDGE_LOOP('',(#770,#771,#772,#773,#774,#775,#776,#777));
#3971=EDGE_LOOP('',(#778,#779,#780,#781,#782,#783,#784,#785));
#3972=EDGE_LOOP('',(#786,#787,#788,#789,#790,#791,#792,#793));
#3973=EDGE_LOOP('',(#794,#795,#796,#797,#798,#799,#800,#801));
#3974=EDGE_LOOP('',(#802,#803,#804,#805,#806,#807,#808,#809));
#3975=EDGE_LOOP('',(#810,#811,#812,#813,#814,#815));
#3976=EDGE_LOOP('',(#816));
#3977=EDGE_LOOP('',(#817));
#3978=EDGE_LOOP('',(#818,#819,#820,#821,#822,#823,#824,#825,#826,#827,#828,
#829,#830,#831,#832,#833,#834,#835,#836,#837,#838,#839,#840,#841,#842,#843,
#844,#845,#846,#847));
#3979=EDGE_LOOP('',(#848));
#3980=EDGE_LOOP('',(#849));
#3981=EDGE_LOOP('',(#850,#851,#852,#853,#854,#855,#856,#857,#858,#859,#860,
#861,#862,#863,#864,#865,#866,#867,#868,#869,#870,#871,#872,#873,#874,#875,
#876,#877,#878,#879));
#3982=EDGE_LOOP('',(#880,#881,#882,#883));
#3983=EDGE_LOOP('',(#884,#885,#886,#887));
#3984=EDGE_LOOP('',(#888,#889,#890,#891));
#3985=EDGE_LOOP('',(#892,#893,#894,#895));
#3986=EDGE_LOOP('',(#896,#897,#898,#899));
#3987=EDGE_LOOP('',(#900,#901,#902,#903));
#3988=EDGE_LOOP('',(#904,#905,#906,#907,#908,#909,#910,#911));
#3989=EDGE_LOOP('',(#912,#913,#914,#915,#916,#917,#918,#919));
#3990=EDGE_LOOP('',(#920));
#3991=EDGE_LOOP('',(#921));
#3992=EDGE_LOOP('',(#922,#923,#924,#925));
#3993=EDGE_LOOP('',(#926,#927,#928,#929));
#3994=EDGE_LOOP('',(#930,#931,#932,#933));
#3995=EDGE_LOOP('',(#934,#935,#936,#937));
#3996=EDGE_LOOP('',(#938,#939,#940,#941));
#3997=EDGE_LOOP('',(#942,#943,#944,#945,#946,#947,#948,#949));
#3998=EDGE_LOOP('',(#950,#951,#952,#953,#954,#955,#956,#957));
#3999=EDGE_LOOP('',(#958,#959,#960,#961));
#4000=EDGE_LOOP('',(#962,#963,#964,#965));
#4001=EDGE_LOOP('',(#966,#967,#968,#969));
#4002=EDGE_LOOP('',(#970,#971,#972,#973,#974,#975,#976,#977));
#4003=EDGE_LOOP('',(#978,#979,#980,#981,#982,#983,#984,#985));
#4004=EDGE_LOOP('',(#986,#987,#988,#989));
#4005=EDGE_LOOP('',(#990,#991,#992,#993));
#4006=EDGE_LOOP('',(#994,#995,#996,#997));
#4007=EDGE_LOOP('',(#998,#999,#1000,#1001,#1002,#1003,#1004,#1005));
#4008=EDGE_LOOP('',(#1006,#1007,#1008,#1009,#1010,#1011,#1012,#1013));
#4009=EDGE_LOOP('',(#1014,#1015,#1016,#1017));
#4010=EDGE_LOOP('',(#1018,#1019,#1020,#1021));
#4011=EDGE_LOOP('',(#1022,#1023,#1024,#1025,#1026,#1027,#1028,#1029));
#4012=EDGE_LOOP('',(#1030,#1031,#1032,#1033,#1034,#1035,#1036,#1037));
#4013=EDGE_LOOP('',(#1038,#1039,#1040,#1041));
#4014=EDGE_LOOP('',(#1042,#1043,#1044,#1045));
#4015=EDGE_LOOP('',(#1046,#1047,#1048,#1049));
#4016=EDGE_LOOP('',(#1050,#1051,#1052,#1053,#1054,#1055,#1056,#1057));
#4017=EDGE_LOOP('',(#1058,#1059,#1060,#1061,#1062,#1063,#1064,#1065));
#4018=EDGE_LOOP('',(#1066,#1067,#1068,#1069));
#4019=EDGE_LOOP('',(#1070,#1071,#1072,#1073));
#4020=EDGE_LOOP('',(#1074,#1075,#1076,#1077));
#4021=EDGE_LOOP('',(#1078,#1079,#1080,#1081,#1082,#1083,#1084,#1085));
#4022=EDGE_LOOP('',(#1086,#1087,#1088,#1089,#1090,#1091,#1092,#1093));
#4023=EDGE_LOOP('',(#1094,#1095,#1096,#1097));
#4024=EDGE_LOOP('',(#1098,#1099,#1100,#1101));
#4025=EDGE_LOOP('',(#1102,#1103,#1104,#1105));
#4026=EDGE_LOOP('',(#1106,#1107,#1108,#1109));
#4027=EDGE_LOOP('',(#1110,#1111,#1112,#1113));
#4028=EDGE_LOOP('',(#1114,#1115,#1116,#1117));
#4029=EDGE_LOOP('',(#1118,#1119,#1120,#1121));
#4030=EDGE_LOOP('',(#1122,#1123,#1124,#1125));
#4031=EDGE_LOOP('',(#1126,#1127,#1128,#1129));
#4032=EDGE_LOOP('',(#1130,#1131,#1132,#1133));
#4033=EDGE_LOOP('',(#1134,#1135,#1136,#1137));
#4034=EDGE_LOOP('',(#1138,#1139,#1140,#1141));
#4035=EDGE_LOOP('',(#1142,#1143,#1144,#1145));
#4036=EDGE_LOOP('',(#1146,#1147,#1148,#1149));
#4037=EDGE_LOOP('',(#1150,#1151,#1152,#1153));
#4038=EDGE_LOOP('',(#1154,#1155,#1156,#1157));
#4039=EDGE_LOOP('',(#1158,#1159,#1160,#1161));
#4040=EDGE_LOOP('',(#1162,#1163,#1164,#1165));
#4041=EDGE_LOOP('',(#1166,#1167,#1168,#1169));
#4042=EDGE_LOOP('',(#1170,#1171,#1172,#1173));
#4043=EDGE_LOOP('',(#1174,#1175,#1176,#1177));
#4044=EDGE_LOOP('',(#1178,#1179,#1180,#1181));
#4045=EDGE_LOOP('',(#1182,#1183,#1184));
#4046=EDGE_LOOP('',(#1185,#1186,#1187));
#4047=EDGE_LOOP('',(#1188,#1189,#1190,#1191));
#4048=EDGE_LOOP('',(#1192,#1193,#1194,#1195));
#4049=EDGE_LOOP('',(#1196,#1197,#1198,#1199));
#4050=EDGE_LOOP('',(#1200,#1201,#1202,#1203));
#4051=EDGE_LOOP('',(#1204,#1205,#1206,#1207));
#4052=EDGE_LOOP('',(#1208,#1209,#1210,#1211));
#4053=EDGE_LOOP('',(#1212,#1213,#1214,#1215));
#4054=EDGE_LOOP('',(#1216,#1217,#1218));
#4055=EDGE_LOOP('',(#1219,#1220,#1221));
#4056=EDGE_LOOP('',(#1222,#1223,#1224,#1225));
#4057=EDGE_LOOP('',(#1226,#1227,#1228));
#4058=EDGE_LOOP('',(#1229,#1230,#1231,#1232));
#4059=EDGE_LOOP('',(#1233,#1234,#1235,#1236));
#4060=EDGE_LOOP('',(#1237,#1238,#1239,#1240));
#4061=EDGE_LOOP('',(#1241,#1242,#1243));
#4062=EDGE_LOOP('',(#1244,#1245,#1246,#1247));
#4063=EDGE_LOOP('',(#1248,#1249,#1250,#1251));
#4064=EDGE_LOOP('',(#1252,#1253,#1254,#1255));
#4065=EDGE_LOOP('',(#1256,#1257,#1258,#1259));
#4066=EDGE_LOOP('',(#1260,#1261,#1262));
#4067=EDGE_LOOP('',(#1263,#1264,#1265,#1266));
#4068=EDGE_LOOP('',(#1267,#1268,#1269,#1270));
#4069=EDGE_LOOP('',(#1271,#1272,#1273,#1274));
#4070=EDGE_LOOP('',(#1275,#1276,#1277,#1278));
#4071=EDGE_LOOP('',(#1279,#1280,#1281,#1282));
#4072=EDGE_LOOP('',(#1283,#1284,#1285));
#4073=EDGE_LOOP('',(#1286,#1287,#1288,#1289));
#4074=EDGE_LOOP('',(#1290,#1291,#1292,#1293));
#4075=EDGE_LOOP('',(#1294,#1295,#1296));
#4076=EDGE_LOOP('',(#1297,#1298,#1299,#1300));
#4077=EDGE_LOOP('',(#1301,#1302,#1303,#1304));
#4078=EDGE_LOOP('',(#1305,#1306,#1307));
#4079=EDGE_LOOP('',(#1308,#1309,#1310));
#4080=EDGE_LOOP('',(#1311,#1312,#1313,#1314));
#4081=EDGE_LOOP('',(#1315,#1316,#1317,#1318));
#4082=EDGE_LOOP('',(#1319,#1320,#1321,#1322));
#4083=EDGE_LOOP('',(#1323,#1324,#1325));
#4084=EDGE_LOOP('',(#1326,#1327,#1328,#1329));
#4085=EDGE_LOOP('',(#1330,#1331,#1332));
#4086=EDGE_LOOP('',(#1333,#1334,#1335,#1336));
#4087=EDGE_LOOP('',(#1337,#1338,#1339,#1340));
#4088=EDGE_LOOP('',(#1341,#1342,#1343,#1344));
#4089=EDGE_LOOP('',(#1345,#1346,#1347));
#4090=EDGE_LOOP('',(#1348,#1349,#1350,#1351));
#4091=EDGE_LOOP('',(#1352,#1353,#1354,#1355));
#4092=EDGE_LOOP('',(#1356,#1357,#1358));
#4093=EDGE_LOOP('',(#1359,#1360,#1361,#1362));
#4094=EDGE_LOOP('',(#1363,#1364,#1365,#1366));
#4095=EDGE_LOOP('',(#1367,#1368,#1369));
#4096=EDGE_LOOP('',(#1370,#1371,#1372));
#4097=EDGE_LOOP('',(#1373,#1374,#1375,#1376));
#4098=EDGE_LOOP('',(#1377,#1378,#1379,#1380));
#4099=EDGE_LOOP('',(#1381,#1382,#1383,#1384));
#4100=EDGE_LOOP('',(#1385,#1386,#1387,#1388));
#4101=EDGE_LOOP('',(#1389,#1390,#1391,#1392));
#4102=EDGE_LOOP('',(#1393,#1394,#1395,#1396));
#4103=EDGE_LOOP('',(#1397,#1398,#1399));
#4104=EDGE_LOOP('',(#1400,#1401,#1402,#1403));
#4105=EDGE_LOOP('',(#1404,#1405,#1406,#1407));
#4106=EDGE_LOOP('',(#1408,#1409,#1410));
#4107=EDGE_LOOP('',(#1411,#1412,#1413));
#4108=EDGE_LOOP('',(#1414,#1415,#1416,#1417));
#4109=EDGE_LOOP('',(#1418,#1419,#1420));
#4110=EDGE_LOOP('',(#1421,#1422,#1423,#1424));
#4111=EDGE_LOOP('',(#1425,#1426,#1427,#1428));
#4112=EDGE_LOOP('',(#1429,#1430,#1431));
#4113=EDGE_LOOP('',(#1432,#1433,#1434));
#4114=EDGE_LOOP('',(#1435,#1436,#1437,#1438));
#4115=EDGE_LOOP('',(#1439,#1440,#1441,#1442));
#4116=EDGE_LOOP('',(#1443,#1444,#1445,#1446));
#4117=EDGE_LOOP('',(#1447,#1448,#1449));
#4118=EDGE_LOOP('',(#1450,#1451,#1452,#1453));
#4119=EDGE_LOOP('',(#1454,#1455,#1456));
#4120=EDGE_LOOP('',(#1457,#1458,#1459,#1460));
#4121=EDGE_LOOP('',(#1461,#1462,#1463,#1464));
#4122=EDGE_LOOP('',(#1465,#1466,#1467,#1468));
#4123=EDGE_LOOP('',(#1469,#1470,#1471));
#4124=EDGE_LOOP('',(#1472,#1473,#1474,#1475));
#4125=EDGE_LOOP('',(#1476,#1477,#1478,#1479));
#4126=EDGE_LOOP('',(#1480,#1481,#1482));
#4127=EDGE_LOOP('',(#1483,#1484,#1485,#1486));
#4128=EDGE_LOOP('',(#1487,#1488,#1489,#1490));
#4129=EDGE_LOOP('',(#1491,#1492,#1493,#1494));
#4130=EDGE_LOOP('',(#1495,#1496,#1497));
#4131=EDGE_LOOP('',(#1498,#1499,#1500,#1501));
#4132=EDGE_LOOP('',(#1502,#1503,#1504,#1505));
#4133=EDGE_LOOP('',(#1506,#1507,#1508,#1509));
#4134=EDGE_LOOP('',(#1510,#1511,#1512,#1513));
#4135=EDGE_LOOP('',(#1514,#1515,#1516));
#4136=EDGE_LOOP('',(#1517,#1518,#1519,#1520));
#4137=EDGE_LOOP('',(#1521,#1522,#1523,#1524));
#4138=EDGE_LOOP('',(#1525,#1526,#1527,#1528));
#4139=EDGE_LOOP('',(#1529,#1530,#1531,#1532));
#4140=EDGE_LOOP('',(#1533,#1534,#1535,#1536));
#4141=EDGE_LOOP('',(#1537,#1538,#1539));
#4142=EDGE_LOOP('',(#1540,#1541,#1542,#1543));
#4143=EDGE_LOOP('',(#1544,#1545,#1546,#1547));
#4144=EDGE_LOOP('',(#1548,#1549,#1550));
#4145=EDGE_LOOP('',(#1551,#1552,#1553,#1554));
#4146=EDGE_LOOP('',(#1555,#1556,#1557,#1558));
#4147=EDGE_LOOP('',(#1559,#1560,#1561,#1562));
#4148=EDGE_LOOP('',(#1563,#1564,#1565));
#4149=EDGE_LOOP('',(#1566,#1567,#1568,#1569));
#4150=EDGE_LOOP('',(#1570,#1571,#1572,#1573));
#4151=EDGE_LOOP('',(#1574,#1575,#1576,#1577));
#4152=EDGE_LOOP('',(#1578,#1579,#1580,#1581));
#4153=EDGE_LOOP('',(#1582,#1583,#1584));
#4154=EDGE_LOOP('',(#1585,#1586,#1587,#1588));
#4155=EDGE_LOOP('',(#1589,#1590,#1591,#1592));
#4156=EDGE_LOOP('',(#1593,#1594,#1595,#1596));
#4157=EDGE_LOOP('',(#1597,#1598,#1599,#1600));
#4158=EDGE_LOOP('',(#1601,#1602,#1603,#1604));
#4159=EDGE_LOOP('',(#1605,#1606,#1607));
#4160=EDGE_LOOP('',(#1608,#1609,#1610,#1611));
#4161=EDGE_LOOP('',(#1612,#1613,#1614,#1615));
#4162=EDGE_LOOP('',(#1616,#1617,#1618));
#4163=EDGE_LOOP('',(#1619,#1620,#1621,#1622));
#4164=EDGE_LOOP('',(#1623,#1624,#1625,#1626));
#4165=EDGE_LOOP('',(#1627,#1628,#1629,#1630));
#4166=EDGE_LOOP('',(#1631,#1632,#1633));
#4167=EDGE_LOOP('',(#1634,#1635,#1636,#1637));
#4168=EDGE_LOOP('',(#1638,#1639,#1640,#1641));
#4169=EDGE_LOOP('',(#1642,#1643,#1644,#1645));
#4170=EDGE_LOOP('',(#1646,#1647,#1648,#1649));
#4171=EDGE_LOOP('',(#1650,#1651,#1652));
#4172=EDGE_LOOP('',(#1653,#1654,#1655,#1656));
#4173=EDGE_LOOP('',(#1657,#1658,#1659,#1660));
#4174=EDGE_LOOP('',(#1661,#1662,#1663,#1664));
#4175=EDGE_LOOP('',(#1665,#1666,#1667,#1668));
#4176=EDGE_LOOP('',(#1669,#1670,#1671,#1672));
#4177=EDGE_LOOP('',(#1673,#1674,#1675));
#4178=EDGE_LOOP('',(#1676,#1677,#1678,#1679));
#4179=EDGE_LOOP('',(#1680,#1681,#1682,#1683));
#4180=EDGE_LOOP('',(#1684,#1685,#1686));
#4181=EDGE_LOOP('',(#1687,#1688,#1689,#1690));
#4182=EDGE_LOOP('',(#1691,#1692,#1693,#1694));
#4183=EDGE_LOOP('',(#1695,#1696,#1697));
#4184=EDGE_LOOP('',(#1698,#1699,#1700));
#4185=EDGE_LOOP('',(#1701,#1702,#1703,#1704));
#4186=EDGE_LOOP('',(#1705,#1706,#1707,#1708));
#4187=EDGE_LOOP('',(#1709,#1710,#1711,#1712));
#4188=EDGE_LOOP('',(#1713,#1714,#1715,#1716));
#4189=EDGE_LOOP('',(#1717,#1718,#1719,#1720));
#4190=EDGE_LOOP('',(#1721,#1722,#1723,#1724));
#4191=EDGE_LOOP('',(#1725,#1726,#1727));
#4192=EDGE_LOOP('',(#1728,#1729,#1730,#1731));
#4193=EDGE_LOOP('',(#1732,#1733,#1734,#1735));
#4194=EDGE_LOOP('',(#1736,#1737,#1738));
#4195=EDGE_LOOP('',(#1739,#1740,#1741));
#4196=EDGE_LOOP('',(#1742,#1743,#1744,#1745));
#4197=EDGE_LOOP('',(#1746,#1747,#1748));
#4198=EDGE_LOOP('',(#1749,#1750,#1751,#1752));
#4199=EDGE_LOOP('',(#1753,#1754,#1755,#1756));
#4200=EDGE_LOOP('',(#1757,#1758,#1759));
#4201=EDGE_LOOP('',(#1760,#1761,#1762));
#4202=EDGE_LOOP('',(#1763,#1764,#1765,#1766));
#4203=EDGE_LOOP('',(#1767,#1768,#1769,#1770));
#4204=EDGE_LOOP('',(#1771,#1772,#1773,#1774));
#4205=EDGE_LOOP('',(#1775,#1776,#1777,#1778));
#4206=EDGE_LOOP('',(#1779,#1780,#1781,#1782));
#4207=EDGE_LOOP('',(#1783,#1784,#1785,#1786));
#4208=EDGE_LOOP('',(#1787,#1788,#1789));
#4209=EDGE_LOOP('',(#1790,#1791,#1792,#1793));
#4210=EDGE_LOOP('',(#1794,#1795,#1796,#1797));
#4211=EDGE_LOOP('',(#1798,#1799,#1800));
#4212=EDGE_LOOP('',(#1801,#1802,#1803));
#4213=EDGE_LOOP('',(#1804,#1805,#1806,#1807));
#4214=EDGE_LOOP('',(#1808,#1809,#1810));
#4215=EDGE_LOOP('',(#1811,#1812,#1813,#1814));
#4216=EDGE_LOOP('',(#1815,#1816,#1817,#1818));
#4217=EDGE_LOOP('',(#1819,#1820,#1821));
#4218=EDGE_LOOP('',(#1822,#1823,#1824));
#4219=EDGE_LOOP('',(#1825,#1826,#1827,#1828));
#4220=EDGE_LOOP('',(#1829,#1830,#1831,#1832));
#4221=EDGE_LOOP('',(#1833,#1834,#1835,#1836));
#4222=EDGE_LOOP('',(#1837,#1838,#1839,#1840));
#4223=EDGE_LOOP('',(#1841,#1842,#1843));
#4224=EDGE_LOOP('',(#1844,#1845,#1846));
#4225=EDGE_LOOP('',(#1847,#1848,#1849,#1850));
#4226=EDGE_LOOP('',(#1851,#1852,#1853,#1854));
#4227=EDGE_LOOP('',(#1855,#1856,#1857,#1858));
#4228=EDGE_LOOP('',(#1859,#1860,#1861,#1862));
#4229=EDGE_LOOP('',(#1863,#1864,#1865));
#4230=EDGE_LOOP('',(#1866,#1867,#1868,#1869));
#4231=EDGE_LOOP('',(#1870,#1871,#1872,#1873));
#4232=EDGE_LOOP('',(#1874,#1875,#1876,#1877,#1878,#1879));
#4233=EDGE_LOOP('',(#1880));
#4234=EDGE_LOOP('',(#1881));
#4235=EDGE_LOOP('',(#1882));
#4236=EDGE_LOOP('',(#1883,#1884));
#4237=EDGE_LOOP('',(#1885));
#4238=EDGE_LOOP('',(#1886));
#4239=EDGE_LOOP('',(#1887,#1888,#1889,#1890));
#4240=EDGE_LOOP('',(#1891,#1892,#1893,#1894,#1895,#1896));
#4241=EDGE_LOOP('',(#1897));
#4242=EDGE_LOOP('',(#1898));
#4243=EDGE_LOOP('',(#1899));
#4244=EDGE_LOOP('',(#1900,#1901));
#4245=EDGE_LOOP('',(#1902));
#4246=EDGE_LOOP('',(#1903));
#4247=EDGE_LOOP('',(#1904));
#4248=EDGE_LOOP('',(#1905));
#4249=EDGE_LOOP('',(#1906));
#4250=EDGE_LOOP('',(#1907));
#4251=EDGE_LOOP('',(#1908));
#4252=EDGE_LOOP('',(#1909));
#4253=EDGE_LOOP('',(#1910));
#4254=EDGE_LOOP('',(#1911));
#4255=EDGE_LOOP('',(#1912,#1913,#1914,#1915));
#4256=EDGE_LOOP('',(#1916,#1917,#1918));
#4257=EDGE_LOOP('',(#1919,#1920,#1921,#1922));
#4258=EDGE_LOOP('',(#1923,#1924,#1925,#1926));
#4259=EDGE_LOOP('',(#1927,#1928,#1929,#1930));
#4260=EDGE_LOOP('',(#1931,#1932,#1933));
#4261=EDGE_LOOP('',(#1934,#1935,#1936,#1937));
#4262=EDGE_LOOP('',(#1938,#1939,#1940,#1941,#1942,#1943));
#4263=EDGE_LOOP('',(#1944,#1945,#1946,#1947));
#4264=EDGE_LOOP('',(#1948,#1949,#1950,#1951));
#4265=EDGE_LOOP('',(#1952,#1953,#1954,#1955));
#4266=EDGE_LOOP('',(#1956,#1957,#1958));
#4267=EDGE_LOOP('',(#1959,#1960,#1961,#1962));
#4268=EDGE_LOOP('',(#1963,#1964,#1965,#1966));
#4269=EDGE_LOOP('',(#1967,#1968,#1969,#1970));
#4270=EDGE_LOOP('',(#1971,#1972,#1973,#1974));
#4271=EDGE_LOOP('',(#1975,#1976,#1977));
#4272=EDGE_LOOP('',(#1978,#1979,#1980));
#4273=EDGE_LOOP('',(#1981,#1982,#1983,#1984));
#4274=EDGE_LOOP('',(#1985,#1986,#1987,#1988));
#4275=EDGE_LOOP('',(#1989,#1990,#1991,#1992));
#4276=EDGE_LOOP('',(#1993,#1994,#1995,#1996));
#4277=EDGE_LOOP('',(#1997,#1998,#1999));
#4278=EDGE_LOOP('',(#2000,#2001,#2002));
#4279=EDGE_LOOP('',(#2003,#2004,#2005,#2006));
#4280=EDGE_LOOP('',(#2007,#2008,#2009,#2010));
#4281=EDGE_LOOP('',(#2011,#2012,#2013,#2014));
#4282=EDGE_LOOP('',(#2015,#2016,#2017));
#4283=EDGE_LOOP('',(#2018,#2019,#2020,#2021));
#4284=EDGE_LOOP('',(#2022,#2023,#2024,#2025));
#4285=EDGE_LOOP('',(#2026,#2027,#2028,#2029));
#4286=EDGE_LOOP('',(#2030,#2031,#2032,#2033));
#4287=EDGE_LOOP('',(#2034,#2035,#2036,#2037));
#4288=EDGE_LOOP('',(#2038,#2039,#2040,#2041));
#4289=EDGE_LOOP('',(#2042,#2043,#2044));
#4290=EDGE_LOOP('',(#2045,#2046,#2047,#2048,#2049,#2050));
#4291=EDGE_LOOP('',(#2051,#2052,#2053,#2054));
#4292=EDGE_LOOP('',(#2055,#2056,#2057));
#4293=EDGE_LOOP('',(#2058,#2059,#2060,#2061));
#4294=FACE_BOUND('',#3946,.T.);
#4295=FACE_BOUND('',#3947,.T.);
#4296=FACE_BOUND('',#3948,.T.);
#4297=FACE_BOUND('',#3949,.T.);
#4298=FACE_BOUND('',#3950,.T.);
#4299=FACE_BOUND('',#3951,.T.);
#4300=FACE_BOUND('',#3952,.T.);
#4301=FACE_BOUND('',#3953,.T.);
#4302=FACE_BOUND('',#3954,.T.);
#4303=FACE_BOUND('',#3955,.T.);
#4304=FACE_BOUND('',#3956,.T.);
#4305=FACE_BOUND('',#3957,.T.);
#4306=FACE_BOUND('',#3958,.T.);
#4307=FACE_BOUND('',#3959,.T.);
#4308=FACE_BOUND('',#3960,.T.);
#4309=FACE_BOUND('',#3961,.T.);
#4310=FACE_BOUND('',#3962,.T.);
#4311=FACE_BOUND('',#3963,.T.);
#4312=FACE_BOUND('',#3964,.T.);
#4313=FACE_BOUND('',#3965,.T.);
#4314=FACE_BOUND('',#3966,.T.);
#4315=FACE_BOUND('',#3967,.T.);
#4316=FACE_BOUND('',#3968,.T.);
#4317=FACE_BOUND('',#3969,.T.);
#4318=FACE_BOUND('',#3970,.T.);
#4319=FACE_BOUND('',#3971,.T.);
#4320=FACE_BOUND('',#3972,.T.);
#4321=FACE_BOUND('',#3973,.T.);
#4322=FACE_BOUND('',#3974,.T.);
#4323=FACE_BOUND('',#3975,.T.);
#4324=FACE_BOUND('',#3976,.T.);
#4325=FACE_BOUND('',#3977,.T.);
#4326=FACE_BOUND('',#3978,.T.);
#4327=FACE_BOUND('',#3979,.T.);
#4328=FACE_BOUND('',#3980,.T.);
#4329=FACE_BOUND('',#3981,.T.);
#4330=FACE_BOUND('',#3982,.T.);
#4331=FACE_BOUND('',#3983,.T.);
#4332=FACE_BOUND('',#3984,.T.);
#4333=FACE_BOUND('',#3985,.T.);
#4334=FACE_BOUND('',#3986,.T.);
#4335=FACE_BOUND('',#3987,.T.);
#4336=FACE_BOUND('',#3988,.T.);
#4337=FACE_BOUND('',#3989,.T.);
#4338=FACE_BOUND('',#3990,.T.);
#4339=FACE_BOUND('',#3991,.T.);
#4340=FACE_BOUND('',#3992,.T.);
#4341=FACE_BOUND('',#3993,.T.);
#4342=FACE_BOUND('',#3994,.T.);
#4343=FACE_BOUND('',#3995,.T.);
#4344=FACE_BOUND('',#3996,.T.);
#4345=FACE_BOUND('',#3997,.T.);
#4346=FACE_BOUND('',#3998,.T.);
#4347=FACE_BOUND('',#3999,.T.);
#4348=FACE_BOUND('',#4000,.T.);
#4349=FACE_BOUND('',#4001,.T.);
#4350=FACE_BOUND('',#4002,.T.);
#4351=FACE_BOUND('',#4003,.T.);
#4352=FACE_BOUND('',#4004,.T.);
#4353=FACE_BOUND('',#4005,.T.);
#4354=FACE_BOUND('',#4006,.T.);
#4355=FACE_BOUND('',#4007,.T.);
#4356=FACE_BOUND('',#4008,.T.);
#4357=FACE_BOUND('',#4009,.T.);
#4358=FACE_BOUND('',#4010,.T.);
#4359=FACE_BOUND('',#4011,.T.);
#4360=FACE_BOUND('',#4012,.T.);
#4361=FACE_BOUND('',#4013,.T.);
#4362=FACE_BOUND('',#4014,.T.);
#4363=FACE_BOUND('',#4015,.T.);
#4364=FACE_BOUND('',#4016,.T.);
#4365=FACE_BOUND('',#4017,.T.);
#4366=FACE_BOUND('',#4018,.T.);
#4367=FACE_BOUND('',#4019,.T.);
#4368=FACE_BOUND('',#4020,.T.);
#4369=FACE_BOUND('',#4021,.T.);
#4370=FACE_BOUND('',#4022,.T.);
#4371=FACE_BOUND('',#4023,.T.);
#4372=FACE_BOUND('',#4024,.T.);
#4373=FACE_BOUND('',#4025,.T.);
#4374=FACE_BOUND('',#4026,.T.);
#4375=FACE_BOUND('',#4027,.T.);
#4376=FACE_BOUND('',#4028,.T.);
#4377=FACE_BOUND('',#4029,.T.);
#4378=FACE_BOUND('',#4030,.T.);
#4379=FACE_BOUND('',#4031,.T.);
#4380=FACE_BOUND('',#4032,.T.);
#4381=FACE_BOUND('',#4033,.T.);
#4382=FACE_BOUND('',#4034,.T.);
#4383=FACE_BOUND('',#4035,.T.);
#4384=FACE_BOUND('',#4036,.T.);
#4385=FACE_BOUND('',#4037,.T.);
#4386=FACE_BOUND('',#4038,.T.);
#4387=FACE_BOUND('',#4039,.T.);
#4388=FACE_BOUND('',#4040,.T.);
#4389=FACE_BOUND('',#4041,.T.);
#4390=FACE_BOUND('',#4042,.T.);
#4391=FACE_BOUND('',#4043,.T.);
#4392=FACE_BOUND('',#4044,.T.);
#4393=FACE_BOUND('',#4045,.T.);
#4394=FACE_BOUND('',#4046,.T.);
#4395=FACE_BOUND('',#4047,.T.);
#4396=FACE_BOUND('',#4048,.T.);
#4397=FACE_BOUND('',#4049,.T.);
#4398=FACE_BOUND('',#4050,.T.);
#4399=FACE_BOUND('',#4051,.T.);
#4400=FACE_BOUND('',#4052,.T.);
#4401=FACE_BOUND('',#4053,.T.);
#4402=FACE_BOUND('',#4054,.T.);
#4403=FACE_BOUND('',#4055,.T.);
#4404=FACE_BOUND('',#4056,.T.);
#4405=FACE_BOUND('',#4057,.T.);
#4406=FACE_BOUND('',#4058,.T.);
#4407=FACE_BOUND('',#4059,.T.);
#4408=FACE_BOUND('',#4060,.T.);
#4409=FACE_BOUND('',#4061,.T.);
#4410=FACE_BOUND('',#4062,.T.);
#4411=FACE_BOUND('',#4063,.T.);
#4412=FACE_BOUND('',#4064,.T.);
#4413=FACE_BOUND('',#4065,.T.);
#4414=FACE_BOUND('',#4066,.T.);
#4415=FACE_BOUND('',#4067,.T.);
#4416=FACE_BOUND('',#4068,.T.);
#4417=FACE_BOUND('',#4069,.T.);
#4418=FACE_BOUND('',#4070,.T.);
#4419=FACE_BOUND('',#4071,.T.);
#4420=FACE_BOUND('',#4072,.T.);
#4421=FACE_BOUND('',#4073,.T.);
#4422=FACE_BOUND('',#4074,.T.);
#4423=FACE_BOUND('',#4075,.T.);
#4424=FACE_BOUND('',#4076,.T.);
#4425=FACE_BOUND('',#4077,.T.);
#4426=FACE_BOUND('',#4078,.T.);
#4427=FACE_BOUND('',#4079,.T.);
#4428=FACE_BOUND('',#4080,.T.);
#4429=FACE_BOUND('',#4081,.T.);
#4430=FACE_BOUND('',#4082,.T.);
#4431=FACE_BOUND('',#4083,.T.);
#4432=FACE_BOUND('',#4084,.T.);
#4433=FACE_BOUND('',#4085,.T.);
#4434=FACE_BOUND('',#4086,.T.);
#4435=FACE_BOUND('',#4087,.T.);
#4436=FACE_BOUND('',#4088,.T.);
#4437=FACE_BOUND('',#4089,.T.);
#4438=FACE_BOUND('',#4090,.T.);
#4439=FACE_BOUND('',#4091,.T.);
#4440=FACE_BOUND('',#4092,.T.);
#4441=FACE_BOUND('',#4093,.T.);
#4442=FACE_BOUND('',#4094,.T.);
#4443=FACE_BOUND('',#4095,.T.);
#4444=FACE_BOUND('',#4096,.T.);
#4445=FACE_BOUND('',#4097,.T.);
#4446=FACE_BOUND('',#4098,.T.);
#4447=FACE_BOUND('',#4099,.T.);
#4448=FACE_BOUND('',#4100,.T.);
#4449=FACE_BOUND('',#4101,.T.);
#4450=FACE_BOUND('',#4102,.T.);
#4451=FACE_BOUND('',#4103,.T.);
#4452=FACE_BOUND('',#4104,.T.);
#4453=FACE_BOUND('',#4105,.T.);
#4454=FACE_BOUND('',#4106,.T.);
#4455=FACE_BOUND('',#4107,.T.);
#4456=FACE_BOUND('',#4108,.T.);
#4457=FACE_BOUND('',#4109,.T.);
#4458=FACE_BOUND('',#4110,.T.);
#4459=FACE_BOUND('',#4111,.T.);
#4460=FACE_BOUND('',#4112,.T.);
#4461=FACE_BOUND('',#4113,.T.);
#4462=FACE_BOUND('',#4114,.T.);
#4463=FACE_BOUND('',#4115,.T.);
#4464=FACE_BOUND('',#4116,.T.);
#4465=FACE_BOUND('',#4117,.T.);
#4466=FACE_BOUND('',#4118,.T.);
#4467=FACE_BOUND('',#4119,.T.);
#4468=FACE_BOUND('',#4120,.T.);
#4469=FACE_BOUND('',#4121,.T.);
#4470=FACE_BOUND('',#4122,.T.);
#4471=FACE_BOUND('',#4123,.T.);
#4472=FACE_BOUND('',#4124,.T.);
#4473=FACE_BOUND('',#4125,.T.);
#4474=FACE_BOUND('',#4126,.T.);
#4475=FACE_BOUND('',#4127,.T.);
#4476=FACE_BOUND('',#4128,.T.);
#4477=FACE_BOUND('',#4129,.T.);
#4478=FACE_BOUND('',#4130,.T.);
#4479=FACE_BOUND('',#4131,.T.);
#4480=FACE_BOUND('',#4132,.T.);
#4481=FACE_BOUND('',#4133,.T.);
#4482=FACE_BOUND('',#4134,.T.);
#4483=FACE_BOUND('',#4135,.T.);
#4484=FACE_BOUND('',#4136,.T.);
#4485=FACE_BOUND('',#4137,.T.);
#4486=FACE_BOUND('',#4138,.T.);
#4487=FACE_BOUND('',#4139,.T.);
#4488=FACE_BOUND('',#4140,.T.);
#4489=FACE_BOUND('',#4141,.T.);
#4490=FACE_BOUND('',#4142,.T.);
#4491=FACE_BOUND('',#4143,.T.);
#4492=FACE_BOUND('',#4144,.T.);
#4493=FACE_BOUND('',#4145,.T.);
#4494=FACE_BOUND('',#4146,.T.);
#4495=FACE_BOUND('',#4147,.T.);
#4496=FACE_BOUND('',#4148,.T.);
#4497=FACE_BOUND('',#4149,.T.);
#4498=FACE_BOUND('',#4150,.T.);
#4499=FACE_BOUND('',#4151,.T.);
#4500=FACE_BOUND('',#4152,.T.);
#4501=FACE_BOUND('',#4153,.T.);
#4502=FACE_BOUND('',#4154,.T.);
#4503=FACE_BOUND('',#4155,.T.);
#4504=FACE_BOUND('',#4156,.T.);
#4505=FACE_BOUND('',#4157,.T.);
#4506=FACE_BOUND('',#4158,.T.);
#4507=FACE_BOUND('',#4159,.T.);
#4508=FACE_BOUND('',#4160,.T.);
#4509=FACE_BOUND('',#4161,.T.);
#4510=FACE_BOUND('',#4162,.T.);
#4511=FACE_BOUND('',#4163,.T.);
#4512=FACE_BOUND('',#4164,.T.);
#4513=FACE_BOUND('',#4165,.T.);
#4514=FACE_BOUND('',#4166,.T.);
#4515=FACE_BOUND('',#4167,.T.);
#4516=FACE_BOUND('',#4168,.T.);
#4517=FACE_BOUND('',#4169,.T.);
#4518=FACE_BOUND('',#4170,.T.);
#4519=FACE_BOUND('',#4171,.T.);
#4520=FACE_BOUND('',#4172,.T.);
#4521=FACE_BOUND('',#4173,.T.);
#4522=FACE_BOUND('',#4174,.T.);
#4523=FACE_BOUND('',#4175,.T.);
#4524=FACE_BOUND('',#4176,.T.);
#4525=FACE_BOUND('',#4177,.T.);
#4526=FACE_BOUND('',#4178,.T.);
#4527=FACE_BOUND('',#4179,.T.);
#4528=FACE_BOUND('',#4180,.T.);
#4529=FACE_BOUND('',#4181,.T.);
#4530=FACE_BOUND('',#4182,.T.);
#4531=FACE_BOUND('',#4183,.T.);
#4532=FACE_BOUND('',#4184,.T.);
#4533=FACE_BOUND('',#4185,.T.);
#4534=FACE_BOUND('',#4186,.T.);
#4535=FACE_BOUND('',#4187,.T.);
#4536=FACE_BOUND('',#4188,.T.);
#4537=FACE_BOUND('',#4189,.T.);
#4538=FACE_BOUND('',#4190,.T.);
#4539=FACE_BOUND('',#4191,.T.);
#4540=FACE_BOUND('',#4192,.T.);
#4541=FACE_BOUND('',#4193,.T.);
#4542=FACE_BOUND('',#4194,.T.);
#4543=FACE_BOUND('',#4195,.T.);
#4544=FACE_BOUND('',#4196,.T.);
#4545=FACE_BOUND('',#4197,.T.);
#4546=FACE_BOUND('',#4198,.T.);
#4547=FACE_BOUND('',#4199,.T.);
#4548=FACE_BOUND('',#4200,.T.);
#4549=FACE_BOUND('',#4201,.T.);
#4550=FACE_BOUND('',#4202,.T.);
#4551=FACE_BOUND('',#4203,.T.);
#4552=FACE_BOUND('',#4204,.T.);
#4553=FACE_BOUND('',#4205,.T.);
#4554=FACE_BOUND('',#4206,.T.);
#4555=FACE_BOUND('',#4207,.T.);
#4556=FACE_BOUND('',#4208,.T.);
#4557=FACE_BOUND('',#4209,.T.);
#4558=FACE_BOUND('',#4210,.T.);
#4559=FACE_BOUND('',#4211,.T.);
#4560=FACE_BOUND('',#4212,.T.);
#4561=FACE_BOUND('',#4213,.T.);
#4562=FACE_BOUND('',#4214,.T.);
#4563=FACE_BOUND('',#4215,.T.);
#4564=FACE_BOUND('',#4216,.T.);
#4565=FACE_BOUND('',#4217,.T.);
#4566=FACE_BOUND('',#4218,.T.);
#4567=FACE_BOUND('',#4219,.T.);
#4568=FACE_BOUND('',#4220,.T.);
#4569=FACE_BOUND('',#4221,.T.);
#4570=FACE_BOUND('',#4222,.T.);
#4571=FACE_BOUND('',#4223,.T.);
#4572=FACE_BOUND('',#4224,.T.);
#4573=FACE_BOUND('',#4225,.T.);
#4574=FACE_BOUND('',#4226,.T.);
#4575=FACE_BOUND('',#4227,.T.);
#4576=FACE_BOUND('',#4228,.T.);
#4577=FACE_BOUND('',#4229,.T.);
#4578=FACE_BOUND('',#4230,.T.);
#4579=FACE_BOUND('',#4231,.T.);
#4580=FACE_BOUND('',#4232,.T.);
#4581=FACE_BOUND('',#4233,.T.);
#4582=FACE_BOUND('',#4234,.T.);
#4583=FACE_BOUND('',#4235,.T.);
#4584=FACE_BOUND('',#4236,.T.);
#4585=FACE_BOUND('',#4237,.T.);
#4586=FACE_BOUND('',#4238,.T.);
#4587=FACE_BOUND('',#4239,.T.);
#4588=FACE_BOUND('',#4240,.T.);
#4589=FACE_BOUND('',#4241,.T.);
#4590=FACE_BOUND('',#4242,.T.);
#4591=FACE_BOUND('',#4243,.T.);
#4592=FACE_BOUND('',#4244,.T.);
#4593=FACE_BOUND('',#4245,.T.);
#4594=FACE_BOUND('',#4246,.T.);
#4595=FACE_BOUND('',#4247,.T.);
#4596=FACE_BOUND('',#4248,.T.);
#4597=FACE_BOUND('',#4249,.T.);
#4598=FACE_BOUND('',#4250,.T.);
#4599=FACE_BOUND('',#4251,.T.);
#4600=FACE_BOUND('',#4252,.T.);
#4601=FACE_BOUND('',#4253,.T.);
#4602=FACE_BOUND('',#4254,.T.);
#4603=FACE_BOUND('',#4255,.T.);
#4604=FACE_BOUND('',#4256,.T.);
#4605=FACE_BOUND('',#4257,.T.);
#4606=FACE_BOUND('',#4258,.T.);
#4607=FACE_BOUND('',#4259,.T.);
#4608=FACE_BOUND('',#4260,.T.);
#4609=FACE_BOUND('',#4261,.T.);
#4610=FACE_BOUND('',#4262,.T.);
#4611=FACE_BOUND('',#4263,.T.);
#4612=FACE_BOUND('',#4264,.T.);
#4613=FACE_BOUND('',#4265,.T.);
#4614=FACE_BOUND('',#4266,.T.);
#4615=FACE_BOUND('',#4267,.T.);
#4616=FACE_BOUND('',#4268,.T.);
#4617=FACE_BOUND('',#4269,.T.);
#4618=FACE_BOUND('',#4270,.T.);
#4619=FACE_BOUND('',#4271,.T.);
#4620=FACE_BOUND('',#4272,.T.);
#4621=FACE_BOUND('',#4273,.T.);
#4622=FACE_BOUND('',#4274,.T.);
#4623=FACE_BOUND('',#4275,.T.);
#4624=FACE_BOUND('',#4276,.T.);
#4625=FACE_BOUND('',#4277,.T.);
#4626=FACE_BOUND('',#4278,.T.);
#4627=FACE_BOUND('',#4279,.T.);
#4628=FACE_BOUND('',#4280,.T.);
#4629=FACE_BOUND('',#4281,.T.);
#4630=FACE_BOUND('',#4282,.T.);
#4631=FACE_BOUND('',#4283,.T.);
#4632=FACE_BOUND('',#4284,.T.);
#4633=FACE_BOUND('',#4285,.T.);
#4634=FACE_BOUND('',#4286,.T.);
#4635=FACE_BOUND('',#4287,.T.);
#4636=FACE_BOUND('',#4288,.T.);
#4637=FACE_BOUND('',#4289,.T.);
#4638=FACE_BOUND('',#4290,.T.);
#4639=FACE_BOUND('',#4291,.T.);
#4640=FACE_BOUND('',#4292,.T.);
#4641=FACE_BOUND('',#4293,.T.);
#4642=PLANE('',#5033);
#4643=PLANE('',#5034);
#4644=PLANE('',#5035);
#4645=PLANE('',#5083);
#4646=PLANE('',#5131);
#4647=PLANE('',#5136);
#4648=PLANE('',#5141);
#4649=PLANE('',#5142);
#4650=PLANE('',#5143);
#4651=PLANE('',#5144);
#4652=PLANE('',#5145);
#4653=PLANE('',#5146);
#4654=PLANE('',#5147);
#4655=PLANE('',#5148);
#4656=PLANE('',#5155);
#4657=PLANE('',#5156);
#4658=PLANE('',#5157);
#4659=PLANE('',#5158);
#4660=PLANE('',#5159);
#4661=PLANE('',#5160);
#4662=PLANE('',#5161);
#4663=PLANE('',#5162);
#4664=PLANE('',#5163);
#4665=PLANE('',#5164);
#4666=PLANE('',#5165);
#4667=PLANE('',#5166);
#4668=PLANE('',#5167);
#4669=PLANE('',#5168);
#4670=PLANE('',#5169);
#4671=PLANE('',#5170);
#4672=PLANE('',#5171);
#4673=PLANE('',#5172);
#4674=PLANE('',#5173);
#4675=PLANE('',#5174);
#4676=PLANE('',#5175);
#4677=PLANE('',#5176);
#4678=PLANE('',#5177);
#4679=PLANE('',#5178);
#4680=PLANE('',#5179);
#4681=PLANE('',#5180);
#4682=PLANE('',#5181);
#4683=PLANE('',#5182);
#4684=PLANE('',#5183);
#4685=PLANE('',#5184);
#4686=PLANE('',#5185);
#4687=PLANE('',#5186);
#4688=PLANE('',#5187);
#4689=PLANE('',#5188);
#4690=PLANE('',#5189);
#4691=PLANE('',#5190);
#4692=PLANE('',#5191);
#4693=PLANE('',#5192);
#4694=PLANE('',#5193);
#4695=PLANE('',#5194);
#4696=PLANE('',#5195);
#4697=PLANE('',#5196);
#4698=PLANE('',#5197);
#4699=PLANE('',#5198);
#4700=PLANE('',#5199);
#4701=PLANE('',#5200);
#4702=PLANE('',#5201);
#4703=PLANE('',#5202);
#4704=PLANE('',#5203);
#4705=PLANE('',#5204);
#4706=PLANE('',#5205);
#4707=PLANE('',#5206);
#4708=PLANE('',#5596);
#4709=PLANE('',#5597);
#4710=PLANE('',#5603);
#4711=PLANE('',#5604);
#4712=PLANE('',#5605);
#4713=PLANE('',#5611);
#4714=ADVANCED_FACE('',(#4294),#4642,.T.);
#4715=ADVANCED_FACE('',(#4295),#4643,.F.);
#4716=ADVANCED_FACE('',(#4296,#4297,#4298,#4299,#4300,#4301,#4302,#4303,
#4304,#4305,#4306,#4307,#4308,#4309),#4644,.F.);
#4717=ADVANCED_FACE('',(#4310,#4311,#4312,#4313,#4314,#4315,#4316,#4317,
#4318,#4319,#4320,#4321,#4322,#4323),#4645,.T.);
#4718=ADVANCED_FACE('',(#4324,#4325,#4326),#4646,.F.);
#4719=ADVANCED_FACE('',(#4327,#4328,#4329),#4647,.T.);
#4720=ADVANCED_FACE('',(#4330),#4648,.T.);
#4721=ADVANCED_FACE('',(#4331),#4649,.T.);
#4722=ADVANCED_FACE('',(#4332),#4650,.T.);
#4723=ADVANCED_FACE('',(#4333),#4651,.T.);
#4724=ADVANCED_FACE('',(#4334),#4652,.T.);
#4725=ADVANCED_FACE('',(#4335),#4653,.T.);
#4726=ADVANCED_FACE('',(#4336),#4654,.F.);
#4727=ADVANCED_FACE('',(#4337,#4338,#4339),#4655,.F.);
#4728=ADVANCED_FACE('',(#4340),#4656,.T.);
#4729=ADVANCED_FACE('',(#4341),#4657,.T.);
#4730=ADVANCED_FACE('',(#4342),#4658,.F.);
#4731=ADVANCED_FACE('',(#4343),#4659,.F.);
#4732=ADVANCED_FACE('',(#4344),#4660,.F.);
#4733=ADVANCED_FACE('',(#4345),#4661,.T.);
#4734=ADVANCED_FACE('',(#4346),#4662,.F.);
#4735=ADVANCED_FACE('',(#4347),#4663,.T.);
#4736=ADVANCED_FACE('',(#4348),#4664,.F.);
#4737=ADVANCED_FACE('',(#4349),#4665,.F.);
#4738=ADVANCED_FACE('',(#4350),#4666,.T.);
#4739=ADVANCED_FACE('',(#4351),#4667,.F.);
#4740=ADVANCED_FACE('',(#4352),#4668,.T.);
#4741=ADVANCED_FACE('',(#4353),#4669,.F.);
#4742=ADVANCED_FACE('',(#4354),#4670,.F.);
#4743=ADVANCED_FACE('',(#4355),#4671,.T.);
#4744=ADVANCED_FACE('',(#4356),#4672,.F.);
#4745=ADVANCED_FACE('',(#4357),#4673,.T.);
#4746=ADVANCED_FACE('',(#4358),#4674,.F.);
#4747=ADVANCED_FACE('',(#4359),#4675,.T.);
#4748=ADVANCED_FACE('',(#4360),#4676,.F.);
#4749=ADVANCED_FACE('',(#4361),#4677,.T.);
#4750=ADVANCED_FACE('',(#4362),#4678,.F.);
#4751=ADVANCED_FACE('',(#4363),#4679,.F.);
#4752=ADVANCED_FACE('',(#4364),#4680,.T.);
#4753=ADVANCED_FACE('',(#4365),#4681,.F.);
#4754=ADVANCED_FACE('',(#4366),#4682,.T.);
#4755=ADVANCED_FACE('',(#4367),#4683,.F.);
#4756=ADVANCED_FACE('',(#4368),#4684,.F.);
#4757=ADVANCED_FACE('',(#4369),#4685,.T.);
#4758=ADVANCED_FACE('',(#4370),#4686,.F.);
#4759=ADVANCED_FACE('',(#4371),#4687,.T.);
#4760=ADVANCED_FACE('',(#4372),#4688,.F.);
#4761=ADVANCED_FACE('',(#4373),#4689,.F.);
#4762=ADVANCED_FACE('',(#4374),#4690,.F.);
#4763=ADVANCED_FACE('',(#4375),#4691,.T.);
#4764=ADVANCED_FACE('',(#4376),#4692,.T.);
#4765=ADVANCED_FACE('',(#4377),#4693,.F.);
#4766=ADVANCED_FACE('',(#4378),#4694,.T.);
#4767=ADVANCED_FACE('',(#4379),#4695,.T.);
#4768=ADVANCED_FACE('',(#4380),#4696,.F.);
#4769=ADVANCED_FACE('',(#4381),#4697,.F.);
#4770=ADVANCED_FACE('',(#4382),#4698,.T.);
#4771=ADVANCED_FACE('',(#4383),#4699,.T.);
#4772=ADVANCED_FACE('',(#4384),#4700,.F.);
#4773=ADVANCED_FACE('',(#4385),#4701,.F.);
#4774=ADVANCED_FACE('',(#4386),#4702,.T.);
#4775=ADVANCED_FACE('',(#4387),#4703,.T.);
#4776=ADVANCED_FACE('',(#4388),#4704,.F.);
#4777=ADVANCED_FACE('',(#4389),#4705,.F.);
#4778=ADVANCED_FACE('',(#4390),#4706,.T.);
#4779=ADVANCED_FACE('',(#4391),#4707,.T.);
#4780=ADVANCED_FACE('',(#4392),#116,.T.);
#4781=ADVANCED_FACE('',(#4393),#26,.T.);
#4782=ADVANCED_FACE('',(#4394),#27,.T.);
#4783=ADVANCED_FACE('',(#4395),#117,.T.);
#4784=ADVANCED_FACE('',(#4396),#118,.T.);
#4785=ADVANCED_FACE('',(#4397),#28,.T.);
#4786=ADVANCED_FACE('',(#4398),#119,.F.);
#4787=ADVANCED_FACE('',(#4399),#29,.T.);
#4788=ADVANCED_FACE('',(#4400),#120,.T.);
#4789=ADVANCED_FACE('',(#4401),#121,.T.);
#4790=ADVANCED_FACE('',(#4402),#30,.T.);
#4791=ADVANCED_FACE('',(#4403),#31,.T.);
#4792=ADVANCED_FACE('',(#4404),#122,.T.);
#4793=ADVANCED_FACE('',(#4405),#32,.T.);
#4794=ADVANCED_FACE('',(#4406),#123,.T.);
#4795=ADVANCED_FACE('',(#4407),#124,.T.);
#4796=ADVANCED_FACE('',(#4408),#33,.T.);
#4797=ADVANCED_FACE('',(#4409),#34,.T.);
#4798=ADVANCED_FACE('',(#4410),#125,.T.);
#4799=ADVANCED_FACE('',(#4411),#126,.F.);
#4800=ADVANCED_FACE('',(#4412),#127,.T.);
#4801=ADVANCED_FACE('',(#4413),#128,.T.);
#4802=ADVANCED_FACE('',(#4414),#35,.T.);
#4803=ADVANCED_FACE('',(#4415),#36,.T.);
#4804=ADVANCED_FACE('',(#4416),#37,.T.);
#4805=ADVANCED_FACE('',(#4417),#129,.T.);
#4806=ADVANCED_FACE('',(#4418),#130,.T.);
#4807=ADVANCED_FACE('',(#4419),#131,.F.);
#4808=ADVANCED_FACE('',(#4420),#38,.T.);
#4809=ADVANCED_FACE('',(#4421),#39,.T.);
#4810=ADVANCED_FACE('',(#4422),#132,.T.);
#4811=ADVANCED_FACE('',(#4423),#40,.T.);
#4812=ADVANCED_FACE('',(#4424),#133,.T.);
#4813=ADVANCED_FACE('',(#4425),#134,.T.);
#4814=ADVANCED_FACE('',(#4426),#41,.T.);
#4815=ADVANCED_FACE('',(#4427),#42,.T.);
#4816=ADVANCED_FACE('',(#4428),#135,.T.);
#4817=ADVANCED_FACE('',(#4429),#136,.T.);
#4818=ADVANCED_FACE('',(#4430),#137,.T.);
#4819=ADVANCED_FACE('',(#4431),#43,.T.);
#4820=ADVANCED_FACE('',(#4432),#44,.T.);
#4821=ADVANCED_FACE('',(#4433),#45,.T.);
#4822=ADVANCED_FACE('',(#4434),#138,.T.);
#4823=ADVANCED_FACE('',(#4435),#139,.F.);
#4824=ADVANCED_FACE('',(#4436),#140,.T.);
#4825=ADVANCED_FACE('',(#4437),#46,.T.);
#4826=ADVANCED_FACE('',(#4438),#47,.T.);
#4827=ADVANCED_FACE('',(#4439),#141,.T.);
#4828=ADVANCED_FACE('',(#4440),#48,.T.);
#4829=ADVANCED_FACE('',(#4441),#142,.T.);
#4830=ADVANCED_FACE('',(#4442),#143,.T.);
#4831=ADVANCED_FACE('',(#4443),#49,.T.);
#4832=ADVANCED_FACE('',(#4444),#50,.T.);
#4833=ADVANCED_FACE('',(#4445),#144,.T.);
#4834=ADVANCED_FACE('',(#4446),#145,.T.);
#4835=ADVANCED_FACE('',(#4447),#51,.T.);
#4836=ADVANCED_FACE('',(#4448),#146,.F.);
#4837=ADVANCED_FACE('',(#4449),#147,.T.);
#4838=ADVANCED_FACE('',(#4450),#52,.T.);
#4839=ADVANCED_FACE('',(#4451),#53,.T.);
#4840=ADVANCED_FACE('',(#4452),#148,.T.);
#4841=ADVANCED_FACE('',(#4453),#149,.T.);
#4842=ADVANCED_FACE('',(#4454),#54,.T.);
#4843=ADVANCED_FACE('',(#4455),#55,.T.);
#4844=ADVANCED_FACE('',(#4456),#150,.T.);
#4845=ADVANCED_FACE('',(#4457),#56,.T.);
#4846=ADVANCED_FACE('',(#4458),#151,.T.);
#4847=ADVANCED_FACE('',(#4459),#152,.T.);
#4848=ADVANCED_FACE('',(#4460),#57,.T.);
#4849=ADVANCED_FACE('',(#4461),#58,.T.);
#4850=ADVANCED_FACE('',(#4462),#153,.T.);
#4851=ADVANCED_FACE('',(#4463),#154,.T.);
#4852=ADVANCED_FACE('',(#4464),#155,.T.);
#4853=ADVANCED_FACE('',(#4465),#59,.T.);
#4854=ADVANCED_FACE('',(#4466),#60,.T.);
#4855=ADVANCED_FACE('',(#4467),#61,.T.);
#4856=ADVANCED_FACE('',(#4468),#156,.T.);
#4857=ADVANCED_FACE('',(#4469),#157,.F.);
#4858=ADVANCED_FACE('',(#4470),#158,.T.);
#4859=ADVANCED_FACE('',(#4471),#62,.T.);
#4860=ADVANCED_FACE('',(#4472),#63,.T.);
#4861=ADVANCED_FACE('',(#4473),#159,.T.);
#4862=ADVANCED_FACE('',(#4474),#64,.T.);
#4863=ADVANCED_FACE('',(#4475),#160,.T.);
#4864=ADVANCED_FACE('',(#4476),#161,.T.);
#4865=ADVANCED_FACE('',(#4477),#65,.T.);
#4866=ADVANCED_FACE('',(#4478),#66,.T.);
#4867=ADVANCED_FACE('',(#4479),#162,.T.);
#4868=ADVANCED_FACE('',(#4480),#163,.F.);
#4869=ADVANCED_FACE('',(#4481),#164,.T.);
#4870=ADVANCED_FACE('',(#4482),#165,.T.);
#4871=ADVANCED_FACE('',(#4483),#67,.T.);
#4872=ADVANCED_FACE('',(#4484),#68,.T.);
#4873=ADVANCED_FACE('',(#4485),#69,.T.);
#4874=ADVANCED_FACE('',(#4486),#166,.T.);
#4875=ADVANCED_FACE('',(#4487),#167,.T.);
#4876=ADVANCED_FACE('',(#4488),#168,.F.);
#4877=ADVANCED_FACE('',(#4489),#70,.T.);
#4878=ADVANCED_FACE('',(#4490),#71,.T.);
#4879=ADVANCED_FACE('',(#4491),#169,.T.);
#4880=ADVANCED_FACE('',(#4492),#72,.T.);
#4881=ADVANCED_FACE('',(#4493),#170,.T.);
#4882=ADVANCED_FACE('',(#4494),#171,.T.);
#4883=ADVANCED_FACE('',(#4495),#73,.T.);
#4884=ADVANCED_FACE('',(#4496),#74,.T.);
#4885=ADVANCED_FACE('',(#4497),#172,.T.);
#4886=ADVANCED_FACE('',(#4498),#173,.F.);
#4887=ADVANCED_FACE('',(#4499),#174,.T.);
#4888=ADVANCED_FACE('',(#4500),#175,.T.);
#4889=ADVANCED_FACE('',(#4501),#75,.T.);
#4890=ADVANCED_FACE('',(#4502),#76,.T.);
#4891=ADVANCED_FACE('',(#4503),#77,.T.);
#4892=ADVANCED_FACE('',(#4504),#176,.T.);
#4893=ADVANCED_FACE('',(#4505),#177,.T.);
#4894=ADVANCED_FACE('',(#4506),#178,.F.);
#4895=ADVANCED_FACE('',(#4507),#78,.T.);
#4896=ADVANCED_FACE('',(#4508),#79,.T.);
#4897=ADVANCED_FACE('',(#4509),#179,.T.);
#4898=ADVANCED_FACE('',(#4510),#80,.T.);
#4899=ADVANCED_FACE('',(#4511),#180,.T.);
#4900=ADVANCED_FACE('',(#4512),#181,.T.);
#4901=ADVANCED_FACE('',(#4513),#81,.T.);
#4902=ADVANCED_FACE('',(#4514),#82,.T.);
#4903=ADVANCED_FACE('',(#4515),#182,.T.);
#4904=ADVANCED_FACE('',(#4516),#183,.F.);
#4905=ADVANCED_FACE('',(#4517),#184,.T.);
#4906=ADVANCED_FACE('',(#4518),#185,.T.);
#4907=ADVANCED_FACE('',(#4519),#83,.T.);
#4908=ADVANCED_FACE('',(#4520),#84,.T.);
#4909=ADVANCED_FACE('',(#4521),#85,.T.);
#4910=ADVANCED_FACE('',(#4522),#186,.T.);
#4911=ADVANCED_FACE('',(#4523),#187,.T.);
#4912=ADVANCED_FACE('',(#4524),#188,.F.);
#4913=ADVANCED_FACE('',(#4525),#86,.T.);
#4914=ADVANCED_FACE('',(#4526),#87,.T.);
#4915=ADVANCED_FACE('',(#4527),#189,.T.);
#4916=ADVANCED_FACE('',(#4528),#88,.T.);
#4917=ADVANCED_FACE('',(#4529),#190,.T.);
#4918=ADVANCED_FACE('',(#4530),#191,.T.);
#4919=ADVANCED_FACE('',(#4531),#89,.T.);
#4920=ADVANCED_FACE('',(#4532),#90,.T.);
#4921=ADVANCED_FACE('',(#4533),#192,.T.);
#4922=ADVANCED_FACE('',(#4534),#193,.T.);
#4923=ADVANCED_FACE('',(#4535),#91,.T.);
#4924=ADVANCED_FACE('',(#4536),#194,.F.);
#4925=ADVANCED_FACE('',(#4537),#195,.T.);
#4926=ADVANCED_FACE('',(#4538),#92,.T.);
#4927=ADVANCED_FACE('',(#4539),#93,.T.);
#4928=ADVANCED_FACE('',(#4540),#196,.T.);
#4929=ADVANCED_FACE('',(#4541),#197,.T.);
#4930=ADVANCED_FACE('',(#4542),#94,.T.);
#4931=ADVANCED_FACE('',(#4543),#95,.T.);
#4932=ADVANCED_FACE('',(#4544),#198,.T.);
#4933=ADVANCED_FACE('',(#4545),#96,.T.);
#4934=ADVANCED_FACE('',(#4546),#199,.T.);
#4935=ADVANCED_FACE('',(#4547),#200,.T.);
#4936=ADVANCED_FACE('',(#4548),#97,.T.);
#4937=ADVANCED_FACE('',(#4549),#98,.T.);
#4938=ADVANCED_FACE('',(#4550),#201,.T.);
#4939=ADVANCED_FACE('',(#4551),#202,.T.);
#4940=ADVANCED_FACE('',(#4552),#99,.T.);
#4941=ADVANCED_FACE('',(#4553),#203,.F.);
#4942=ADVANCED_FACE('',(#4554),#204,.T.);
#4943=ADVANCED_FACE('',(#4555),#100,.T.);
#4944=ADVANCED_FACE('',(#4556),#101,.T.);
#4945=ADVANCED_FACE('',(#4557),#205,.T.);
#4946=ADVANCED_FACE('',(#4558),#206,.T.);
#4947=ADVANCED_FACE('',(#4559),#102,.T.);
#4948=ADVANCED_FACE('',(#4560),#103,.T.);
#4949=ADVANCED_FACE('',(#4561),#207,.T.);
#4950=ADVANCED_FACE('',(#4562),#104,.T.);
#4951=ADVANCED_FACE('',(#4563),#208,.T.);
#4952=ADVANCED_FACE('',(#4564),#209,.T.);
#4953=ADVANCED_FACE('',(#4565),#105,.T.);
#4954=ADVANCED_FACE('',(#4566),#106,.T.);
#4955=ADVANCED_FACE('',(#4567),#210,.T.);
#4956=ADVANCED_FACE('',(#4568),#211,.T.);
#4957=ADVANCED_FACE('',(#4569),#212,.T.);
#4958=ADVANCED_FACE('',(#4570),#107,.T.);
#4959=ADVANCED_FACE('',(#4571),#108,.T.);
#4960=ADVANCED_FACE('',(#4572),#109,.T.);
#4961=ADVANCED_FACE('',(#4573),#213,.F.);
#4962=ADVANCED_FACE('',(#4574),#214,.T.);
#4963=ADVANCED_FACE('',(#4575),#215,.T.);
#4964=ADVANCED_FACE('',(#4576),#110,.T.);
#4965=ADVANCED_FACE('',(#4577),#111,.T.);
#4966=ADVANCED_FACE('',(#4578),#216,.T.);
#4967=ADVANCED_FACE('',(#4579),#4708,.T.);
#4968=ADVANCED_FACE('',(#4580),#4709,.T.);
#4969=ADVANCED_FACE('',(#4581,#4582),#217,.F.);
#4970=ADVANCED_FACE('',(#4583,#4584),#218,.F.);
#4971=ADVANCED_FACE('',(#4585,#4586),#4710,.F.);
#4972=ADVANCED_FACE('',(#4587),#4711,.T.);
#4973=ADVANCED_FACE('',(#4588),#4712,.T.);
#4974=ADVANCED_FACE('',(#4589,#4590),#219,.F.);
#4975=ADVANCED_FACE('',(#4591,#4592),#220,.F.);
#4976=ADVANCED_FACE('',(#4593,#4594),#4713,.F.);
#4977=ADVANCED_FACE('',(#4595,#4596),#221,.F.);
#4978=ADVANCED_FACE('',(#4597,#4598),#222,.F.);
#4979=ADVANCED_FACE('',(#4599,#4600),#223,.F.);
#4980=ADVANCED_FACE('',(#4601,#4602),#224,.F.);
#4981=ADVANCED_FACE('',(#4603),#225,.T.);
#4982=ADVANCED_FACE('',(#4604),#12,.T.);
#4983=ADVANCED_FACE('',(#4605),#226,.T.);
#4984=ADVANCED_FACE('',(#4606),#227,.T.);
#4985=ADVANCED_FACE('',(#4607),#228,.T.);
#4986=ADVANCED_FACE('',(#4608),#13,.T.);
#4987=ADVANCED_FACE('',(#4609),#112,.T.);
#4988=ADVANCED_FACE('',(#4610),#229,.T.);
#4989=ADVANCED_FACE('',(#4611),#230,.F.);
#4990=ADVANCED_FACE('',(#4612),#231,.T.);
#4991=ADVANCED_FACE('',(#4613),#113,.T.);
#4992=ADVANCED_FACE('',(#4614),#14,.T.);
#4993=ADVANCED_FACE('',(#4615),#232,.T.);
#4994=ADVANCED_FACE('',(#4616),#233,.T.);
#4995=ADVANCED_FACE('',(#4617),#234,.T.);
#4996=ADVANCED_FACE('',(#4618),#235,.T.);
#4997=ADVANCED_FACE('',(#4619),#15,.T.);
#4998=ADVANCED_FACE('',(#4620),#16,.T.);
#4999=ADVANCED_FACE('',(#4621),#236,.T.);
#5000=ADVANCED_FACE('',(#4622),#237,.T.);
#5001=ADVANCED_FACE('',(#4623),#238,.T.);
#5002=ADVANCED_FACE('',(#4624),#239,.T.);
#5003=ADVANCED_FACE('',(#4625),#17,.T.);
#5004=ADVANCED_FACE('',(#4626),#18,.T.);
#5005=ADVANCED_FACE('',(#4627),#240,.T.);
#5006=ADVANCED_FACE('',(#4628),#241,.T.);
#5007=ADVANCED_FACE('',(#4629),#242,.T.);
#5008=ADVANCED_FACE('',(#4630),#19,.T.);
#5009=ADVANCED_FACE('',(#4631),#114,.T.);
#5010=ADVANCED_FACE('',(#4632),#243,.T.);
#5011=ADVANCED_FACE('',(#4633),#244,.F.);
#5012=ADVANCED_FACE('',(#4634),#245,.T.);
#5013=ADVANCED_FACE('',(#4635),#246,.T.);
#5014=ADVANCED_FACE('',(#4636),#115,.T.);
#5015=ADVANCED_FACE('',(#4637),#20,.T.);
#5016=ADVANCED_FACE('',(#4638),#247,.T.);
#5017=ADVANCED_FACE('',(#4639),#248,.T.);
#5018=ADVANCED_FACE('',(#4640),#21,.T.);
#5019=ADVANCED_FACE('',(#4641),#249,.T.);
#5020=CLOSED_SHELL('',(#4714,#4715,#4716,#4717,#4718,#4719,#4720,#4721,
#4722,#4723,#4724,#4725,#4726,#4727,#4728,#4729,#4730,#4731,#4732,#4733,
#4734,#4735,#4736,#4737,#4738,#4739,#4740,#4741,#4742,#4743,#4744,#4745,
#4746,#4747,#4748,#4749,#4750,#4751,#4752,#4753,#4754,#4755,#4756,#4757,
#4758,#4759,#4760,#4761,#4762,#4763,#4764,#4765,#4766,#4767,#4768,#4769,
#4770,#4771,#4772,#4773,#4774,#4775,#4776,#4777,#4778,#4779,#4780,#4781,
#4782,#4783,#4784,#4785,#4786,#4787,#4788,#4789,#4790,#4791,#4792,#4793,
#4794,#4795,#4796,#4797,#4798,#4799,#4800,#4801,#4802,#4803,#4804,#4805,
#4806,#4807,#4808,#4809,#4810,#4811,#4812,#4813,#4814,#4815,#4816,#4817,
#4818,#4819,#4820,#4821,#4822,#4823,#4824,#4825,#4826,#4827,#4828,#4829,
#4830,#4831,#4832,#4833,#4834,#4835,#4836,#4837,#4838,#4839,#4840,#4841,
#4842,#4843,#4844,#4845,#4846,#4847,#4848,#4849,#4850,#4851,#4852,#4853,
#4854,#4855,#4856,#4857,#4858,#4859,#4860,#4861,#4862,#4863,#4864,#4865,
#4866,#4867,#4868,#4869,#4870,#4871,#4872,#4873,#4874,#4875,#4876,#4877,
#4878,#4879,#4880,#4881,#4882,#4883,#4884,#4885,#4886,#4887,#4888,#4889,
#4890,#4891,#4892,#4893,#4894,#4895,#4896,#4897,#4898,#4899,#4900,#4901,
#4902,#4903,#4904,#4905,#4906,#4907,#4908,#4909,#4910,#4911,#4912,#4913,
#4914,#4915,#4916,#4917,#4918,#4919,#4920,#4921,#4922,#4923,#4924,#4925,
#4926,#4927,#4928,#4929,#4930,#4931,#4932,#4933,#4934,#4935,#4936,#4937,
#4938,#4939,#4940,#4941,#4942,#4943,#4944,#4945,#4946,#4947,#4948,#4949,
#4950,#4951,#4952,#4953,#4954,#4955,#4956,#4957,#4958,#4959,#4960,#4961,
#4962,#4963,#4964,#4965,#4966,#4967,#4968,#4969,#4970,#4971,#4972,#4973,
#4974,#4975,#4976,#4977,#4978,#4979,#4980,#4981,#4982,#4983,#4984,#4985,
#4986,#4987,#4988,#4989,#4990,#4991,#4992,#4993,#4994,#4995,#4996,#4997,
#4998,#4999,#5000,#5001,#5002,#5003,#5004,#5005,#5006,#5007,#5008,#5009,
#5010,#5011,#5012,#5013,#5014,#5015,#5016,#5017,#5018,#5019));
#5021=STYLED_ITEM('',(#5022),#5029);
#5022=PRESENTATION_STYLE_ASSIGNMENT((#5023));
#5023=SURFACE_STYLE_USAGE(.BOTH.,#5024);
#5024=SURFACE_SIDE_STYLE('',(#5025));
#5025=SURFACE_STYLE_FILL_AREA(#5026);
#5026=FILL_AREA_STYLE('',(#5027));
#5027=FILL_AREA_STYLE_COLOUR('',#5028);
#5028=COLOUR_RGB('',0.972549019607843,0.529411764705882,0.00392156862745098);
#5029=MANIFOLD_SOLID_BREP('Front Holder',#5020);
#5030=SHAPE_DEFINITION_REPRESENTATION(#8869,#5031);
#5031=SHAPE_REPRESENTATION('Front Holder',(#5032),#8864);
#5032=AXIS2_PLACEMENT_3D('',#7395,#5697,#5698);
#5033=AXIS2_PLACEMENT_3D('',#7396,#5699,#5700);
#5034=AXIS2_PLACEMENT_3D('',#7405,#5705,#5706);
#5035=AXIS2_PLACEMENT_3D('',#7422,#5715,#5716);
#5036=AXIS2_PLACEMENT_3D('',#7423,#5717,#5718);
#5037=AXIS2_PLACEMENT_3D('',#7425,#5719,#5720);
#5038=AXIS2_PLACEMENT_3D('',#7427,#5721,#5722);
#5039=AXIS2_PLACEMENT_3D('',#7432,#5724,#5725);
#5040=AXIS2_PLACEMENT_3D('',#7436,#5727,#5728);
#5041=AXIS2_PLACEMENT_3D('',#7439,#5730,#5731);
#5042=AXIS2_PLACEMENT_3D('',#7444,#5733,#5734);
#5043=AXIS2_PLACEMENT_3D('',#7448,#5736,#5737);
#5044=AXIS2_PLACEMENT_3D('',#7452,#5739,#5740);
#5045=AXIS2_PLACEMENT_3D('',#7455,#5742,#5743);
#5046=AXIS2_PLACEMENT_3D('',#7460,#5745,#5746);
#5047=AXIS2_PLACEMENT_3D('',#7464,#5748,#5749);
#5048=AXIS2_PLACEMENT_3D('',#7468,#5751,#5752);
#5049=AXIS2_PLACEMENT_3D('',#7471,#5754,#5755);
#5050=AXIS2_PLACEMENT_3D('',#7476,#5757,#5758);
#5051=AXIS2_PLACEMENT_3D('',#7480,#5760,#5761);
#5052=AXIS2_PLACEMENT_3D('',#7484,#5763,#5764);
#5053=AXIS2_PLACEMENT_3D('',#7487,#5766,#5767);
#5054=AXIS2_PLACEMENT_3D('',#7492,#5769,#5770);
#5055=AXIS2_PLACEMENT_3D('',#7496,#5772,#5773);
#5056=AXIS2_PLACEMENT_3D('',#7500,#5775,#5776);
#5057=AXIS2_PLACEMENT_3D('',#7503,#5778,#5779);
#5058=AXIS2_PLACEMENT_3D('',#7508,#5781,#5782);
#5059=AXIS2_PLACEMENT_3D('',#7512,#5784,#5785);
#5060=AXIS2_PLACEMENT_3D('',#7516,#5787,#5788);
#5061=AXIS2_PLACEMENT_3D('',#7530,#5795,#5796);
#5062=AXIS2_PLACEMENT_3D('',#7540,#5801,#5802);
#5063=AXIS2_PLACEMENT_3D('',#7541,#5803,#5804);
#5064=AXIS2_PLACEMENT_3D('',#7546,#5806,#5807);
#5065=AXIS2_PLACEMENT_3D('',#7550,#5809,#5810);
#5066=AXIS2_PLACEMENT_3D('',#7554,#5812,#5813);
#5067=AXIS2_PLACEMENT_3D('',#7557,#5815,#5816);
#5068=AXIS2_PLACEMENT_3D('',#7562,#5818,#5819);
#5069=AXIS2_PLACEMENT_3D('',#7566,#5821,#5822);
#5070=AXIS2_PLACEMENT_3D('',#7570,#5824,#5825);
#5071=AXIS2_PLACEMENT_3D('',#7573,#5827,#5828);
#5072=AXIS2_PLACEMENT_3D('',#7578,#5830,#5831);
#5073=AXIS2_PLACEMENT_3D('',#7582,#5833,#5834);
#5074=AXIS2_PLACEMENT_3D('',#7586,#5836,#5837);
#5075=AXIS2_PLACEMENT_3D('',#7589,#5839,#5840);
#5076=AXIS2_PLACEMENT_3D('',#7594,#5842,#5843);
#5077=AXIS2_PLACEMENT_3D('',#7598,#5845,#5846);
#5078=AXIS2_PLACEMENT_3D('',#7602,#5848,#5849);
#5079=AXIS2_PLACEMENT_3D('',#7605,#5851,#5852);
#5080=AXIS2_PLACEMENT_3D('',#7610,#5854,#5855);
#5081=AXIS2_PLACEMENT_3D('',#7614,#5857,#5858);
#5082=AXIS2_PLACEMENT_3D('',#7618,#5860,#5861);
#5083=AXIS2_PLACEMENT_3D('',#7621,#5863,#5864);
#5084=AXIS2_PLACEMENT_3D('',#7622,#5865,#5866);
#5085=AXIS2_PLACEMENT_3D('',#7624,#5867,#5868);
#5086=AXIS2_PLACEMENT_3D('',#7626,#5869,#5870);
#5087=AXIS2_PLACEMENT_3D('',#7631,#5872,#5873);
#5088=AXIS2_PLACEMENT_3D('',#7635,#5875,#5876);
#5089=AXIS2_PLACEMENT_3D('',#7639,#5878,#5879);
#5090=AXIS2_PLACEMENT_3D('',#7642,#5881,#5882);
#5091=AXIS2_PLACEMENT_3D('',#7647,#5884,#5885);
#5092=AXIS2_PLACEMENT_3D('',#7651,#5887,#5888);
#5093=AXIS2_PLACEMENT_3D('',#7655,#5890,#5891);
#5094=AXIS2_PLACEMENT_3D('',#7658,#5893,#5894);
#5095=AXIS2_PLACEMENT_3D('',#7663,#5896,#5897);
#5096=AXIS2_PLACEMENT_3D('',#7667,#5899,#5900);
#5097=AXIS2_PLACEMENT_3D('',#7671,#5902,#5903);
#5098=AXIS2_PLACEMENT_3D('',#7674,#5905,#5906);
#5099=AXIS2_PLACEMENT_3D('',#7679,#5908,#5909);
#5100=AXIS2_PLACEMENT_3D('',#7683,#5911,#5912);
#5101=AXIS2_PLACEMENT_3D('',#7687,#5914,#5915);
#5102=AXIS2_PLACEMENT_3D('',#7697,#5920,#5921);
#5103=AXIS2_PLACEMENT_3D('',#7707,#5926,#5927);
#5104=AXIS2_PLACEMENT_3D('',#7712,#5930,#5931);
#5105=AXIS2_PLACEMENT_3D('',#7717,#5933,#5934);
#5106=AXIS2_PLACEMENT_3D('',#7721,#5936,#5937);
#5107=AXIS2_PLACEMENT_3D('',#7725,#5939,#5940);
#5108=AXIS2_PLACEMENT_3D('',#7728,#5942,#5943);
#5109=AXIS2_PLACEMENT_3D('',#7733,#5945,#5946);
#5110=AXIS2_PLACEMENT_3D('',#7737,#5948,#5949);
#5111=AXIS2_PLACEMENT_3D('',#7741,#5951,#5952);
#5112=AXIS2_PLACEMENT_3D('',#7744,#5954,#5955);
#5113=AXIS2_PLACEMENT_3D('',#7749,#5957,#5958);
#5114=AXIS2_PLACEMENT_3D('',#7753,#5960,#5961);
#5115=AXIS2_PLACEMENT_3D('',#7757,#5963,#5964);
#5116=AXIS2_PLACEMENT_3D('',#7760,#5966,#5967);
#5117=AXIS2_PLACEMENT_3D('',#7765,#5969,#5970);
#5118=AXIS2_PLACEMENT_3D('',#7769,#5972,#5973);
#5119=AXIS2_PLACEMENT_3D('',#7773,#5975,#5976);
#5120=AXIS2_PLACEMENT_3D('',#7776,#5978,#5979);
#5121=AXIS2_PLACEMENT_3D('',#7781,#5981,#5982);
#5122=AXIS2_PLACEMENT_3D('',#7785,#5984,#5985);
#5123=AXIS2_PLACEMENT_3D('',#7789,#5987,#5988);
#5124=AXIS2_PLACEMENT_3D('',#7792,#5990,#5991);
#5125=AXIS2_PLACEMENT_3D('',#7797,#5993,#5994);
#5126=AXIS2_PLACEMENT_3D('',#7801,#5996,#5997);
#5127=AXIS2_PLACEMENT_3D('',#7805,#5999,#6000);
#5128=AXIS2_PLACEMENT_3D('',#7808,#6002,#6003);
#5129=AXIS2_PLACEMENT_3D('',#7813,#6005,#6006);
#5130=AXIS2_PLACEMENT_3D('',#7817,#6008,#6009);
#5131=AXIS2_PLACEMENT_3D('',#7820,#6011,#6012);
#5132=AXIS2_PLACEMENT_3D('',#7821,#6013,#6014);
#5133=AXIS2_PLACEMENT_3D('',#7823,#6015,#6016);
#5134=AXIS2_PLACEMENT_3D('',#7828,#6018,#6019);
#5135=AXIS2_PLACEMENT_3D('',#7832,#6021,#6022);
#5136=AXIS2_PLACEMENT_3D('',#7882,#6048,#6049);
#5137=AXIS2_PLACEMENT_3D('',#7883,#6050,#6051);
#5138=AXIS2_PLACEMENT_3D('',#7885,#6052,#6053);
#5139=AXIS2_PLACEMENT_3D('',#7890,#6055,#6056);
#5140=AXIS2_PLACEMENT_3D('',#7943,#6083,#6084);
#5141=AXIS2_PLACEMENT_3D('',#7944,#6085,#6086);
#5142=AXIS2_PLACEMENT_3D('',#7947,#6089,#6090);
#5143=AXIS2_PLACEMENT_3D('',#7950,#6093,#6094);
#5144=AXIS2_PLACEMENT_3D('',#7953,#6097,#6098);
#5145=AXIS2_PLACEMENT_3D('',#7956,#6101,#6102);
#5146=AXIS2_PLACEMENT_3D('',#7959,#6105,#6106);
#5147=AXIS2_PLACEMENT_3D('',#7962,#6109,#6110);
#5148=AXIS2_PLACEMENT_3D('',#7973,#6117,#6118);
#5149=AXIS2_PLACEMENT_3D('',#7977,#6120,#6121);
#5150=AXIS2_PLACEMENT_3D('',#7978,#6122,#6123);
#5151=AXIS2_PLACEMENT_3D('',#7982,#6125,#6126);
#5152=AXIS2_PLACEMENT_3D('',#7983,#6127,#6128);
#5153=AXIS2_PLACEMENT_3D('',#7984,#6129,#6130);
#5154=AXIS2_PLACEMENT_3D('',#7986,#6131,#6132);
#5155=AXIS2_PLACEMENT_3D('',#7988,#6133,#6134);
#5156=AXIS2_PLACEMENT_3D('',#7989,#6135,#6136);
#5157=AXIS2_PLACEMENT_3D('',#7991,#6138,#6139);
#5158=AXIS2_PLACEMENT_3D('',#7997,#6143,#6144);
#5159=AXIS2_PLACEMENT_3D('',#8003,#6148,#6149);
#5160=AXIS2_PLACEMENT_3D('',#8009,#6153,#6154);
#5161=AXIS2_PLACEMENT_3D('',#8017,#6159,#6160);
#5162=AXIS2_PLACEMENT_3D('',#8025,#6165,#6166);
#5163=AXIS2_PLACEMENT_3D('',#8031,#6170,#6171);
#5164=AXIS2_PLACEMENT_3D('',#8033,#6173,#6174);
#5165=AXIS2_PLACEMENT_3D('',#8039,#6178,#6179);
#5166=AXIS2_PLACEMENT_3D('',#8047,#6184,#6185);
#5167=AXIS2_PLACEMENT_3D('',#8055,#6190,#6191);
#5168=AXIS2_PLACEMENT_3D('',#8061,#6195,#6196);
#5169=AXIS2_PLACEMENT_3D('',#8063,#6198,#6199);
#5170=AXIS2_PLACEMENT_3D('',#8069,#6203,#6204);
#5171=AXIS2_PLACEMENT_3D('',#8077,#6209,#6210);
#5172=AXIS2_PLACEMENT_3D('',#8085,#6215,#6216);
#5173=AXIS2_PLACEMENT_3D('',#8091,#6220,#6221);
#5174=AXIS2_PLACEMENT_3D('',#8093,#6223,#6224);
#5175=AXIS2_PLACEMENT_3D('',#8103,#6230,#6231);
#5176=AXIS2_PLACEMENT_3D('',#8109,#6235,#6236);
#5177=AXIS2_PLACEMENT_3D('',#8115,#6240,#6241);
#5178=AXIS2_PLACEMENT_3D('',#8121,#6245,#6246);
#5179=AXIS2_PLACEMENT_3D('',#8127,#6250,#6251);
#5180=AXIS2_PLACEMENT_3D('',#8135,#6256,#6257);
#5181=AXIS2_PLACEMENT_3D('',#8143,#6262,#6263);
#5182=AXIS2_PLACEMENT_3D('',#8149,#6267,#6268);
#5183=AXIS2_PLACEMENT_3D('',#8151,#6270,#6271);
#5184=AXIS2_PLACEMENT_3D('',#8157,#6275,#6276);
#5185=AXIS2_PLACEMENT_3D('',#8165,#6281,#6282);
#5186=AXIS2_PLACEMENT_3D('',#8173,#6287,#6288);
#5187=AXIS2_PLACEMENT_3D('',#8179,#6292,#6293);
#5188=AXIS2_PLACEMENT_3D('',#8181,#6295,#6296);
#5189=AXIS2_PLACEMENT_3D('',#8190,#6301,#6302);
#5190=AXIS2_PLACEMENT_3D('',#8199,#6307,#6308);
#5191=AXIS2_PLACEMENT_3D('',#8205,#6312,#6313);
#5192=AXIS2_PLACEMENT_3D('',#8211,#6317,#6318);
#5193=AXIS2_PLACEMENT_3D('',#8220,#6323,#6324);
#5194=AXIS2_PLACEMENT_3D('',#8226,#6328,#6329);
#5195=AXIS2_PLACEMENT_3D('',#8232,#6333,#6334);
#5196=AXIS2_PLACEMENT_3D('',#8241,#6339,#6340);
#5197=AXIS2_PLACEMENT_3D('',#8250,#6345,#6346);
#5198=AXIS2_PLACEMENT_3D('',#8256,#6350,#6351);
#5199=AXIS2_PLACEMENT_3D('',#8262,#6355,#6356);
#5200=AXIS2_PLACEMENT_3D('',#8271,#6361,#6362);
#5201=AXIS2_PLACEMENT_3D('',#8280,#6367,#6368);
#5202=AXIS2_PLACEMENT_3D('',#8286,#6372,#6373);
#5203=AXIS2_PLACEMENT_3D('',#8292,#6377,#6378);
#5204=AXIS2_PLACEMENT_3D('',#8301,#6383,#6384);
#5205=AXIS2_PLACEMENT_3D('',#8310,#6389,#6390);
#5206=AXIS2_PLACEMENT_3D('',#8316,#6394,#6395);
#5207=AXIS2_PLACEMENT_3D('',#8322,#6399,#6400);
#5208=AXIS2_PLACEMENT_3D('',#8323,#6401,#6402);
#5209=AXIS2_PLACEMENT_3D('',#8324,#6403,#6404);
#5210=AXIS2_PLACEMENT_3D('',#8325,#6405,#6406);
#5211=AXIS2_PLACEMENT_3D('',#8326,#6407,#6408);
#5212=AXIS2_PLACEMENT_3D('',#8327,#6409,#6410);
#5213=AXIS2_PLACEMENT_3D('',#8328,#6411,#6412);
#5214=AXIS2_PLACEMENT_3D('',#8329,#6413,#6414);
#5215=AXIS2_PLACEMENT_3D('',#8330,#6415,#6416);
#5216=AXIS2_PLACEMENT_3D('',#8331,#6417,#6418);
#5217=AXIS2_PLACEMENT_3D('',#8332,#6419,#6420);
#5218=AXIS2_PLACEMENT_3D('',#8333,#6421,#6422);
#5219=AXIS2_PLACEMENT_3D('',#8334,#6423,#6424);
#5220=AXIS2_PLACEMENT_3D('',#8335,#6425,#6426);
#5221=AXIS2_PLACEMENT_3D('',#8336,#6427,#6428);
#5222=AXIS2_PLACEMENT_3D('',#8337,#6429,#6430);
#5223=AXIS2_PLACEMENT_3D('',#8338,#6431,#6432);
#5224=AXIS2_PLACEMENT_3D('',#8339,#6433,#6434);
#5225=AXIS2_PLACEMENT_3D('',#8340,#6435,#6436);
#5226=AXIS2_PLACEMENT_3D('',#8341,#6437,#6438);
#5227=AXIS2_PLACEMENT_3D('',#8342,#6439,#6440);
#5228=AXIS2_PLACEMENT_3D('',#8343,#6441,#6442);
#5229=AXIS2_PLACEMENT_3D('',#8344,#6443,#6444);
#5230=AXIS2_PLACEMENT_3D('',#8345,#6445,#6446);
#5231=AXIS2_PLACEMENT_3D('',#8346,#6447,#6448);
#5232=AXIS2_PLACEMENT_3D('',#8347,#6449,#6450);
#5233=AXIS2_PLACEMENT_3D('',#8348,#6451,#6452);
#5234=AXIS2_PLACEMENT_3D('',#8349,#6453,#6454);
#5235=AXIS2_PLACEMENT_3D('',#8350,#6455,#6456);
#5236=AXIS2_PLACEMENT_3D('',#8351,#6457,#6458);
#5237=AXIS2_PLACEMENT_3D('',#8352,#6459,#6460);
#5238=AXIS2_PLACEMENT_3D('',#8353,#6461,#6462);
#5239=AXIS2_PLACEMENT_3D('',#8354,#6463,#6464);
#5240=AXIS2_PLACEMENT_3D('',#8355,#6465,#6466);
#5241=AXIS2_PLACEMENT_3D('',#8356,#6467,#6468);
#5242=AXIS2_PLACEMENT_3D('',#8357,#6469,#6470);
#5243=AXIS2_PLACEMENT_3D('',#8358,#6471,#6472);
#5244=AXIS2_PLACEMENT_3D('',#8359,#6473,#6474);
#5245=AXIS2_PLACEMENT_3D('',#8360,#6475,#6476);
#5246=AXIS2_PLACEMENT_3D('',#8361,#6477,#6478);
#5247=AXIS2_PLACEMENT_3D('',#8362,#6479,#6480);
#5248=AXIS2_PLACEMENT_3D('',#8363,#6481,#6482);
#5249=AXIS2_PLACEMENT_3D('',#8364,#6483,#6484);
#5250=AXIS2_PLACEMENT_3D('',#8365,#6485,#6486);
#5251=AXIS2_PLACEMENT_3D('',#8366,#6487,#6488);
#5252=AXIS2_PLACEMENT_3D('',#8367,#6489,#6490);
#5253=AXIS2_PLACEMENT_3D('',#8368,#6491,#6492);
#5254=AXIS2_PLACEMENT_3D('',#8369,#6493,#6494);
#5255=AXIS2_PLACEMENT_3D('',#8370,#6495,#6496);
#5256=AXIS2_PLACEMENT_3D('',#8371,#6497,#6498);
#5257=AXIS2_PLACEMENT_3D('',#8372,#6499,#6500);
#5258=AXIS2_PLACEMENT_3D('',#8373,#6501,#6502);
#5259=AXIS2_PLACEMENT_3D('',#8374,#6503,#6504);
#5260=AXIS2_PLACEMENT_3D('',#8375,#6505,#6506);
#5261=AXIS2_PLACEMENT_3D('',#8376,#6507,#6508);
#5262=AXIS2_PLACEMENT_3D('',#8377,#6509,#6510);
#5263=AXIS2_PLACEMENT_3D('',#8378,#6511,#6512);
#5264=AXIS2_PLACEMENT_3D('',#8379,#6513,#6514);
#5265=AXIS2_PLACEMENT_3D('',#8380,#6515,#6516);
#5266=AXIS2_PLACEMENT_3D('',#8381,#6517,#6518);
#5267=AXIS2_PLACEMENT_3D('',#8382,#6519,#6520);
#5268=AXIS2_PLACEMENT_3D('',#8383,#6521,#6522);
#5269=AXIS2_PLACEMENT_3D('',#8384,#6523,#6524);
#5270=AXIS2_PLACEMENT_3D('',#8385,#6525,#6526);
#5271=AXIS2_PLACEMENT_3D('',#8386,#6527,#6528);
#5272=AXIS2_PLACEMENT_3D('',#8387,#6529,#6530);
#5273=AXIS2_PLACEMENT_3D('',#8388,#6531,#6532);
#5274=AXIS2_PLACEMENT_3D('',#8389,#6533,#6534);
#5275=AXIS2_PLACEMENT_3D('',#8390,#6535,#6536);
#5276=AXIS2_PLACEMENT_3D('',#8391,#6537,#6538);
#5277=AXIS2_PLACEMENT_3D('',#8392,#6539,#6540);
#5278=AXIS2_PLACEMENT_3D('',#8393,#6541,#6542);
#5279=AXIS2_PLACEMENT_3D('',#8394,#6543,#6544);
#5280=AXIS2_PLACEMENT_3D('',#8395,#6545,#6546);
#5281=AXIS2_PLACEMENT_3D('',#8396,#6547,#6548);
#5282=AXIS2_PLACEMENT_3D('',#8397,#6549,#6550);
#5283=AXIS2_PLACEMENT_3D('',#8398,#6551,#6552);
#5284=AXIS2_PLACEMENT_3D('',#8399,#6553,#6554);
#5285=AXIS2_PLACEMENT_3D('',#8400,#6555,#6556);
#5286=AXIS2_PLACEMENT_3D('',#8401,#6557,#6558);
#5287=AXIS2_PLACEMENT_3D('',#8402,#6559,#6560);
#5288=AXIS2_PLACEMENT_3D('',#8403,#6561,#6562);
#5289=AXIS2_PLACEMENT_3D('',#8404,#6563,#6564);
#5290=AXIS2_PLACEMENT_3D('',#8405,#6565,#6566);
#5291=AXIS2_PLACEMENT_3D('',#8406,#6567,#6568);
#5292=AXIS2_PLACEMENT_3D('',#8407,#6569,#6570);
#5293=AXIS2_PLACEMENT_3D('',#8408,#6571,#6572);
#5294=AXIS2_PLACEMENT_3D('',#8409,#6573,#6574);
#5295=AXIS2_PLACEMENT_3D('',#8410,#6575,#6576);
#5296=AXIS2_PLACEMENT_3D('',#8411,#6577,#6578);
#5297=AXIS2_PLACEMENT_3D('',#8412,#6579,#6580);
#5298=AXIS2_PLACEMENT_3D('',#8413,#6581,#6582);
#5299=AXIS2_PLACEMENT_3D('',#8414,#6583,#6584);
#5300=AXIS2_PLACEMENT_3D('',#8415,#6585,#6586);
#5301=AXIS2_PLACEMENT_3D('',#8416,#6587,#6588);
#5302=AXIS2_PLACEMENT_3D('',#8417,#6589,#6590);
#5303=AXIS2_PLACEMENT_3D('',#8418,#6591,#6592);
#5304=AXIS2_PLACEMENT_3D('',#8419,#6593,#6594);
#5305=AXIS2_PLACEMENT_3D('',#8420,#6595,#6596);
#5306=AXIS2_PLACEMENT_3D('',#8421,#6597,#6598);
#5307=AXIS2_PLACEMENT_3D('',#8422,#6599,#6600);
#5308=AXIS2_PLACEMENT_3D('',#8423,#6601,#6602);
#5309=AXIS2_PLACEMENT_3D('',#8424,#6603,#6604);
#5310=AXIS2_PLACEMENT_3D('',#8425,#6605,#6606);
#5311=AXIS2_PLACEMENT_3D('',#8426,#6607,#6608);
#5312=AXIS2_PLACEMENT_3D('',#8427,#6609,#6610);
#5313=AXIS2_PLACEMENT_3D('',#8428,#6611,#6612);
#5314=AXIS2_PLACEMENT_3D('',#8429,#6613,#6614);
#5315=AXIS2_PLACEMENT_3D('',#8430,#6615,#6616);
#5316=AXIS2_PLACEMENT_3D('',#8431,#6617,#6618);
#5317=AXIS2_PLACEMENT_3D('',#8432,#6619,#6620);
#5318=AXIS2_PLACEMENT_3D('',#8433,#6621,#6622);
#5319=AXIS2_PLACEMENT_3D('',#8434,#6623,#6624);
#5320=AXIS2_PLACEMENT_3D('',#8435,#6625,#6626);
#5321=AXIS2_PLACEMENT_3D('',#8436,#6627,#6628);
#5322=AXIS2_PLACEMENT_3D('',#8437,#6629,#6630);
#5323=AXIS2_PLACEMENT_3D('',#8438,#6631,#6632);
#5324=AXIS2_PLACEMENT_3D('',#8439,#6633,#6634);
#5325=AXIS2_PLACEMENT_3D('',#8440,#6635,#6636);
#5326=AXIS2_PLACEMENT_3D('',#8441,#6637,#6638);
#5327=AXIS2_PLACEMENT_3D('',#8442,#6639,#6640);
#5328=AXIS2_PLACEMENT_3D('',#8443,#6641,#6642);
#5329=AXIS2_PLACEMENT_3D('',#8444,#6643,#6644);
#5330=AXIS2_PLACEMENT_3D('',#8445,#6645,#6646);
#5331=AXIS2_PLACEMENT_3D('',#8446,#6647,#6648);
#5332=AXIS2_PLACEMENT_3D('',#8447,#6649,#6650);
#5333=AXIS2_PLACEMENT_3D('',#8448,#6651,#6652);
#5334=AXIS2_PLACEMENT_3D('',#8449,#6653,#6654);
#5335=AXIS2_PLACEMENT_3D('',#8450,#6655,#6656);
#5336=AXIS2_PLACEMENT_3D('',#8451,#6657,#6658);
#5337=AXIS2_PLACEMENT_3D('',#8452,#6659,#6660);
#5338=AXIS2_PLACEMENT_3D('',#8453,#6661,#6662);
#5339=AXIS2_PLACEMENT_3D('',#8454,#6663,#6664);
#5340=AXIS2_PLACEMENT_3D('',#8455,#6665,#6666);
#5341=AXIS2_PLACEMENT_3D('',#8456,#6667,#6668);
#5342=AXIS2_PLACEMENT_3D('',#8457,#6669,#6670);
#5343=AXIS2_PLACEMENT_3D('',#8458,#6671,#6672);
#5344=AXIS2_PLACEMENT_3D('',#8459,#6673,#6674);
#5345=AXIS2_PLACEMENT_3D('',#8460,#6675,#6676);
#5346=AXIS2_PLACEMENT_3D('',#8461,#6677,#6678);
#5347=AXIS2_PLACEMENT_3D('',#8462,#6679,#6680);
#5348=AXIS2_PLACEMENT_3D('',#8463,#6681,#6682);
#5349=AXIS2_PLACEMENT_3D('',#8464,#6683,#6684);
#5350=AXIS2_PLACEMENT_3D('',#8465,#6685,#6686);
#5351=AXIS2_PLACEMENT_3D('',#8466,#6687,#6688);
#5352=AXIS2_PLACEMENT_3D('',#8467,#6689,#6690);
#5353=AXIS2_PLACEMENT_3D('',#8468,#6691,#6692);
#5354=AXIS2_PLACEMENT_3D('',#8469,#6693,#6694);
#5355=AXIS2_PLACEMENT_3D('',#8470,#6695,#6696);
#5356=AXIS2_PLACEMENT_3D('',#8471,#6697,#6698);
#5357=AXIS2_PLACEMENT_3D('',#8472,#6699,#6700);
#5358=AXIS2_PLACEMENT_3D('',#8473,#6701,#6702);
#5359=AXIS2_PLACEMENT_3D('',#8474,#6703,#6704);
#5360=AXIS2_PLACEMENT_3D('',#8475,#6705,#6706);
#5361=AXIS2_PLACEMENT_3D('',#8476,#6707,#6708);
#5362=AXIS2_PLACEMENT_3D('',#8477,#6709,#6710);
#5363=AXIS2_PLACEMENT_3D('',#8478,#6711,#6712);
#5364=AXIS2_PLACEMENT_3D('',#8479,#6713,#6714);
#5365=AXIS2_PLACEMENT_3D('',#8480,#6715,#6716);
#5366=AXIS2_PLACEMENT_3D('',#8481,#6717,#6718);
#5367=AXIS2_PLACEMENT_3D('',#8482,#6719,#6720);
#5368=AXIS2_PLACEMENT_3D('',#8483,#6721,#6722);
#5369=AXIS2_PLACEMENT_3D('',#8484,#6723,#6724);
#5370=AXIS2_PLACEMENT_3D('',#8485,#6725,#6726);
#5371=AXIS2_PLACEMENT_3D('',#8486,#6727,#6728);
#5372=AXIS2_PLACEMENT_3D('',#8487,#6729,#6730);
#5373=AXIS2_PLACEMENT_3D('',#8488,#6731,#6732);
#5374=AXIS2_PLACEMENT_3D('',#8489,#6733,#6734);
#5375=AXIS2_PLACEMENT_3D('',#8490,#6735,#6736);
#5376=AXIS2_PLACEMENT_3D('',#8491,#6737,#6738);
#5377=AXIS2_PLACEMENT_3D('',#8492,#6739,#6740);
#5378=AXIS2_PLACEMENT_3D('',#8493,#6741,#6742);
#5379=AXIS2_PLACEMENT_3D('',#8494,#6743,#6744);
#5380=AXIS2_PLACEMENT_3D('',#8495,#6745,#6746);
#5381=AXIS2_PLACEMENT_3D('',#8496,#6747,#6748);
#5382=AXIS2_PLACEMENT_3D('',#8497,#6749,#6750);
#5383=AXIS2_PLACEMENT_3D('',#8498,#6751,#6752);
#5384=AXIS2_PLACEMENT_3D('',#8499,#6753,#6754);
#5385=AXIS2_PLACEMENT_3D('',#8500,#6755,#6756);
#5386=AXIS2_PLACEMENT_3D('',#8501,#6757,#6758);
#5387=AXIS2_PLACEMENT_3D('',#8502,#6759,#6760);
#5388=AXIS2_PLACEMENT_3D('',#8503,#6761,#6762);
#5389=AXIS2_PLACEMENT_3D('',#8504,#6763,#6764);
#5390=AXIS2_PLACEMENT_3D('',#8505,#6765,#6766);
#5391=AXIS2_PLACEMENT_3D('',#8506,#6767,#6768);
#5392=AXIS2_PLACEMENT_3D('',#8507,#6769,#6770);
#5393=AXIS2_PLACEMENT_3D('',#8508,#6771,#6772);
#5394=AXIS2_PLACEMENT_3D('',#8509,#6773,#6774);
#5395=AXIS2_PLACEMENT_3D('',#8510,#6775,#6776);
#5396=AXIS2_PLACEMENT_3D('',#8511,#6777,#6778);
#5397=AXIS2_PLACEMENT_3D('',#8512,#6779,#6780);
#5398=AXIS2_PLACEMENT_3D('',#8513,#6781,#6782);
#5399=AXIS2_PLACEMENT_3D('',#8514,#6783,#6784);
#5400=AXIS2_PLACEMENT_3D('',#8515,#6785,#6786);
#5401=AXIS2_PLACEMENT_3D('',#8516,#6787,#6788);
#5402=AXIS2_PLACEMENT_3D('',#8517,#6789,#6790);
#5403=AXIS2_PLACEMENT_3D('',#8518,#6791,#6792);
#5404=AXIS2_PLACEMENT_3D('',#8519,#6793,#6794);
#5405=AXIS2_PLACEMENT_3D('',#8520,#6795,#6796);
#5406=AXIS2_PLACEMENT_3D('',#8521,#6797,#6798);
#5407=AXIS2_PLACEMENT_3D('',#8522,#6799,#6800);
#5408=AXIS2_PLACEMENT_3D('',#8523,#6801,#6802);
#5409=AXIS2_PLACEMENT_3D('',#8524,#6803,#6804);
#5410=AXIS2_PLACEMENT_3D('',#8525,#6805,#6806);
#5411=AXIS2_PLACEMENT_3D('',#8526,#6807,#6808);
#5412=AXIS2_PLACEMENT_3D('',#8527,#6809,#6810);
#5413=AXIS2_PLACEMENT_3D('',#8528,#6811,#6812);
#5414=AXIS2_PLACEMENT_3D('',#8529,#6813,#6814);
#5415=AXIS2_PLACEMENT_3D('',#8530,#6815,#6816);
#5416=AXIS2_PLACEMENT_3D('',#8531,#6817,#6818);
#5417=AXIS2_PLACEMENT_3D('',#8532,#6819,#6820);
#5418=AXIS2_PLACEMENT_3D('',#8533,#6821,#6822);
#5419=AXIS2_PLACEMENT_3D('',#8534,#6823,#6824);
#5420=AXIS2_PLACEMENT_3D('',#8535,#6825,#6826);
#5421=AXIS2_PLACEMENT_3D('',#8536,#6827,#6828);
#5422=AXIS2_PLACEMENT_3D('',#8537,#6829,#6830);
#5423=AXIS2_PLACEMENT_3D('',#8538,#6831,#6832);
#5424=AXIS2_PLACEMENT_3D('',#8539,#6833,#6834);
#5425=AXIS2_PLACEMENT_3D('',#8540,#6835,#6836);
#5426=AXIS2_PLACEMENT_3D('',#8541,#6837,#6838);
#5427=AXIS2_PLACEMENT_3D('',#8542,#6839,#6840);
#5428=AXIS2_PLACEMENT_3D('',#8543,#6841,#6842);
#5429=AXIS2_PLACEMENT_3D('',#8544,#6843,#6844);
#5430=AXIS2_PLACEMENT_3D('',#8545,#6845,#6846);
#5431=AXIS2_PLACEMENT_3D('',#8546,#6847,#6848);
#5432=AXIS2_PLACEMENT_3D('',#8547,#6849,#6850);
#5433=AXIS2_PLACEMENT_3D('',#8548,#6851,#6852);
#5434=AXIS2_PLACEMENT_3D('',#8549,#6853,#6854);
#5435=AXIS2_PLACEMENT_3D('',#8550,#6855,#6856);
#5436=AXIS2_PLACEMENT_3D('',#8551,#6857,#6858);
#5437=AXIS2_PLACEMENT_3D('',#8552,#6859,#6860);
#5438=AXIS2_PLACEMENT_3D('',#8553,#6861,#6862);
#5439=AXIS2_PLACEMENT_3D('',#8554,#6863,#6864);
#5440=AXIS2_PLACEMENT_3D('',#8555,#6865,#6866);
#5441=AXIS2_PLACEMENT_3D('',#8556,#6867,#6868);
#5442=AXIS2_PLACEMENT_3D('',#8557,#6869,#6870);
#5443=AXIS2_PLACEMENT_3D('',#8558,#6871,#6872);
#5444=AXIS2_PLACEMENT_3D('',#8559,#6873,#6874);
#5445=AXIS2_PLACEMENT_3D('',#8560,#6875,#6876);
#5446=AXIS2_PLACEMENT_3D('',#8561,#6877,#6878);
#5447=AXIS2_PLACEMENT_3D('',#8562,#6879,#6880);
#5448=AXIS2_PLACEMENT_3D('',#8563,#6881,#6882);
#5449=AXIS2_PLACEMENT_3D('',#8564,#6883,#6884);
#5450=AXIS2_PLACEMENT_3D('',#8565,#6885,#6886);
#5451=AXIS2_PLACEMENT_3D('',#8566,#6887,#6888);
#5452=AXIS2_PLACEMENT_3D('',#8567,#6889,#6890);
#5453=AXIS2_PLACEMENT_3D('',#8568,#6891,#6892);
#5454=AXIS2_PLACEMENT_3D('',#8569,#6893,#6894);
#5455=AXIS2_PLACEMENT_3D('',#8570,#6895,#6896);
#5456=AXIS2_PLACEMENT_3D('',#8571,#6897,#6898);
#5457=AXIS2_PLACEMENT_3D('',#8572,#6899,#6900);
#5458=AXIS2_PLACEMENT_3D('',#8573,#6901,#6902);
#5459=AXIS2_PLACEMENT_3D('',#8574,#6903,#6904);
#5460=AXIS2_PLACEMENT_3D('',#8575,#6905,#6906);
#5461=AXIS2_PLACEMENT_3D('',#8576,#6907,#6908);
#5462=AXIS2_PLACEMENT_3D('',#8577,#6909,#6910);
#5463=AXIS2_PLACEMENT_3D('',#8578,#6911,#6912);
#5464=AXIS2_PLACEMENT_3D('',#8579,#6913,#6914);
#5465=AXIS2_PLACEMENT_3D('',#8580,#6915,#6916);
#5466=AXIS2_PLACEMENT_3D('',#8581,#6917,#6918);
#5467=AXIS2_PLACEMENT_3D('',#8582,#6919,#6920);
#5468=AXIS2_PLACEMENT_3D('',#8583,#6921,#6922);
#5469=AXIS2_PLACEMENT_3D('',#8584,#6923,#6924);
#5470=AXIS2_PLACEMENT_3D('',#8585,#6925,#6926);
#5471=AXIS2_PLACEMENT_3D('',#8586,#6927,#6928);
#5472=AXIS2_PLACEMENT_3D('',#8587,#6929,#6930);
#5473=AXIS2_PLACEMENT_3D('',#8588,#6931,#6932);
#5474=AXIS2_PLACEMENT_3D('',#8589,#6933,#6934);
#5475=AXIS2_PLACEMENT_3D('',#8590,#6935,#6936);
#5476=AXIS2_PLACEMENT_3D('',#8591,#6937,#6938);
#5477=AXIS2_PLACEMENT_3D('',#8592,#6939,#6940);
#5478=AXIS2_PLACEMENT_3D('',#8593,#6941,#6942);
#5479=AXIS2_PLACEMENT_3D('',#8594,#6943,#6944);
#5480=AXIS2_PLACEMENT_3D('',#8595,#6945,#6946);
#5481=AXIS2_PLACEMENT_3D('',#8596,#6947,#6948);
#5482=AXIS2_PLACEMENT_3D('',#8597,#6949,#6950);
#5483=AXIS2_PLACEMENT_3D('',#8598,#6951,#6952);
#5484=AXIS2_PLACEMENT_3D('',#8599,#6953,#6954);
#5485=AXIS2_PLACEMENT_3D('',#8600,#6955,#6956);
#5486=AXIS2_PLACEMENT_3D('',#8601,#6957,#6958);
#5487=AXIS2_PLACEMENT_3D('',#8602,#6959,#6960);
#5488=AXIS2_PLACEMENT_3D('',#8603,#6961,#6962);
#5489=AXIS2_PLACEMENT_3D('',#8604,#6963,#6964);
#5490=AXIS2_PLACEMENT_3D('',#8605,#6965,#6966);
#5491=AXIS2_PLACEMENT_3D('',#8606,#6967,#6968);
#5492=AXIS2_PLACEMENT_3D('',#8607,#6969,#6970);
#5493=AXIS2_PLACEMENT_3D('',#8608,#6971,#6972);
#5494=AXIS2_PLACEMENT_3D('',#8609,#6973,#6974);
#5495=AXIS2_PLACEMENT_3D('',#8610,#6975,#6976);
#5496=AXIS2_PLACEMENT_3D('',#8611,#6977,#6978);
#5497=AXIS2_PLACEMENT_3D('',#8612,#6979,#6980);
#5498=AXIS2_PLACEMENT_3D('',#8613,#6981,#6982);
#5499=AXIS2_PLACEMENT_3D('',#8614,#6983,#6984);
#5500=AXIS2_PLACEMENT_3D('',#8615,#6985,#6986);
#5501=AXIS2_PLACEMENT_3D('',#8616,#6987,#6988);
#5502=AXIS2_PLACEMENT_3D('',#8617,#6989,#6990);
#5503=AXIS2_PLACEMENT_3D('',#8618,#6991,#6992);
#5504=AXIS2_PLACEMENT_3D('',#8619,#6993,#6994);
#5505=AXIS2_PLACEMENT_3D('',#8620,#6995,#6996);
#5506=AXIS2_PLACEMENT_3D('',#8621,#6997,#6998);
#5507=AXIS2_PLACEMENT_3D('',#8622,#6999,#7000);
#5508=AXIS2_PLACEMENT_3D('',#8623,#7001,#7002);
#5509=AXIS2_PLACEMENT_3D('',#8624,#7003,#7004);
#5510=AXIS2_PLACEMENT_3D('',#8625,#7005,#7006);
#5511=AXIS2_PLACEMENT_3D('',#8626,#7007,#7008);
#5512=AXIS2_PLACEMENT_3D('',#8627,#7009,#7010);
#5513=AXIS2_PLACEMENT_3D('',#8628,#7011,#7012);
#5514=AXIS2_PLACEMENT_3D('',#8629,#7013,#7014);
#5515=AXIS2_PLACEMENT_3D('',#8630,#7015,#7016);
#5516=AXIS2_PLACEMENT_3D('',#8631,#7017,#7018);
#5517=AXIS2_PLACEMENT_3D('',#8632,#7019,#7020);
#5518=AXIS2_PLACEMENT_3D('',#8633,#7021,#7022);
#5519=AXIS2_PLACEMENT_3D('',#8634,#7023,#7024);
#5520=AXIS2_PLACEMENT_3D('',#8635,#7025,#7026);
#5521=AXIS2_PLACEMENT_3D('',#8636,#7027,#7028);
#5522=AXIS2_PLACEMENT_3D('',#8637,#7029,#7030);
#5523=AXIS2_PLACEMENT_3D('',#8638,#7031,#7032);
#5524=AXIS2_PLACEMENT_3D('',#8639,#7033,#7034);
#5525=AXIS2_PLACEMENT_3D('',#8640,#7035,#7036);
#5526=AXIS2_PLACEMENT_3D('',#8641,#7037,#7038);
#5527=AXIS2_PLACEMENT_3D('',#8642,#7039,#7040);
#5528=AXIS2_PLACEMENT_3D('',#8643,#7041,#7042);
#5529=AXIS2_PLACEMENT_3D('',#8644,#7043,#7044);
#5530=AXIS2_PLACEMENT_3D('',#8645,#7045,#7046);
#5531=AXIS2_PLACEMENT_3D('',#8646,#7047,#7048);
#5532=AXIS2_PLACEMENT_3D('',#8647,#7049,#7050);
#5533=AXIS2_PLACEMENT_3D('',#8648,#7051,#7052);
#5534=AXIS2_PLACEMENT_3D('',#8649,#7053,#7054);
#5535=AXIS2_PLACEMENT_3D('',#8650,#7055,#7056);
#5536=AXIS2_PLACEMENT_3D('',#8651,#7057,#7058);
#5537=AXIS2_PLACEMENT_3D('',#8652,#7059,#7060);
#5538=AXIS2_PLACEMENT_3D('',#8653,#7061,#7062);
#5539=AXIS2_PLACEMENT_3D('',#8654,#7063,#7064);
#5540=AXIS2_PLACEMENT_3D('',#8655,#7065,#7066);
#5541=AXIS2_PLACEMENT_3D('',#8656,#7067,#7068);
#5542=AXIS2_PLACEMENT_3D('',#8657,#7069,#7070);
#5543=AXIS2_PLACEMENT_3D('',#8658,#7071,#7072);
#5544=AXIS2_PLACEMENT_3D('',#8659,#7073,#7074);
#5545=AXIS2_PLACEMENT_3D('',#8660,#7075,#7076);
#5546=AXIS2_PLACEMENT_3D('',#8661,#7077,#7078);
#5547=AXIS2_PLACEMENT_3D('',#8662,#7079,#7080);
#5548=AXIS2_PLACEMENT_3D('',#8663,#7081,#7082);
#5549=AXIS2_PLACEMENT_3D('',#8664,#7083,#7084);
#5550=AXIS2_PLACEMENT_3D('',#8665,#7085,#7086);
#5551=AXIS2_PLACEMENT_3D('',#8666,#7087,#7088);
#5552=AXIS2_PLACEMENT_3D('',#8667,#7089,#7090);
#5553=AXIS2_PLACEMENT_3D('',#8668,#7091,#7092);
#5554=AXIS2_PLACEMENT_3D('',#8669,#7093,#7094);
#5555=AXIS2_PLACEMENT_3D('',#8670,#7095,#7096);
#5556=AXIS2_PLACEMENT_3D('',#8671,#7097,#7098);
#5557=AXIS2_PLACEMENT_3D('',#8672,#7099,#7100);
#5558=AXIS2_PLACEMENT_3D('',#8673,#7101,#7102);
#5559=AXIS2_PLACEMENT_3D('',#8674,#7103,#7104);
#5560=AXIS2_PLACEMENT_3D('',#8675,#7105,#7106);
#5561=AXIS2_PLACEMENT_3D('',#8676,#7107,#7108);
#5562=AXIS2_PLACEMENT_3D('',#8677,#7109,#7110);
#5563=AXIS2_PLACEMENT_3D('',#8678,#7111,#7112);
#5564=AXIS2_PLACEMENT_3D('',#8679,#7113,#7114);
#5565=AXIS2_PLACEMENT_3D('',#8680,#7115,#7116);
#5566=AXIS2_PLACEMENT_3D('',#8681,#7117,#7118);
#5567=AXIS2_PLACEMENT_3D('',#8682,#7119,#7120);
#5568=AXIS2_PLACEMENT_3D('',#8683,#7121,#7122);
#5569=AXIS2_PLACEMENT_3D('',#8684,#7123,#7124);
#5570=AXIS2_PLACEMENT_3D('',#8685,#7125,#7126);
#5571=AXIS2_PLACEMENT_3D('',#8686,#7127,#7128);
#5572=AXIS2_PLACEMENT_3D('',#8687,#7129,#7130);
#5573=AXIS2_PLACEMENT_3D('',#8688,#7131,#7132);
#5574=AXIS2_PLACEMENT_3D('',#8689,#7133,#7134);
#5575=AXIS2_PLACEMENT_3D('',#8690,#7135,#7136);
#5576=AXIS2_PLACEMENT_3D('',#8691,#7137,#7138);
#5577=AXIS2_PLACEMENT_3D('',#8692,#7139,#7140);
#5578=AXIS2_PLACEMENT_3D('',#8693,#7141,#7142);
#5579=AXIS2_PLACEMENT_3D('',#8694,#7143,#7144);
#5580=AXIS2_PLACEMENT_3D('',#8695,#7145,#7146);
#5581=AXIS2_PLACEMENT_3D('',#8696,#7147,#7148);
#5582=AXIS2_PLACEMENT_3D('',#8697,#7149,#7150);
#5583=AXIS2_PLACEMENT_3D('',#8698,#7151,#7152);
#5584=AXIS2_PLACEMENT_3D('',#8699,#7153,#7154);
#5585=AXIS2_PLACEMENT_3D('',#8700,#7155,#7156);
#5586=AXIS2_PLACEMENT_3D('',#8701,#7157,#7158);
#5587=AXIS2_PLACEMENT_3D('',#8702,#7159,#7160);
#5588=AXIS2_PLACEMENT_3D('',#8703,#7161,#7162);
#5589=AXIS2_PLACEMENT_3D('',#8704,#7163,#7164);
#5590=AXIS2_PLACEMENT_3D('',#8705,#7165,#7166);
#5591=AXIS2_PLACEMENT_3D('',#8706,#7167,#7168);
#5592=AXIS2_PLACEMENT_3D('',#8707,#7169,#7170);
#5593=AXIS2_PLACEMENT_3D('',#8708,#7171,#7172);
#5594=AXIS2_PLACEMENT_3D('',#8709,#7173,#7174);
#5595=AXIS2_PLACEMENT_3D('',#8710,#7175,#7176);
#5596=AXIS2_PLACEMENT_3D('',#8711,#7177,#7178);
#5597=AXIS2_PLACEMENT_3D('',#8717,#7182,#7183);
#5598=AXIS2_PLACEMENT_3D('',#8723,#7186,#7187);
#5599=AXIS2_PLACEMENT_3D('',#8730,#7191,#7192);
#5600=AXIS2_PLACEMENT_3D('',#8731,#7193,#7194);
#5601=AXIS2_PLACEMENT_3D('',#8733,#7195,#7196);
#5602=AXIS2_PLACEMENT_3D('',#8734,#7197,#7198);
#5603=AXIS2_PLACEMENT_3D('',#8743,#7199,#7200);
#5604=AXIS2_PLACEMENT_3D('',#8744,#7201,#7202);
#5605=AXIS2_PLACEMENT_3D('',#8750,#7206,#7207);
#5606=AXIS2_PLACEMENT_3D('',#8751,#7208,#7209);
#5607=AXIS2_PLACEMENT_3D('',#8763,#7215,#7216);
#5608=AXIS2_PLACEMENT_3D('',#8764,#7217,#7218);
#5609=AXIS2_PLACEMENT_3D('',#8766,#7219,#7220);
#5610=AXIS2_PLACEMENT_3D('',#8767,#7221,#7222);
#5611=AXIS2_PLACEMENT_3D('',#8777,#7223,#7224);
#5612=AXIS2_PLACEMENT_3D('',#8778,#7225,#7226);
#5613=AXIS2_PLACEMENT_3D('',#8779,#7227,#7228);
#5614=AXIS2_PLACEMENT_3D('',#8780,#7229,#7230);
#5615=AXIS2_PLACEMENT_3D('',#8781,#7231,#7232);
#5616=AXIS2_PLACEMENT_3D('',#8782,#7233,#7234);
#5617=AXIS2_PLACEMENT_3D('',#8783,#7235,#7236);
#5618=AXIS2_PLACEMENT_3D('',#8784,#7237,#7238);
#5619=AXIS2_PLACEMENT_3D('',#8785,#7239,#7240);
#5620=AXIS2_PLACEMENT_3D('',#8786,#7241,#7242);
#5621=AXIS2_PLACEMENT_3D('',#8787,#7243,#7244);
#5622=AXIS2_PLACEMENT_3D('',#8788,#7245,#7246);
#5623=AXIS2_PLACEMENT_3D('',#8789,#7247,#7248);
#5624=AXIS2_PLACEMENT_3D('',#8790,#7249,#7250);
#5625=AXIS2_PLACEMENT_3D('',#8791,#7251,#7252);
#5626=AXIS2_PLACEMENT_3D('',#8792,#7253,#7254);
#5627=AXIS2_PLACEMENT_3D('',#8793,#7255,#7256);
#5628=AXIS2_PLACEMENT_3D('',#8794,#7257,#7258);
#5629=AXIS2_PLACEMENT_3D('',#8795,#7259,#7260);
#5630=AXIS2_PLACEMENT_3D('',#8796,#7261,#7262);
#5631=AXIS2_PLACEMENT_3D('',#8797,#7263,#7264);
#5632=AXIS2_PLACEMENT_3D('',#8798,#7265,#7266);
#5633=AXIS2_PLACEMENT_3D('',#8799,#7267,#7268);
#5634=AXIS2_PLACEMENT_3D('',#8800,#7269,#7270);
#5635=AXIS2_PLACEMENT_3D('',#8801,#7271,#7272);
#5636=AXIS2_PLACEMENT_3D('',#8802,#7273,#7274);
#5637=AXIS2_PLACEMENT_3D('',#8803,#7275,#7276);
#5638=AXIS2_PLACEMENT_3D('',#8804,#7277,#7278);
#5639=AXIS2_PLACEMENT_3D('',#8805,#7279,#7280);
#5640=AXIS2_PLACEMENT_3D('',#8806,#7281,#7282);
#5641=AXIS2_PLACEMENT_3D('',#8807,#7283,#7284);
#5642=AXIS2_PLACEMENT_3D('',#8808,#7285,#7286);
#5643=AXIS2_PLACEMENT_3D('',#8809,#7287,#7288);
#5644=AXIS2_PLACEMENT_3D('',#8810,#7289,#7290);
#5645=AXIS2_PLACEMENT_3D('',#8811,#7291,#7292);
#5646=AXIS2_PLACEMENT_3D('',#8812,#7293,#7294);
#5647=AXIS2_PLACEMENT_3D('',#8813,#7295,#7296);
#5648=AXIS2_PLACEMENT_3D('',#8814,#7297,#7298);
#5649=AXIS2_PLACEMENT_3D('',#8815,#7299,#7300);
#5650=AXIS2_PLACEMENT_3D('',#8816,#7301,#7302);
#5651=AXIS2_PLACEMENT_3D('',#8817,#7303,#7304);
#5652=AXIS2_PLACEMENT_3D('',#8818,#7305,#7306);
#5653=AXIS2_PLACEMENT_3D('',#8819,#7307,#7308);
#5654=AXIS2_PLACEMENT_3D('',#8820,#7309,#7310);
#5655=AXIS2_PLACEMENT_3D('',#8821,#7311,#7312);
#5656=AXIS2_PLACEMENT_3D('',#8822,#7313,#7314);
#5657=AXIS2_PLACEMENT_3D('',#8823,#7315,#7316);
#5658=AXIS2_PLACEMENT_3D('',#8824,#7317,#7318);
#5659=AXIS2_PLACEMENT_3D('',#8825,#7319,#7320);
#5660=AXIS2_PLACEMENT_3D('',#8826,#7321,#7322);
#5661=AXIS2_PLACEMENT_3D('',#8827,#7323,#7324);
#5662=AXIS2_PLACEMENT_3D('',#8828,#7325,#7326);
#5663=AXIS2_PLACEMENT_3D('',#8829,#7327,#7328);
#5664=AXIS2_PLACEMENT_3D('',#8830,#7329,#7330);
#5665=AXIS2_PLACEMENT_3D('',#8831,#7331,#7332);
#5666=AXIS2_PLACEMENT_3D('',#8832,#7333,#7334);
#5667=AXIS2_PLACEMENT_3D('',#8833,#7335,#7336);
#5668=AXIS2_PLACEMENT_3D('',#8834,#7337,#7338);
#5669=AXIS2_PLACEMENT_3D('',#8835,#7339,#7340);
#5670=AXIS2_PLACEMENT_3D('',#8836,#7341,#7342);
#5671=AXIS2_PLACEMENT_3D('',#8837,#7343,#7344);
#5672=AXIS2_PLACEMENT_3D('',#8838,#7345,#7346);
#5673=AXIS2_PLACEMENT_3D('',#8839,#7347,#7348);
#5674=AXIS2_PLACEMENT_3D('',#8840,#7349,#7350);
#5675=AXIS2_PLACEMENT_3D('',#8841,#7351,#7352);
#5676=AXIS2_PLACEMENT_3D('',#8842,#7353,#7354);
#5677=AXIS2_PLACEMENT_3D('',#8843,#7355,#7356);
#5678=AXIS2_PLACEMENT_3D('',#8844,#7357,#7358);
#5679=AXIS2_PLACEMENT_3D('',#8845,#7359,#7360);
#5680=AXIS2_PLACEMENT_3D('',#8846,#7361,#7362);
#5681=AXIS2_PLACEMENT_3D('',#8847,#7363,#7364);
#5682=AXIS2_PLACEMENT_3D('',#8848,#7365,#7366);
#5683=AXIS2_PLACEMENT_3D('',#8849,#7367,#7368);
#5684=AXIS2_PLACEMENT_3D('',#8850,#7369,#7370);
#5685=AXIS2_PLACEMENT_3D('',#8851,#7371,#7372);
#5686=AXIS2_PLACEMENT_3D('',#8852,#7373,#7374);
#5687=AXIS2_PLACEMENT_3D('',#8853,#7375,#7376);
#5688=AXIS2_PLACEMENT_3D('',#8854,#7377,#7378);
#5689=AXIS2_PLACEMENT_3D('',#8855,#7379,#7380);
#5690=AXIS2_PLACEMENT_3D('',#8856,#7381,#7382);
#5691=AXIS2_PLACEMENT_3D('',#8857,#7383,#7384);
#5692=AXIS2_PLACEMENT_3D('',#8858,#7385,#7386);
#5693=AXIS2_PLACEMENT_3D('',#8859,#7387,#7388);
#5694=AXIS2_PLACEMENT_3D('',#8860,#7389,#7390);
#5695=AXIS2_PLACEMENT_3D('',#8861,#7391,#7392);
#5696=AXIS2_PLACEMENT_3D('',#8862,#7393,#7394);
#5697=DIRECTION('',(0.,0.,1.));
#5698=DIRECTION('',(1.,0.,0.));
#5699=DIRECTION('',(0.,0.,1.));
#5700=DIRECTION('',(1.,0.,0.));
#5701=DIRECTION('',(0.,1.,0.));
#5702=DIRECTION('',(1.,0.,0.));
#5703=DIRECTION('',(0.,-1.,0.));
#5704=DIRECTION('',(1.,0.,0.));
#5705=DIRECTION('',(0.,0.,1.));
#5706=DIRECTION('',(1.,0.,0.));
#5707=DIRECTION('',(-1.,0.,0.));
#5708=DIRECTION('',(0.,-1.,0.));
#5709=DIRECTION('',(1.,0.,0.));
#5710=DIRECTION('',(0.,1.,0.));
#5711=DIRECTION('',(1.,0.,0.));
#5712=DIRECTION('',(0.,-1.,0.));
#5713=DIRECTION('',(-1.,0.,0.));
#5714=DIRECTION('',(0.,-1.,0.));
#5715=DIRECTION('',(0.,1.,0.));
#5716=DIRECTION('',(0.,0.,1.));
#5717=DIRECTION('',(0.,1.,0.));
#5718=DIRECTION('',(0.,0.,1.));
#5719=DIRECTION('',(0.,1.,0.));
#5720=DIRECTION('',(0.,0.,1.));
#5721=DIRECTION('',(0.,1.,0.));
#5722=DIRECTION('',(0.,0.,1.));
#5723=DIRECTION('',(0.,0.,-1.));
#5724=DIRECTION('',(0.,1.,0.));
#5725=DIRECTION('',(0.,0.,1.));
#5726=DIRECTION('',(1.,0.,0.));
#5727=DIRECTION('',(0.,1.,0.));
#5728=DIRECTION('',(0.,0.,1.));
#5729=DIRECTION('',(0.90707026784731,0.,0.420979250305058));
#5730=DIRECTION('',(0.,1.,0.));
#5731=DIRECTION('',(0.,0.,1.));
#5732=DIRECTION('',(0.90707026784731,0.,0.420979250305058));
#5733=DIRECTION('',(0.,1.,0.));
#5734=DIRECTION('',(0.,0.,1.));
#5735=DIRECTION('',(0.,0.,-1.));
#5736=DIRECTION('',(0.,1.,0.));
#5737=DIRECTION('',(0.,0.,1.));
#5738=DIRECTION('',(0.90707026784731,0.,0.420979250305058));
#5739=DIRECTION('',(0.,1.,0.));
#5740=DIRECTION('',(0.,0.,1.));
#5741=DIRECTION('',(1.,0.,0.));
#5742=DIRECTION('',(0.,1.,0.));
#5743=DIRECTION('',(0.,0.,1.));
#5744=DIRECTION('',(0.90707026784731,0.,0.420979250305058));
#5745=DIRECTION('',(0.,1.,0.));
#5746=DIRECTION('',(0.,0.,1.));
#5747=DIRECTION('',(0.,0.,-1.));
#5748=DIRECTION('',(0.,1.,0.));
#5749=DIRECTION('',(0.,0.,1.));
#5750=DIRECTION('',(0.90707026784731,0.,0.420979250305058));
#5751=DIRECTION('',(0.,1.,0.));
#5752=DIRECTION('',(0.,0.,1.));
#5753=DIRECTION('',(1.,0.,0.));
#5754=DIRECTION('',(0.,1.,0.));
#5755=DIRECTION('',(0.,0.,1.));
#5756=DIRECTION('',(1.,0.,0.));
#5757=DIRECTION('',(0.,1.,0.));
#5758=DIRECTION('',(0.,0.,1.));
#5759=DIRECTION('',(0.90707026784731,0.,0.420979250305058));
#5760=DIRECTION('',(0.,1.,0.));
#5761=DIRECTION('',(0.,0.,1.));
#5762=DIRECTION('',(0.,0.,-1.));
#5763=DIRECTION('',(0.,1.,0.));
#5764=DIRECTION('',(0.,0.,1.));
#5765=DIRECTION('',(0.90707026784731,0.,0.420979250305058));
#5766=DIRECTION('',(0.,1.,0.));
#5767=DIRECTION('',(0.,0.,1.));
#5768=DIRECTION('',(0.90707026784731,0.,0.420979250305058));
#5769=DIRECTION('',(0.,1.,0.));
#5770=DIRECTION('',(0.,0.,1.));
#5771=DIRECTION('',(1.,0.,0.));
#5772=DIRECTION('',(0.,1.,0.));
#5773=DIRECTION('',(0.,0.,1.));
#5774=DIRECTION('',(0.90707026784731,0.,0.420979250305058));
#5775=DIRECTION('',(0.,1.,0.));
#5776=DIRECTION('',(0.,0.,1.));
#5777=DIRECTION('',(0.,0.,-1.));
#5778=DIRECTION('',(0.,1.,0.));
#5779=DIRECTION('',(0.,0.,1.));
#5780=DIRECTION('',(0.90707026784731,0.,0.420979250305058));
#5781=DIRECTION('',(0.,1.,0.));
#5782=DIRECTION('',(0.,0.,1.));
#5783=DIRECTION('',(1.,0.,0.));
#5784=DIRECTION('',(0.,1.,0.));
#5785=DIRECTION('',(0.,0.,1.));
#5786=DIRECTION('',(0.90707026784731,0.,0.420979250305058));
#5787=DIRECTION('',(0.,1.,0.));
#5788=DIRECTION('',(0.,0.,1.));
#5789=DIRECTION('',(0.,0.,-1.));
#5790=DIRECTION('',(-0.707106781186548,0.,0.707106781186547));
#5791=DIRECTION('',(1.,0.,0.));
#5792=DIRECTION('',(0.,0.,-1.));
#5793=DIRECTION('',(1.,0.,0.));
#5794=DIRECTION('',(-0.707106781186548,0.,-0.707106781186547));
#5795=DIRECTION('',(0.,1.,0.));
#5796=DIRECTION('',(0.,0.,1.));
#5797=DIRECTION('',(1.,0.,0.));
#5798=DIRECTION('',(0.,0.,-1.));
#5799=DIRECTION('',(-0.447213595499958,0.,0.894427190999916));
#5800=DIRECTION('',(1.,0.,0.));
#5801=DIRECTION('',(0.,1.,0.));
#5802=DIRECTION('',(0.,0.,1.));
#5803=DIRECTION('',(0.,1.,0.));
#5804=DIRECTION('',(0.,0.,1.));
#5805=DIRECTION('',(0.90707026784731,0.,0.420979250305058));
#5806=DIRECTION('',(0.,1.,0.));
#5807=DIRECTION('',(0.,0.,1.));
#5808=DIRECTION('',(1.,0.,0.));
#5809=DIRECTION('',(0.,1.,0.));
#5810=DIRECTION('',(0.,0.,1.));
#5811=DIRECTION('',(0.90707026784731,0.,0.420979250305058));
#5812=DIRECTION('',(0.,1.,0.));
#5813=DIRECTION('',(0.,0.,1.));
#5814=DIRECTION('',(0.,0.,-1.));
#5815=DIRECTION('',(0.,1.,0.));
#5816=DIRECTION('',(0.,0.,1.));
#5817=DIRECTION('',(0.90707026784731,0.,0.420979250305058));
#5818=DIRECTION('',(0.,1.,0.));
#5819=DIRECTION('',(0.,0.,1.));
#5820=DIRECTION('',(1.,0.,0.));
#5821=DIRECTION('',(0.,1.,0.));
#5822=DIRECTION('',(0.,0.,1.));
#5823=DIRECTION('',(0.90707026784731,0.,0.420979250305058));
#5824=DIRECTION('',(0.,1.,0.));
#5825=DIRECTION('',(0.,0.,1.));
#5826=DIRECTION('',(0.,0.,-1.));
#5827=DIRECTION('',(0.,1.,0.));
#5828=DIRECTION('',(0.,0.,1.));
#5829=DIRECTION('',(0.90707026784731,0.,0.420979250305058));
#5830=DIRECTION('',(0.,1.,0.));
#5831=DIRECTION('',(0.,0.,1.));
#5832=DIRECTION('',(0.,0.,-1.));
#5833=DIRECTION('',(0.,1.,0.));
#5834=DIRECTION('',(0.,0.,1.));
#5835=DIRECTION('',(0.90707026784731,0.,0.420979250305058));
#5836=DIRECTION('',(0.,1.,0.));
#5837=DIRECTION('',(0.,0.,1.));
#5838=DIRECTION('',(1.,0.,0.));
#5839=DIRECTION('',(0.,1.,0.));
#5840=DIRECTION('',(0.,0.,1.));
#5841=DIRECTION('',(0.90707026784731,0.,0.420979250305059));
#5842=DIRECTION('',(0.,1.,0.));
#5843=DIRECTION('',(0.,0.,1.));
#5844=DIRECTION('',(1.,0.,0.));
#5845=DIRECTION('',(0.,1.,0.));
#5846=DIRECTION('',(0.,0.,1.));
#5847=DIRECTION('',(0.90707026784731,0.,0.420979250305058));
#5848=DIRECTION('',(0.,1.,0.));
#5849=DIRECTION('',(0.,0.,1.));
#5850=DIRECTION('',(0.,0.,-1.));
#5851=DIRECTION('',(0.,1.,0.));
#5852=DIRECTION('',(0.,0.,1.));
#5853=DIRECTION('',(0.,0.,-1.));
#5854=DIRECTION('',(0.,1.,0.));
#5855=DIRECTION('',(0.,0.,1.));
#5856=DIRECTION('',(0.90707026784731,0.,0.420979250305059));
#5857=DIRECTION('',(0.,1.,0.));
#5858=DIRECTION('',(0.,0.,1.));
#5859=DIRECTION('',(1.,0.,0.));
#5860=DIRECTION('',(0.,1.,0.));
#5861=DIRECTION('',(0.,0.,1.));
#5862=DIRECTION('',(0.90707026784731,0.,0.420979250305058));
#5863=DIRECTION('',(0.,1.,0.));
#5864=DIRECTION('',(0.,0.,1.));
#5865=DIRECTION('',(0.,1.,0.));
#5866=DIRECTION('',(0.,0.,1.));
#5867=DIRECTION('',(0.,1.,0.));
#5868=DIRECTION('',(0.,0.,1.));
#5869=DIRECTION('',(0.,1.,0.));
#5870=DIRECTION('',(0.,0.,1.));
#5871=DIRECTION('',(0.90707026784731,0.,0.420979250305058));
#5872=DIRECTION('',(0.,1.,0.));
#5873=DIRECTION('',(0.,0.,1.));
#5874=DIRECTION('',(0.,0.,-1.));
#5875=DIRECTION('',(0.,1.,0.));
#5876=DIRECTION('',(0.,0.,1.));
#5877=DIRECTION('',(0.90707026784731,0.,0.420979250305058));
#5878=DIRECTION('',(0.,1.,0.));
#5879=DIRECTION('',(0.,0.,1.));
#5880=DIRECTION('',(1.,0.,0.));
#5881=DIRECTION('',(0.,1.,0.));
#5882=DIRECTION('',(0.,0.,1.));
#5883=DIRECTION('',(0.90707026784731,0.,0.420979250305058));
#5884=DIRECTION('',(0.,1.,0.));
#5885=DIRECTION('',(0.,0.,1.));
#5886=DIRECTION('',(0.,0.,-1.));
#5887=DIRECTION('',(0.,1.,0.));
#5888=DIRECTION('',(0.,0.,1.));
#5889=DIRECTION('',(0.90707026784731,0.,0.420979250305058));
#5890=DIRECTION('',(0.,1.,0.));
#5891=DIRECTION('',(0.,0.,1.));
#5892=DIRECTION('',(1.,0.,0.));
#5893=DIRECTION('',(0.,1.,0.));
#5894=DIRECTION('',(0.,0.,1.));
#5895=DIRECTION('',(0.90707026784731,0.,0.420979250305058));
#5896=DIRECTION('',(0.,1.,0.));
#5897=DIRECTION('',(0.,0.,1.));
#5898=DIRECTION('',(1.,0.,0.));
#5899=DIRECTION('',(0.,1.,0.));
#5900=DIRECTION('',(0.,0.,1.));
#5901=DIRECTION('',(0.90707026784731,0.,0.420979250305058));
#5902=DIRECTION('',(0.,1.,0.));
#5903=DIRECTION('',(0.,0.,1.));
#5904=DIRECTION('',(0.,0.,-1.));
#5905=DIRECTION('',(0.,1.,0.));
#5906=DIRECTION('',(0.,0.,1.));
#5907=DIRECTION('',(0.90707026784731,0.,0.420979250305058));
#5908=DIRECTION('',(0.,1.,0.));
#5909=DIRECTION('',(0.,0.,1.));
#5910=DIRECTION('',(1.,0.,0.));
#5911=DIRECTION('',(0.,1.,0.));
#5912=DIRECTION('',(0.,0.,1.));
#5913=DIRECTION('',(0.90707026784731,0.,0.420979250305058));
#5914=DIRECTION('',(0.,1.,0.));
#5915=DIRECTION('',(0.,0.,1.));
#5916=DIRECTION('',(0.,0.,-1.));
#5917=DIRECTION('',(0.,0.,-1.));
#5918=DIRECTION('',(1.,0.,0.));
#5919=DIRECTION('',(0.707106781186548,0.,-0.707106781186547));
#5920=DIRECTION('',(0.,1.,0.));
#5921=DIRECTION('',(0.,0.,1.));
#5922=DIRECTION('',(1.,0.,0.));
#5923=DIRECTION('',(0.447213595499958,0.,-0.894427190999916));
#5924=DIRECTION('',(0.,0.,-1.));
#5925=DIRECTION('',(1.,0.,0.));
#5926=DIRECTION('',(0.,1.,0.));
#5927=DIRECTION('',(0.,0.,1.));
#5928=DIRECTION('',(0.707106781186548,0.,0.707106781186547));
#5929=DIRECTION('',(1.,0.,0.));
#5930=DIRECTION('',(0.,1.,0.));
#5931=DIRECTION('',(0.,0.,1.));
#5932=DIRECTION('',(0.90707026784731,0.,0.420979250305058));
#5933=DIRECTION('',(0.,1.,0.));
#5934=DIRECTION('',(0.,0.,1.));
#5935=DIRECTION('',(0.,0.,-1.));
#5936=DIRECTION('',(0.,1.,0.));
#5937=DIRECTION('',(0.,0.,1.));
#5938=DIRECTION('',(0.90707026784731,0.,0.420979250305058));
#5939=DIRECTION('',(0.,1.,0.));
#5940=DIRECTION('',(0.,0.,1.));
#5941=DIRECTION('',(1.,0.,0.));
#5942=DIRECTION('',(0.,1.,0.));
#5943=DIRECTION('',(0.,0.,1.));
#5944=DIRECTION('',(0.90707026784731,0.,0.420979250305058));
#5945=DIRECTION('',(0.,1.,0.));
#5946=DIRECTION('',(0.,0.,1.));
#5947=DIRECTION('',(1.,0.,0.));
#5948=DIRECTION('',(0.,1.,0.));
#5949=DIRECTION('',(0.,0.,1.));
#5950=DIRECTION('',(0.90707026784731,0.,0.420979250305058));
#5951=DIRECTION('',(0.,1.,0.));
#5952=DIRECTION('',(0.,0.,1.));
#5953=DIRECTION('',(0.,0.,-1.));
#5954=DIRECTION('',(0.,1.,0.));
#5955=DIRECTION('',(0.,0.,1.));
#5956=DIRECTION('',(0.90707026784731,0.,0.420979250305058));
#5957=DIRECTION('',(0.,1.,0.));
#5958=DIRECTION('',(0.,0.,1.));
#5959=DIRECTION('',(1.,0.,0.));
#5960=DIRECTION('',(0.,1.,0.));
#5961=DIRECTION('',(0.,0.,1.));
#5962=DIRECTION('',(0.90707026784731,0.,0.420979250305058));
#5963=DIRECTION('',(0.,1.,0.));
#5964=DIRECTION('',(0.,0.,1.));
#5965=DIRECTION('',(0.,0.,-1.));
#5966=DIRECTION('',(0.,1.,0.));
#5967=DIRECTION('',(0.,0.,1.));
#5968=DIRECTION('',(0.90707026784731,0.,0.420979250305058));
#5969=DIRECTION('',(0.,1.,0.));
#5970=DIRECTION('',(0.,0.,1.));
#5971=DIRECTION('',(0.,0.,-1.));
#5972=DIRECTION('',(0.,1.,0.));
#5973=DIRECTION('',(0.,0.,1.));
#5974=DIRECTION('',(0.90707026784731,0.,0.420979250305058));
#5975=DIRECTION('',(0.,1.,0.));
#5976=DIRECTION('',(0.,0.,1.));
#5977=DIRECTION('',(1.,0.,0.));
#5978=DIRECTION('',(0.,1.,0.));
#5979=DIRECTION('',(0.,0.,1.));
#5980=DIRECTION('',(0.,0.,-1.));
#5981=DIRECTION('',(0.,1.,0.));
#5982=DIRECTION('',(0.,0.,1.));
#5983=DIRECTION('',(0.90707026784731,0.,0.420979250305058));
#5984=DIRECTION('',(0.,1.,0.));
#5985=DIRECTION('',(0.,0.,1.));
#5986=DIRECTION('',(1.,0.,0.));
#5987=DIRECTION('',(0.,1.,0.));
#5988=DIRECTION('',(0.,0.,1.));
#5989=DIRECTION('',(0.90707026784731,0.,0.420979250305059));
#5990=DIRECTION('',(0.,1.,0.));
#5991=DIRECTION('',(0.,0.,1.));
#5992=DIRECTION('',(1.,0.,0.));
#5993=DIRECTION('',(0.,1.,0.));
#5994=DIRECTION('',(0.,0.,1.));
#5995=DIRECTION('',(0.90707026784731,0.,0.420979250305059));
#5996=DIRECTION('',(0.,1.,0.));
#5997=DIRECTION('',(0.,0.,1.));
#5998=DIRECTION('',(0.,0.,-1.));
#5999=DIRECTION('',(0.,1.,0.));
#6000=DIRECTION('',(0.,0.,1.));
#6001=DIRECTION('',(0.90707026784731,0.,0.420979250305058));
#6002=DIRECTION('',(0.,1.,0.));
#6003=DIRECTION('',(0.,0.,1.));
#6004=DIRECTION('',(0.90707026784731,0.,0.420979250305058));
#6005=DIRECTION('',(0.,1.,0.));
#6006=DIRECTION('',(0.,0.,1.));
#6007=DIRECTION('',(1.,0.,0.));
#6008=DIRECTION('',(0.,1.,0.));
#6009=DIRECTION('',(0.,0.,1.));
#6010=DIRECTION('',(0.,0.,-1.));
#6011=DIRECTION('',(0.,1.,0.));
#6012=DIRECTION('',(0.,0.,1.));
#6013=DIRECTION('',(0.,1.,0.));
#6014=DIRECTION('',(0.,0.,1.));
#6015=DIRECTION('',(0.,1.,0.));
#6016=DIRECTION('',(0.,0.,1.));
#6017=DIRECTION('',(0.,0.,-1.));
#6018=DIRECTION('',(0.,1.,0.));
#6019=DIRECTION('',(0.,0.,1.));
#6020=DIRECTION('',(-0.447213595499958,0.,0.894427190999916));
#6021=DIRECTION('',(0.,1.,0.));
#6022=DIRECTION('',(0.,0.,1.));
#6023=DIRECTION('',(0.,0.,-1.));
#6024=DIRECTION('',(-1.,0.,0.));
#6025=DIRECTION('',(-0.90707026784731,0.,-0.420979250305058));
#6026=DIRECTION('',(0.,0.,-1.));
#6027=DIRECTION('',(-0.90707026784731,0.,-0.420979250305058));
#6028=DIRECTION('',(0.,0.,1.));
#6029=DIRECTION('',(-0.90707026784731,0.,-0.420979250305058));
#6030=DIRECTION('',(0.,0.,-1.));
#6031=DIRECTION('',(-0.90707026784731,0.,-0.420979250305058));
#6032=DIRECTION('',(0.,0.,1.));
#6033=DIRECTION('',(-0.90707026784731,0.,-0.420979250305058));
#6034=DIRECTION('',(0.,0.,-1.));
#6035=DIRECTION('',(-0.90707026784731,0.,-0.420979250305058));
#6036=DIRECTION('',(0.,0.,1.));
#6037=DIRECTION('',(-0.90707026784731,0.,-0.420979250305058));
#6038=DIRECTION('',(0.,0.,-1.));
#6039=DIRECTION('',(-0.90707026784731,0.,-0.420979250305058));
#6040=DIRECTION('',(0.,0.,1.));
#6041=DIRECTION('',(-0.90707026784731,0.,-0.420979250305058));
#6042=DIRECTION('',(0.,0.,-1.));
#6043=DIRECTION('',(-0.90707026784731,0.,-0.420979250305058));
#6044=DIRECTION('',(0.,0.,1.));
#6045=DIRECTION('',(-0.90707026784731,0.,-0.420979250305059));
#6046=DIRECTION('',(0.,0.,-1.));
#6047=DIRECTION('',(-1.,0.,0.));
#6048=DIRECTION('',(0.,1.,-7.27884276912546E-17));
#6049=DIRECTION('',(0.,7.27884276912546E-17,1.));
#6050=DIRECTION('',(0.,1.,-7.27884276912546E-17));
#6051=DIRECTION('',(0.,7.27884276912546E-17,1.));
#6052=DIRECTION('',(0.,1.,-7.27884276912546E-17));
#6053=DIRECTION('',(0.,7.27884276912546E-17,1.));
#6054=DIRECTION('',(0.447213595499958,-6.51039489171894E-17,-0.894427190999916));
#6055=DIRECTION('',(0.,1.,-7.27884276912546E-17));
#6056=DIRECTION('',(0.,7.27884276912546E-17,1.));
#6057=DIRECTION('',(0.,-7.27884276912546E-17,-1.));
#6058=DIRECTION('',(-1.,0.,0.));
#6059=DIRECTION('',(0.,-7.27884276912546E-17,-1.));
#6060=DIRECTION('',(-0.90707026784731,-3.06424177203484E-17,-0.420979250305059));
#6061=DIRECTION('',(0.,7.27884276912546E-17,1.));
#6062=DIRECTION('',(-0.90707026784731,-3.06424177203483E-17,-0.420979250305058));
#6063=DIRECTION('',(0.,-7.27884276912546E-17,-1.));
#6064=DIRECTION('',(-0.90707026784731,-3.06424177203483E-17,-0.420979250305058));
#6065=DIRECTION('',(0.,7.27884276912546E-17,1.));
#6066=DIRECTION('',(-0.90707026784731,-3.06424177203483E-17,-0.420979250305058));
#6067=DIRECTION('',(0.,-7.27884276912546E-17,-1.));
#6068=DIRECTION('',(-0.90707026784731,-3.06424177203483E-17,-0.420979250305058));
#6069=DIRECTION('',(0.,7.27884276912546E-17,1.));
#6070=DIRECTION('',(-0.90707026784731,-3.06424177203483E-17,-0.420979250305058));
#6071=DIRECTION('',(0.,-7.27884276912546E-17,-1.));
#6072=DIRECTION('',(-0.90707026784731,-3.06424177203483E-17,-0.420979250305058));
#6073=DIRECTION('',(0.,7.27884276912546E-17,1.));
#6074=DIRECTION('',(-0.90707026784731,-3.06424177203483E-17,-0.420979250305058));
#6075=DIRECTION('',(0.,-7.27884276912546E-17,-1.));
#6076=DIRECTION('',(-0.90707026784731,-3.06424177203483E-17,-0.420979250305058));
#6077=DIRECTION('',(0.,7.27884276912546E-17,1.));
#6078=DIRECTION('',(-0.90707026784731,-3.06424177203483E-17,-0.420979250305058));
#6079=DIRECTION('',(0.,-7.27884276912546E-17,-1.));
#6080=DIRECTION('',(-0.90707026784731,-3.06424177203483E-17,-0.420979250305058));
#6081=DIRECTION('',(-1.,0.,0.));
#6082=DIRECTION('',(0.,-7.27884276912546E-17,-1.));
#6083=DIRECTION('',(0.,1.,-7.27884276912546E-17));
#6084=DIRECTION('',(0.,7.27884276912546E-17,1.));
#6085=DIRECTION('',(-1.,0.,0.));
#6086=DIRECTION('',(0.,-1.,0.));
#6087=DIRECTION('',(0.,-1.,0.));
#6088=DIRECTION('',(0.,-1.,0.));
#6089=DIRECTION('',(-1.,0.,0.));
#6090=DIRECTION('',(0.,-1.,0.));
#6091=DIRECTION('',(0.,-1.,0.));
#6092=DIRECTION('',(0.,-1.,0.));
#6093=DIRECTION('',(-1.,0.,0.));
#6094=DIRECTION('',(0.,-1.,0.));
#6095=DIRECTION('',(0.,-1.,0.));
#6096=DIRECTION('',(0.,-1.,0.));
#6097=DIRECTION('',(-1.,0.,0.));
#6098=DIRECTION('',(0.,-1.,0.));
#6099=DIRECTION('',(0.,-1.,0.));
#6100=DIRECTION('',(0.,-1.,0.));
#6101=DIRECTION('',(-1.,0.,0.));
#6102=DIRECTION('',(0.,-1.,0.));
#6103=DIRECTION('',(0.,-1.,0.));
#6104=DIRECTION('',(0.,-1.,0.));
#6105=DIRECTION('',(-1.,0.,0.));
#6106=DIRECTION('',(0.,-1.,0.));
#6107=DIRECTION('',(0.,-1.,0.));
#6108=DIRECTION('',(0.,-1.,0.));
#6109=DIRECTION('',(1.,0.,0.));
#6110=DIRECTION('',(0.,0.,-1.));
#6111=DIRECTION('',(0.,0.,-1.));
#6112=DIRECTION('',(0.,1.,0.));
#6113=DIRECTION('',(0.,-1.,0.));
#6114=DIRECTION('',(0.,1.,0.));
#6115=DIRECTION('',(0.,0.,-1.));
#6116=DIRECTION('',(0.,-1.,0.));
#6117=DIRECTION('',(-1.,0.,0.));
#6118=DIRECTION('',(0.,0.,1.));
#6119=DIRECTION('',(0.,1.,0.));
#6120=DIRECTION('',(-1.,0.,0.));
#6121=DIRECTION('',(0.,0.,1.));
#6122=DIRECTION('',(-1.,0.,0.));
#6123=DIRECTION('',(0.,0.,1.));
#6124=DIRECTION('',(0.,1.,0.));
#6125=DIRECTION('',(-1.,0.,0.));
#6126=DIRECTION('',(0.,0.,1.));
#6127=DIRECTION('',(-1.,0.,0.));
#6128=DIRECTION('',(0.,0.,1.));
#6129=DIRECTION('',(-1.,0.,0.));
#6130=DIRECTION('',(0.,0.,1.));
#6131=DIRECTION('',(1.,0.,0.));
#6132=DIRECTION('',(0.,0.,-1.));
#6133=DIRECTION('',(0.,0.,-1.));
#6134=DIRECTION('',(-1.,0.,0.));
#6135=DIRECTION('',(-1.,0.,0.));
#6136=DIRECTION('',(0.,-1.,0.));
#6137=DIRECTION('',(0.,-1.,0.));
#6138=DIRECTION('',(0.894427190999916,0.,0.447213595499958));
#6139=DIRECTION('',(0.,-1.,0.));
#6140=DIRECTION('',(0.447213595499958,0.,-0.894427190999916));
#6141=DIRECTION('',(0.,-1.,0.));
#6142=DIRECTION('',(0.,1.,0.));
#6143=DIRECTION('',(0.894427190999916,0.,0.447213595499958));
#6144=DIRECTION('',(0.,-1.,0.));
#6145=DIRECTION('',(0.,-1.,0.));
#6146=DIRECTION('',(-0.447213595499958,0.,0.894427190999916));
#6147=DIRECTION('',(0.,1.,0.));
#6148=DIRECTION('',(-1.,0.,0.));
#6149=DIRECTION('',(0.,0.,1.));
#6150=DIRECTION('',(0.,-1.,0.));
#6151=DIRECTION('',(0.,0.,-1.));
#6152=DIRECTION('',(0.,-1.,0.));
#6153=DIRECTION('',(0.420979250305058,0.,-0.90707026784731));
#6154=DIRECTION('',(-0.90707026784731,0.,-0.420979250305058));
#6155=DIRECTION('',(0.90707026784731,0.,0.420979250305058));
#6156=DIRECTION('',(0.,-1.,0.));
#6157=DIRECTION('',(0.90707026784731,0.,0.420979250305058));
#6158=DIRECTION('',(0.,-1.,0.));
#6159=DIRECTION('',(0.420979250305058,0.,-0.90707026784731));
#6160=DIRECTION('',(-0.90707026784731,0.,-0.420979250305058));
#6161=DIRECTION('',(0.,-1.,0.));
#6162=DIRECTION('',(0.90707026784731,0.,0.420979250305058));
#6163=DIRECTION('',(0.,-1.,0.));
#6164=DIRECTION('',(0.90707026784731,0.,0.420979250305058));
#6165=DIRECTION('',(0.,0.,-1.));
#6166=DIRECTION('',(-1.,0.,0.));
#6167=DIRECTION('',(1.,0.,0.));
#6168=DIRECTION('',(0.,-1.,0.));
#6169=DIRECTION('',(1.,0.,0.));
#6170=DIRECTION('',(-1.,0.,0.));
#6171=DIRECTION('',(0.,0.,1.));
#6172=DIRECTION('',(0.,0.,-1.));
#6173=DIRECTION('',(-1.,0.,0.));
#6174=DIRECTION('',(0.,0.,1.));
#6175=DIRECTION('',(0.,-1.,0.));
#6176=DIRECTION('',(0.,0.,-1.));
#6177=DIRECTION('',(0.,-1.,0.));
#6178=DIRECTION('',(0.420979250305058,0.,-0.90707026784731));
#6179=DIRECTION('',(-0.90707026784731,0.,-0.420979250305058));
#6180=DIRECTION('',(0.90707026784731,0.,0.420979250305058));
#6181=DIRECTION('',(0.,-1.,0.));
#6182=DIRECTION('',(0.90707026784731,0.,0.420979250305058));
#6183=DIRECTION('',(0.,-1.,0.));
#6184=DIRECTION('',(0.420979250305058,0.,-0.90707026784731));
#6185=DIRECTION('',(-0.90707026784731,0.,-0.420979250305058));
#6186=DIRECTION('',(0.,-1.,0.));
#6187=DIRECTION('',(0.90707026784731,0.,0.420979250305058));
#6188=DIRECTION('',(0.,-1.,0.));
#6189=DIRECTION('',(0.90707026784731,0.,0.420979250305058));
#6190=DIRECTION('',(0.,0.,-1.));
#6191=DIRECTION('',(-1.,0.,0.));
#6192=DIRECTION('',(1.,0.,0.));
#6193=DIRECTION('',(0.,-1.,0.));
#6194=DIRECTION('',(1.,0.,0.));
#6195=DIRECTION('',(-1.,0.,0.));
#6196=DIRECTION('',(0.,0.,1.));
#6197=DIRECTION('',(0.,0.,-1.));
#6198=DIRECTION('',(-1.,0.,0.));
#6199=DIRECTION('',(0.,0.,1.));
#6200=DIRECTION('',(0.,-1.,0.));
#6201=DIRECTION('',(0.,0.,-1.));
#6202=DIRECTION('',(0.,-1.,0.));
#6203=DIRECTION('',(0.420979250305058,0.,-0.90707026784731));
#6204=DIRECTION('',(-0.90707026784731,0.,-0.420979250305058));
#6205=DIRECTION('',(0.90707026784731,0.,0.420979250305058));
#6206=DIRECTION('',(0.,-1.,0.));
#6207=DIRECTION('',(0.90707026784731,0.,0.420979250305058));
#6208=DIRECTION('',(0.,-1.,0.));
#6209=DIRECTION('',(0.420979250305058,0.,-0.90707026784731));
#6210=DIRECTION('',(-0.90707026784731,0.,-0.420979250305058));
#6211=DIRECTION('',(0.,-1.,0.));
#6212=DIRECTION('',(0.90707026784731,0.,0.420979250305058));
#6213=DIRECTION('',(0.,-1.,0.));
#6214=DIRECTION('',(0.90707026784731,0.,0.420979250305058));
#6215=DIRECTION('',(0.,0.,-1.));
#6216=DIRECTION('',(-1.,0.,0.));
#6217=DIRECTION('',(1.,0.,0.));
#6218=DIRECTION('',(0.,-1.,0.));
#6219=DIRECTION('',(1.,0.,0.));
#6220=DIRECTION('',(-1.,0.,0.));
#6221=DIRECTION('',(0.,0.,1.));
#6222=DIRECTION('',(0.,0.,-1.));
#6223=DIRECTION('',(0.420979250305058,0.,-0.90707026784731));
#6224=DIRECTION('',(-0.90707026784731,0.,-0.420979250305058));
#6225=DIRECTION('',(0.,-1.,0.));
#6226=DIRECTION('',(0.90707026784731,0.,0.420979250305058));
#6227=DIRECTION('',(0.,-1.,0.));
#6228=DIRECTION('',(0.,-1.,0.));
#6229=DIRECTION('',(0.90707026784731,0.,0.420979250305058));
#6230=DIRECTION('',(0.,0.,-1.));
#6231=DIRECTION('',(-1.,0.,0.));
#6232=DIRECTION('',(1.,0.,0.));
#6233=DIRECTION('',(0.,-1.,0.));
#6234=DIRECTION('',(1.,0.,0.));
#6235=DIRECTION('',(-1.,0.,0.));
#6236=DIRECTION('',(0.,0.,1.));
#6237=DIRECTION('',(0.,0.,-1.));
#6238=DIRECTION('',(0.,-1.,0.));
#6239=DIRECTION('',(0.,0.,-1.));
#6240=DIRECTION('',(0.420979250305058,0.,-0.90707026784731));
#6241=DIRECTION('',(-0.90707026784731,0.,-0.420979250305058));
#6242=DIRECTION('',(0.90707026784731,0.,0.420979250305058));
#6243=DIRECTION('',(0.,-1.,0.));
#6244=DIRECTION('',(0.90707026784731,0.,0.420979250305058));
#6245=DIRECTION('',(-1.,0.,0.));
#6246=DIRECTION('',(0.,0.,1.));
#6247=DIRECTION('',(0.,-1.,0.));
#6248=DIRECTION('',(0.,0.,-1.));
#6249=DIRECTION('',(0.,-1.,0.));
#6250=DIRECTION('',(0.420979250305059,0.,-0.90707026784731));
#6251=DIRECTION('',(-0.90707026784731,0.,-0.420979250305059));
#6252=DIRECTION('',(0.90707026784731,0.,0.420979250305059));
#6253=DIRECTION('',(0.,-1.,0.));
#6254=DIRECTION('',(0.90707026784731,0.,0.420979250305059));
#6255=DIRECTION('',(0.,-1.,0.));
#6256=DIRECTION('',(0.420979250305058,0.,-0.90707026784731));
#6257=DIRECTION('',(-0.90707026784731,0.,-0.420979250305058));
#6258=DIRECTION('',(0.,-1.,0.));
#6259=DIRECTION('',(0.90707026784731,0.,0.420979250305058));
#6260=DIRECTION('',(0.,-1.,0.));
#6261=DIRECTION('',(0.90707026784731,0.,0.420979250305058));
#6262=DIRECTION('',(0.,0.,-1.));
#6263=DIRECTION('',(-1.,0.,0.));
#6264=DIRECTION('',(0.,-1.,0.));
#6265=DIRECTION('',(1.,0.,0.));
#6266=DIRECTION('',(1.,0.,0.));
#6267=DIRECTION('',(-1.,0.,0.));
#6268=DIRECTION('',(0.,0.,1.));
#6269=DIRECTION('',(0.,0.,-1.));
#6270=DIRECTION('',(-1.,0.,0.));
#6271=DIRECTION('',(0.,0.,1.));
#6272=DIRECTION('',(0.,-1.,0.));
#6273=DIRECTION('',(0.,0.,-1.));
#6274=DIRECTION('',(0.,-1.,0.));
#6275=DIRECTION('',(0.420979250305058,0.,-0.90707026784731));
#6276=DIRECTION('',(-0.90707026784731,0.,-0.420979250305058));
#6277=DIRECTION('',(0.90707026784731,0.,0.420979250305058));
#6278=DIRECTION('',(0.,-1.,0.));
#6279=DIRECTION('',(0.90707026784731,0.,0.420979250305058));
#6280=DIRECTION('',(0.,-1.,0.));
#6281=DIRECTION('',(0.420979250305058,0.,-0.90707026784731));
#6282=DIRECTION('',(-0.90707026784731,0.,-0.420979250305058));
#6283=DIRECTION('',(0.,-1.,0.));
#6284=DIRECTION('',(0.90707026784731,0.,0.420979250305058));
#6285=DIRECTION('',(0.,-1.,0.));
#6286=DIRECTION('',(0.90707026784731,0.,0.420979250305058));
#6287=DIRECTION('',(0.,0.,-1.));
#6288=DIRECTION('',(-1.,0.,0.));
#6289=DIRECTION('',(1.,0.,0.));
#6290=DIRECTION('',(0.,-1.,0.));
#6291=DIRECTION('',(1.,0.,0.));
#6292=DIRECTION('',(-1.,0.,0.));
#6293=DIRECTION('',(0.,0.,1.));
#6294=DIRECTION('',(0.,0.,-1.));
#6295=DIRECTION('',(0.,0.,-1.));
#6296=DIRECTION('',(-1.,0.,0.));
#6297=DIRECTION('',(0.,-1.,0.));
#6298=DIRECTION('',(1.,0.,0.));
#6299=DIRECTION('',(0.,-1.,0.));
#6300=DIRECTION('',(1.,0.,0.));
#6301=DIRECTION('',(0.420979250305059,0.,-0.90707026784731));
#6302=DIRECTION('',(-0.90707026784731,0.,-0.420979250305059));
#6303=DIRECTION('',(0.,-1.,0.));
#6304=DIRECTION('',(0.90707026784731,0.,0.420979250305059));
#6305=DIRECTION('',(0.,-1.,0.));
#6306=DIRECTION('',(0.90707026784731,0.,0.420979250305059));
#6307=DIRECTION('',(0.420979250305058,0.,-0.90707026784731));
#6308=DIRECTION('',(-0.90707026784731,0.,-0.420979250305058));
#6309=DIRECTION('',(0.90707026784731,0.,0.420979250305058));
#6310=DIRECTION('',(0.,-1.,0.));
#6311=DIRECTION('',(0.90707026784731,0.,0.420979250305058));
#6312=DIRECTION('',(-1.,0.,0.));
#6313=DIRECTION('',(0.,0.,1.));
#6314=DIRECTION('',(0.,0.,-1.));
#6315=DIRECTION('',(0.,-1.,0.));
#6316=DIRECTION('',(0.,0.,-1.));
#6317=DIRECTION('',(0.,0.,-1.));
#6318=DIRECTION('',(-1.,0.,0.));
#6319=DIRECTION('',(0.,-1.,0.));
#6320=DIRECTION('',(1.,0.,0.));
#6321=DIRECTION('',(0.,-1.,0.));
#6322=DIRECTION('',(1.,0.,0.));
#6323=DIRECTION('',(0.420979250305058,0.,-0.90707026784731));
#6324=DIRECTION('',(-0.90707026784731,0.,-0.420979250305058));
#6325=DIRECTION('',(0.90707026784731,0.,0.420979250305058));
#6326=DIRECTION('',(0.,-1.,0.));
#6327=DIRECTION('',(0.90707026784731,0.,0.420979250305058));
#6328=DIRECTION('',(-1.,0.,0.));
#6329=DIRECTION('',(0.,0.,1.));
#6330=DIRECTION('',(0.,0.,-1.));
#6331=DIRECTION('',(0.,-1.,0.));
#6332=DIRECTION('',(0.,0.,-1.));
#6333=DIRECTION('',(0.,0.,-1.));
#6334=DIRECTION('',(-1.,0.,0.));
#6335=DIRECTION('',(0.,-1.,0.));
#6336=DIRECTION('',(1.,0.,0.));
#6337=DIRECTION('',(0.,-1.,0.));
#6338=DIRECTION('',(1.,0.,0.));
#6339=DIRECTION('',(0.420979250305058,0.,-0.90707026784731));
#6340=DIRECTION('',(-0.90707026784731,0.,-0.420979250305058));
#6341=DIRECTION('',(0.,-1.,0.));
#6342=DIRECTION('',(0.90707026784731,0.,0.420979250305058));
#6343=DIRECTION('',(0.,-1.,0.));
#6344=DIRECTION('',(0.90707026784731,0.,0.420979250305058));
#6345=DIRECTION('',(0.420979250305058,0.,-0.90707026784731));
#6346=DIRECTION('',(-0.90707026784731,0.,-0.420979250305058));
#6347=DIRECTION('',(0.90707026784731,0.,0.420979250305058));
#6348=DIRECTION('',(0.,-1.,0.));
#6349=DIRECTION('',(0.90707026784731,0.,0.420979250305058));
#6350=DIRECTION('',(-1.,0.,0.));
#6351=DIRECTION('',(0.,0.,1.));
#6352=DIRECTION('',(0.,-1.,0.));
#6353=DIRECTION('',(0.,0.,-1.));
#6354=DIRECTION('',(0.,0.,-1.));
#6355=DIRECTION('',(0.,0.,-1.));
#6356=DIRECTION('',(-1.,0.,0.));
#6357=DIRECTION('',(0.,-1.,0.));
#6358=DIRECTION('',(1.,0.,0.));
#6359=DIRECTION('',(0.,-1.,0.));
#6360=DIRECTION('',(1.,0.,0.));
#6361=DIRECTION('',(0.420979250305058,0.,-0.90707026784731));
#6362=DIRECTION('',(-0.90707026784731,0.,-0.420979250305058));
#6363=DIRECTION('',(0.,-1.,0.));
#6364=DIRECTION('',(0.90707026784731,0.,0.420979250305058));
#6365=DIRECTION('',(0.,-1.,0.));
#6366=DIRECTION('',(0.90707026784731,0.,0.420979250305058));
#6367=DIRECTION('',(0.420979250305058,0.,-0.90707026784731));
#6368=DIRECTION('',(-0.90707026784731,0.,-0.420979250305058));
#6369=DIRECTION('',(0.90707026784731,0.,0.420979250305058));
#6370=DIRECTION('',(0.,-1.,0.));
#6371=DIRECTION('',(0.90707026784731,0.,0.420979250305058));
#6372=DIRECTION('',(-1.,0.,0.));
#6373=DIRECTION('',(0.,0.,1.));
#6374=DIRECTION('',(0.,-1.,0.));
#6375=DIRECTION('',(0.,0.,-1.));
#6376=DIRECTION('',(0.,0.,-1.));
#6377=DIRECTION('',(0.,0.,-1.));
#6378=DIRECTION('',(-1.,0.,0.));
#6379=DIRECTION('',(0.,-1.,0.));
#6380=DIRECTION('',(1.,0.,0.));
#6381=DIRECTION('',(0.,-1.,0.));
#6382=DIRECTION('',(1.,0.,0.));
#6383=DIRECTION('',(0.420979250305058,0.,-0.90707026784731));
#6384=DIRECTION('',(-0.90707026784731,0.,-0.420979250305058));
#6385=DIRECTION('',(0.,-1.,0.));
#6386=DIRECTION('',(0.90707026784731,0.,0.420979250305058));
#6387=DIRECTION('',(0.,-1.,0.));
#6388=DIRECTION('',(0.90707026784731,0.,0.420979250305058));
#6389=DIRECTION('',(0.420979250305058,0.,-0.90707026784731));
#6390=DIRECTION('',(-0.90707026784731,0.,-0.420979250305058));
#6391=DIRECTION('',(0.90707026784731,0.,0.420979250305058));
#6392=DIRECTION('',(0.,-1.,0.));
#6393=DIRECTION('',(0.90707026784731,0.,0.420979250305058));
#6394=DIRECTION('',(-1.,0.,0.));
#6395=DIRECTION('',(0.,0.,1.));
#6396=DIRECTION('',(0.,-1.,0.));
#6397=DIRECTION('',(0.,0.,-1.));
#6398=DIRECTION('',(0.,0.,-1.));
#6399=DIRECTION('',(-0.90707026784731,0.,-0.420979250305058));
#6400=DIRECTION('',(-0.420979250305058,0.,0.90707026784731));
#6401=DIRECTION('',(0.907070267847311,0.,0.420979250305057));
#6402=DIRECTION('',(0.420979250305057,0.,-0.907070267847311));
#6403=DIRECTION('',(-0.907070267847309,-4.26234098381398E-15,-0.420979250305061));
#6404=DIRECTION('',(-0.420979250305061,0.,0.907070267847309));
#6405=DIRECTION('',(0.,1.,0.));
#6406=DIRECTION('',(0.,0.,1.));
#6407=DIRECTION('',(0.,0.,1.));
#6408=DIRECTION('',(1.,0.,0.));
#6409=DIRECTION('',(0.,1.,0.));
#6410=DIRECTION('',(0.,0.,1.));
#6411=DIRECTION('',(-1.,0.,0.));
#6412=DIRECTION('',(0.,0.,1.));
#6413=DIRECTION('',(0.,0.,1.));
#6414=DIRECTION('',(1.,0.,0.));
#6415=DIRECTION('',(0.,0.,-1.));
#6416=DIRECTION('',(-1.,0.,0.));
#6417=DIRECTION('',(1.,0.,0.));
#6418=DIRECTION('',(0.,0.,-1.));
#6419=DIRECTION('',(1.,0.,0.));
#6420=DIRECTION('',(0.,0.,-1.));
#6421=DIRECTION('',(0.,1.,0.));
#6422=DIRECTION('',(0.,0.,1.));
#6423=DIRECTION('',(0.,1.,0.));
#6424=DIRECTION('',(0.,0.,1.));
#6425=DIRECTION('',(0.,-1.,0.));
#6426=DIRECTION('',(0.,0.,-1.));
#6427=DIRECTION('',(0.,1.,0.));
#6428=DIRECTION('',(0.,0.,1.));
#6429=DIRECTION('',(0.,1.,0.));
#6430=DIRECTION('',(0.,0.,1.));
#6431=DIRECTION('',(0.,0.,-1.));
#6432=DIRECTION('',(-1.,0.,0.));
#6433=DIRECTION('',(1.,0.,0.));
#6434=DIRECTION('',(0.,0.,-1.));
#6435=DIRECTION('',(-1.,0.,0.));
#6436=DIRECTION('',(0.,0.,1.));
#6437=DIRECTION('',(-1.,0.,0.));
#6438=DIRECTION('',(0.,0.,1.));
#6439=DIRECTION('',(0.,0.,-1.));
#6440=DIRECTION('',(-1.,0.,0.));
#6441=DIRECTION('',(0.,0.,1.));
#6442=DIRECTION('',(1.,0.,0.));
#6443=DIRECTION('',(0.,1.,0.));
#6444=DIRECTION('',(0.,0.,1.));
#6445=DIRECTION('',(-0.907070267847309,0.,-0.420979250305061));
#6446=DIRECTION('',(-0.420979250305061,0.,0.907070267847309));
#6447=DIRECTION('',(0.,1.,0.));
#6448=DIRECTION('',(0.,0.,1.));
#6449=DIRECTION('',(0.907070267847309,0.,0.420979250305061));
#6450=DIRECTION('',(0.420979250305061,0.,-0.907070267847309));
#6451=DIRECTION('',(0.90707026784731,0.,0.420979250305058));
#6452=DIRECTION('',(0.420979250305058,0.,-0.90707026784731));
#6453=DIRECTION('',(0.,1.,0.));
#6454=DIRECTION('',(0.,0.,1.));
#6455=DIRECTION('',(0.907070267847309,0.,0.420979250305061));
#6456=DIRECTION('',(0.420979250305061,0.,-0.907070267847309));
#6457=DIRECTION('',(0.,0.,1.));
#6458=DIRECTION('',(1.,0.,0.));
#6459=DIRECTION('',(0.,0.,1.));
#6460=DIRECTION('',(1.,0.,0.));
#6461=DIRECTION('',(0.,0.,-1.));
#6462=DIRECTION('',(-1.,0.,0.));
#6463=DIRECTION('',(-0.90707026784731,0.,-0.420979250305058));
#6464=DIRECTION('',(-0.420979250305058,0.,0.90707026784731));
#6465=DIRECTION('',(-0.907070267847309,1.17787514258598E-15,-0.420979250305061));
#6466=DIRECTION('',(-0.420979250305061,0.,0.907070267847309));
#6467=DIRECTION('',(0.,1.,0.));
#6468=DIRECTION('',(0.,0.,1.));
#6469=DIRECTION('',(0.,1.,0.));
#6470=DIRECTION('',(0.,0.,1.));
#6471=DIRECTION('',(0.907070267847309,1.17787514258598E-15,0.420979250305061));
#6472=DIRECTION('',(0.420979250305061,0.,-0.907070267847309));
#6473=DIRECTION('',(0.,1.,0.));
#6474=DIRECTION('',(0.,0.,1.));
#6475=DIRECTION('',(-1.,0.,0.));
#6476=DIRECTION('',(0.,0.,1.));
#6477=DIRECTION('',(0.,0.,-1.));
#6478=DIRECTION('',(-1.,0.,0.));
#6479=DIRECTION('',(0.,0.,-1.));
#6480=DIRECTION('',(-1.,0.,0.));
#6481=DIRECTION('',(0.,0.,1.));
#6482=DIRECTION('',(1.,0.,0.));
#6483=DIRECTION('',(0.,-1.,0.));
#6484=DIRECTION('',(0.,0.,-1.));
#6485=DIRECTION('',(0.,1.,0.));
#6486=DIRECTION('',(0.,0.,1.));
#6487=DIRECTION('',(0.90707026784731,0.,0.420979250305059));
#6488=DIRECTION('',(0.420979250305059,0.,-0.90707026784731));
#6489=DIRECTION('',(-0.907070267847309,0.,-0.420979250305061));
#6490=DIRECTION('',(-0.420979250305061,0.,0.907070267847309));
#6491=DIRECTION('',(1.,0.,0.));
#6492=DIRECTION('',(0.,0.,-1.));
#6493=DIRECTION('',(1.,0.,0.));
#6494=DIRECTION('',(0.,0.,-1.));
#6495=DIRECTION('',(0.,1.,0.));
#6496=DIRECTION('',(0.,0.,1.));
#6497=DIRECTION('',(0.907070267847309,0.,0.420979250305061));
#6498=DIRECTION('',(0.420979250305061,0.,-0.907070267847309));
#6499=DIRECTION('',(0.,1.,0.));
#6500=DIRECTION('',(0.,0.,1.));
#6501=DIRECTION('',(0.90707026784731,0.,0.42097925030506));
#6502=DIRECTION('',(0.42097925030506,0.,-0.90707026784731));
#6503=DIRECTION('',(0.,1.,0.));
#6504=DIRECTION('',(0.,0.,1.));
#6505=DIRECTION('',(0.,1.,0.));
#6506=DIRECTION('',(0.,0.,1.));
#6507=DIRECTION('',(0.90707026784731,0.,0.420979250305058));
#6508=DIRECTION('',(0.420979250305058,0.,-0.90707026784731));
#6509=DIRECTION('',(-0.907070267847309,0.,-0.420979250305061));
#6510=DIRECTION('',(-0.420979250305061,0.,0.907070267847309));
#6511=DIRECTION('',(-0.90707026784731,0.,-0.420979250305059));
#6512=DIRECTION('',(-0.420979250305059,0.,0.90707026784731));
#6513=DIRECTION('',(-0.907070267847309,-2.35575028517195E-15,-0.420979250305061));
#6514=DIRECTION('',(-0.420979250305061,0.,0.907070267847309));
#6515=DIRECTION('',(0.,1.,0.));
#6516=DIRECTION('',(0.,0.,1.));
#6517=DIRECTION('',(0.,1.,0.));
#6518=DIRECTION('',(0.,0.,1.));
#6519=DIRECTION('',(0.,1.,0.));
#6520=DIRECTION('',(0.,0.,1.));
#6521=DIRECTION('',(-1.,0.,0.));
#6522=DIRECTION('',(0.,0.,1.));
#6523=DIRECTION('',(0.,1.,0.));
#6524=DIRECTION('',(0.,0.,1.));
#6525=DIRECTION('',(1.,0.,0.));
#6526=DIRECTION('',(0.,0.,-1.));
#6527=DIRECTION('',(-1.,0.,0.));
#6528=DIRECTION('',(0.,0.,1.));
#6529=DIRECTION('',(0.,1.,0.));
#6530=DIRECTION('',(0.,0.,1.));
#6531=DIRECTION('',(-0.907070267847311,0.,-0.420979250305056));
#6532=DIRECTION('',(-0.420979250305056,0.,0.907070267847311));
#6533=DIRECTION('',(0.,0.,-1.));
#6534=DIRECTION('',(-1.,0.,0.));
#6535=DIRECTION('',(0.,0.,-1.));
#6536=DIRECTION('',(-1.,0.,0.));
#6537=DIRECTION('',(0.,0.,1.));
#6538=DIRECTION('',(1.,0.,0.));
#6539=DIRECTION('',(0.90707026784731,0.,0.420979250305058));
#6540=DIRECTION('',(0.420979250305058,0.,-0.90707026784731));
#6541=DIRECTION('',(0.907070267847309,0.,0.420979250305061));
#6542=DIRECTION('',(0.420979250305061,0.,-0.907070267847309));
#6543=DIRECTION('',(0.,1.,0.));
#6544=DIRECTION('',(0.,0.,1.));
#6545=DIRECTION('',(-0.907070267847311,2.35575028517193E-15,-0.420979250305056));
#6546=DIRECTION('',(-0.420979250305056,0.,0.907070267847311));
#6547=DIRECTION('',(0.,1.,0.));
#6548=DIRECTION('',(0.,0.,1.));
#6549=DIRECTION('',(1.,0.,0.));
#6550=DIRECTION('',(0.,0.,-1.));
#6551=DIRECTION('',(-0.90707026784731,0.,-0.420979250305058));
#6552=DIRECTION('',(-0.420979250305058,0.,0.90707026784731));
#6553=DIRECTION('',(0.907070267847308,0.,0.420979250305063));
#6554=DIRECTION('',(0.420979250305063,0.,-0.907070267847308));
#6555=DIRECTION('',(-1.,0.,0.));
#6556=DIRECTION('',(0.,0.,1.));
#6557=DIRECTION('',(-1.,0.,0.));
#6558=DIRECTION('',(0.,0.,1.));
#6559=DIRECTION('',(-0.90707026784731,0.,-0.420979250305058));
#6560=DIRECTION('',(-0.420979250305058,0.,0.90707026784731));
#6561=DIRECTION('',(0.907070267847308,0.,0.420979250305063));
#6562=DIRECTION('',(0.420979250305063,0.,-0.907070267847308));
#6563=DIRECTION('',(-0.907070267847311,0.,-0.420979250305056));
#6564=DIRECTION('',(-0.420979250305056,0.,0.907070267847311));
#6565=DIRECTION('',(0.,1.,0.));
#6566=DIRECTION('',(0.,0.,1.));
#6567=DIRECTION('',(0.,0.,-1.));
#6568=DIRECTION('',(-1.,0.,0.));
#6569=DIRECTION('',(0.,1.,0.));
#6570=DIRECTION('',(0.,0.,1.));
#6571=DIRECTION('',(0.,1.,0.));
#6572=DIRECTION('',(0.,0.,1.));
#6573=DIRECTION('',(0.,1.,0.));
#6574=DIRECTION('',(0.,0.,1.));
#6575=DIRECTION('',(1.,0.,0.));
#6576=DIRECTION('',(0.,0.,-1.));
#6577=DIRECTION('',(0.,0.,1.));
#6578=DIRECTION('',(1.,0.,0.));
#6579=DIRECTION('',(0.,0.,1.));
#6580=DIRECTION('',(1.,0.,0.));
#6581=DIRECTION('',(0.,1.,0.));
#6582=DIRECTION('',(0.,0.,1.));
#6583=DIRECTION('',(0.,1.,0.));
#6584=DIRECTION('',(0.,0.,1.));
#6585=DIRECTION('',(1.,0.,0.));
#6586=DIRECTION('',(0.,0.,-1.));
#6587=DIRECTION('',(-1.,0.,0.));
#6588=DIRECTION('',(0.,0.,1.));
#6589=DIRECTION('',(0.,1.,0.));
#6590=DIRECTION('',(0.,0.,1.));
#6591=DIRECTION('',(-0.907070267847311,0.,-0.420979250305056));
#6592=DIRECTION('',(-0.420979250305056,0.,0.907070267847311));
#6593=DIRECTION('',(0.,1.,0.));
#6594=DIRECTION('',(0.,0.,1.));
#6595=DIRECTION('',(0.907070267847309,2.35575028517195E-15,0.420979250305061));
#6596=DIRECTION('',(0.420979250305061,0.,-0.907070267847309));
#6597=DIRECTION('',(0.90707026784731,0.,0.420979250305058));
#6598=DIRECTION('',(0.420979250305058,0.,-0.90707026784731));
#6599=DIRECTION('',(0.,1.,0.));
#6600=DIRECTION('',(0.,0.,1.));
#6601=DIRECTION('',(-0.907070267847311,0.,-0.420979250305056));
#6602=DIRECTION('',(-0.420979250305056,0.,0.907070267847311));
#6603=DIRECTION('',(0.,0.,-1.));
#6604=DIRECTION('',(-1.,0.,0.));
#6605=DIRECTION('',(0.,0.,-1.));
#6606=DIRECTION('',(-1.,0.,0.));
#6607=DIRECTION('',(0.,0.,1.));
#6608=DIRECTION('',(1.,0.,0.));
#6609=DIRECTION('',(0.90707026784731,0.,0.420979250305058));
#6610=DIRECTION('',(0.420979250305058,0.,-0.90707026784731));
#6611=DIRECTION('',(0.907070267847311,0.,0.420979250305056));
#6612=DIRECTION('',(0.420979250305056,0.,-0.907070267847311));
#6613=DIRECTION('',(0.,1.,0.));
#6614=DIRECTION('',(0.,0.,1.));
#6615=DIRECTION('',(-0.907070267847311,0.,-0.420979250305056));
#6616=DIRECTION('',(-0.420979250305056,0.,0.907070267847311));
#6617=DIRECTION('',(0.,1.,0.));
#6618=DIRECTION('',(0.,0.,1.));
#6619=DIRECTION('',(1.,0.,0.));
#6620=DIRECTION('',(0.,0.,-1.));
#6621=DIRECTION('',(-0.90707026784731,0.,-0.420979250305059));
#6622=DIRECTION('',(-0.420979250305059,0.,0.90707026784731));
#6623=DIRECTION('',(0.907070267847311,0.,0.420979250305056));
#6624=DIRECTION('',(0.420979250305056,0.,-0.907070267847311));
#6625=DIRECTION('',(-1.,0.,0.));
#6626=DIRECTION('',(0.,0.,1.));
#6627=DIRECTION('',(-1.,0.,0.));
#6628=DIRECTION('',(0.,0.,1.));
#6629=DIRECTION('',(0.,1.,0.));
#6630=DIRECTION('',(0.,0.,1.));
#6631=DIRECTION('',(0.,1.,0.));
#6632=DIRECTION('',(0.,0.,1.));
#6633=DIRECTION('',(0.,1.,0.));
#6634=DIRECTION('',(0.,0.,1.));
#6635=DIRECTION('',(0.,1.,0.));
#6636=DIRECTION('',(0.,0.,1.));
#6637=DIRECTION('',(1.,0.,0.));
#6638=DIRECTION('',(0.,0.,-1.));
#6639=DIRECTION('',(1.,0.,0.));
#6640=DIRECTION('',(0.,0.,-1.));
#6641=DIRECTION('',(-1.,0.,0.));
#6642=DIRECTION('',(0.,0.,1.));
#6643=DIRECTION('',(0.,1.,0.));
#6644=DIRECTION('',(0.,0.,1.));
#6645=DIRECTION('',(0.907070267847311,0.,0.420979250305056));
#6646=DIRECTION('',(0.420979250305056,0.,-0.907070267847311));
#6647=DIRECTION('',(0.,1.,0.));
#6648=DIRECTION('',(0.,0.,1.));
#6649=DIRECTION('',(0.907070267847311,0.,0.420979250305056));
#6650=DIRECTION('',(0.420979250305056,0.,-0.907070267847311));
#6651=DIRECTION('',(0.90707026784731,0.,0.420979250305059));
#6652=DIRECTION('',(0.420979250305059,0.,-0.90707026784731));
#6653=DIRECTION('',(-0.907070267847311,0.,-0.420979250305056));
#6654=DIRECTION('',(-0.420979250305056,0.,0.907070267847311));
#6655=DIRECTION('',(-0.90707026784731,0.,-0.420979250305058));
#6656=DIRECTION('',(-0.420979250305058,0.,0.90707026784731));
#6657=DIRECTION('',(-0.907070267847311,0.,-0.420979250305056));
#6658=DIRECTION('',(-0.420979250305056,0.,0.907070267847311));
#6659=DIRECTION('',(0.,1.,0.));
#6660=DIRECTION('',(0.,0.,1.));
#6661=DIRECTION('',(0.,0.,1.));
#6662=DIRECTION('',(1.,0.,0.));
#6663=DIRECTION('',(0.,1.,0.));
#6664=DIRECTION('',(0.,0.,1.));
#6665=DIRECTION('',(0.,0.,-1.));
#6666=DIRECTION('',(-1.,0.,0.));
#6667=DIRECTION('',(0.,0.,1.));
#6668=DIRECTION('',(1.,0.,0.));
#6669=DIRECTION('',(0.,1.,0.));
#6670=DIRECTION('',(0.,0.,1.));
#6671=DIRECTION('',(0.,0.,1.));
#6672=DIRECTION('',(1.,0.,0.));
#6673=DIRECTION('',(0.907070267847309,2.35575028517195E-15,0.420979250305061));
#6674=DIRECTION('',(0.420979250305061,0.,-0.907070267847309));
#6675=DIRECTION('',(0.90707026784731,0.,0.420979250305058));
#6676=DIRECTION('',(0.420979250305058,0.,-0.90707026784731));
#6677=DIRECTION('',(-0.907070267847311,0.,-0.420979250305056));
#6678=DIRECTION('',(-0.420979250305056,0.,0.907070267847311));
#6679=DIRECTION('',(0.,0.,-1.));
#6680=DIRECTION('',(-1.,0.,0.));
#6681=DIRECTION('',(0.,0.,-1.));
#6682=DIRECTION('',(-1.,0.,0.));
#6683=DIRECTION('',(0.,1.,0.));
#6684=DIRECTION('',(0.,0.,1.));
#6685=DIRECTION('',(-1.,0.,0.));
#6686=DIRECTION('',(0.,0.,1.));
#6687=DIRECTION('',(0.,1.,0.));
#6688=DIRECTION('',(0.,0.,1.));
#6689=DIRECTION('',(0.907070267847309,0.,0.420979250305061));
#6690=DIRECTION('',(0.420979250305061,0.,-0.907070267847309));
#6691=DIRECTION('',(-1.,0.,0.));
#6692=DIRECTION('',(0.,0.,1.));
#6693=DIRECTION('',(1.,0.,0.));
#6694=DIRECTION('',(0.,0.,-1.));
#6695=DIRECTION('',(-0.90707026784731,0.,-0.420979250305058));
#6696=DIRECTION('',(-0.420979250305058,0.,0.90707026784731));
#6697=DIRECTION('',(-0.907070267847311,0.,-0.420979250305056));
#6698=DIRECTION('',(-0.420979250305056,0.,0.907070267847311));
#6699=DIRECTION('',(0.,0.,1.));
#6700=DIRECTION('',(1.,0.,0.));
#6701=DIRECTION('',(0.,0.,-1.));
#6702=DIRECTION('',(-1.,0.,0.));
#6703=DIRECTION('',(0.,0.,1.));
#6704=DIRECTION('',(1.,0.,0.));
#6705=DIRECTION('',(0.,1.,0.));
#6706=DIRECTION('',(0.,0.,1.));
#6707=DIRECTION('',(0.907070267847308,0.,0.420979250305063));
#6708=DIRECTION('',(0.420979250305063,0.,-0.907070267847308));
#6709=DIRECTION('',(0.,1.,0.));
#6710=DIRECTION('',(0.,0.,1.));
#6711=DIRECTION('',(0.,1.,0.));
#6712=DIRECTION('',(0.,0.,1.));
#6713=DIRECTION('',(0.,1.,0.));
#6714=DIRECTION('',(0.,0.,1.));
#6715=DIRECTION('',(0.907070267847309,0.,0.420979250305061));
#6716=DIRECTION('',(0.420979250305061,0.,-0.907070267847309));
#6717=DIRECTION('',(-0.90707026784731,0.,-0.420979250305058));
#6718=DIRECTION('',(-0.420979250305058,0.,0.90707026784731));
#6719=DIRECTION('',(-0.907070267847311,1.17787514258596E-15,-0.420979250305056));
#6720=DIRECTION('',(-0.420979250305056,0.,0.907070267847311));
#6721=DIRECTION('',(0.,1.,0.));
#6722=DIRECTION('',(0.,0.,1.));
#6723=DIRECTION('',(0.,1.,0.));
#6724=DIRECTION('',(0.,0.,1.));
#6725=DIRECTION('',(0.90707026784731,0.,0.420979250305058));
#6726=DIRECTION('',(0.420979250305058,0.,-0.90707026784731));
#6727=DIRECTION('',(-0.907070267847312,0.,-0.420979250305055));
#6728=DIRECTION('',(-0.420979250305055,0.,0.907070267847312));
#6729=DIRECTION('',(0.,1.,0.));
#6730=DIRECTION('',(0.,0.,1.));
#6731=DIRECTION('',(-1.,0.,0.));
#6732=DIRECTION('',(0.,0.,1.));
#6733=DIRECTION('',(0.,1.,0.));
#6734=DIRECTION('',(0.,0.,1.));
#6735=DIRECTION('',(1.,0.,0.));
#6736=DIRECTION('',(0.,0.,-1.));
#6737=DIRECTION('',(1.,0.,0.));
#6738=DIRECTION('',(0.,0.,-1.));
#6739=DIRECTION('',(0.,1.,0.));
#6740=DIRECTION('',(0.,0.,1.));
#6741=DIRECTION('',(-0.907070267847312,0.,-0.420979250305055));
#6742=DIRECTION('',(-0.420979250305055,0.,0.907070267847312));
#6743=DIRECTION('',(-1.,0.,0.));
#6744=DIRECTION('',(0.,0.,1.));
#6745=DIRECTION('',(-1.,0.,0.));
#6746=DIRECTION('',(0.,0.,1.));
#6747=DIRECTION('',(1.,0.,0.));
#6748=DIRECTION('',(0.,0.,-1.));
#6749=DIRECTION('',(0.90707026784731,0.,0.420979250305058));
#6750=DIRECTION('',(0.420979250305058,0.,-0.90707026784731));
#6751=DIRECTION('',(0.907070267847309,0.,0.420979250305061));
#6752=DIRECTION('',(0.420979250305061,0.,-0.907070267847309));
#6753=DIRECTION('',(0.,1.,0.));
#6754=DIRECTION('',(0.,0.,1.));
#6755=DIRECTION('',(0.,1.,0.));
#6756=DIRECTION('',(0.,0.,1.));
#6757=DIRECTION('',(-0.907070267847309,1.17787514258598E-15,-0.420979250305061));
#6758=DIRECTION('',(-0.420979250305061,0.,0.907070267847309));
#6759=DIRECTION('',(0.,1.,0.));
#6760=DIRECTION('',(0.,0.,1.));
#6761=DIRECTION('',(0.,0.,1.));
#6762=DIRECTION('',(1.,0.,0.));
#6763=DIRECTION('',(1.,0.,0.));
#6764=DIRECTION('',(0.,0.,-1.));
#6765=DIRECTION('',(1.,0.,0.));
#6766=DIRECTION('',(0.,0.,-1.));
#6767=DIRECTION('',(-1.,0.,0.));
#6768=DIRECTION('',(0.,0.,1.));
#6769=DIRECTION('',(0.,1.,0.));
#6770=DIRECTION('',(0.,0.,1.));
#6771=DIRECTION('',(0.,1.,0.));
#6772=DIRECTION('',(0.,0.,1.));
#6773=DIRECTION('',(-0.90707026784731,0.,-0.420979250305058));
#6774=DIRECTION('',(-0.420979250305058,0.,0.90707026784731));
#6775=DIRECTION('',(0.907070267847309,0.,0.420979250305061));
#6776=DIRECTION('',(0.420979250305061,0.,-0.907070267847309));
#6777=DIRECTION('',(0.,0.,-1.));
#6778=DIRECTION('',(-1.,0.,0.));
#6779=DIRECTION('',(0.,0.,-1.));
#6780=DIRECTION('',(-1.,0.,0.));
#6781=DIRECTION('',(0.,1.,0.));
#6782=DIRECTION('',(0.,0.,1.));
#6783=DIRECTION('',(-0.907070267847311,0.,-0.420979250305056));
#6784=DIRECTION('',(-0.420979250305056,0.,0.907070267847311));
#6785=DIRECTION('',(0.,1.,0.));
#6786=DIRECTION('',(0.,0.,1.));
#6787=DIRECTION('',(-0.907070267847309,0.,-0.420979250305061));
#6788=DIRECTION('',(-0.420979250305061,0.,0.907070267847309));
#6789=DIRECTION('',(0.,1.,0.));
#6790=DIRECTION('',(0.,0.,1.));
#6791=DIRECTION('',(0.,1.,0.));
#6792=DIRECTION('',(0.,0.,1.));
#6793=DIRECTION('',(-0.90707026784731,0.,-0.420979250305058));
#6794=DIRECTION('',(-0.420979250305058,0.,0.90707026784731));
#6795=DIRECTION('',(0.907070267847308,0.,0.420979250305063));
#6796=DIRECTION('',(0.420979250305063,0.,-0.907070267847308));
#6797=DIRECTION('',(0.90707026784731,0.,0.420979250305058));
#6798=DIRECTION('',(0.420979250305058,0.,-0.90707026784731));
#6799=DIRECTION('',(0.907070267847309,0.,0.420979250305061));
#6800=DIRECTION('',(0.420979250305061,0.,-0.907070267847309));
#6801=DIRECTION('',(0.,-1.,0.));
#6802=DIRECTION('',(0.,0.,-1.));
#6803=DIRECTION('',(0.,1.,0.));
#6804=DIRECTION('',(0.,0.,1.));
#6805=DIRECTION('',(0.,1.,0.));
#6806=DIRECTION('',(0.,0.,1.));
#6807=DIRECTION('',(0.,0.,1.));
#6808=DIRECTION('',(1.,0.,0.));
#6809=DIRECTION('',(0.,1.,0.));
#6810=DIRECTION('',(0.,0.,1.));
#6811=DIRECTION('',(0.,0.,-1.));
#6812=DIRECTION('',(-1.,0.,0.));
#6813=DIRECTION('',(0.,0.,1.));
#6814=DIRECTION('',(1.,0.,0.));
#6815=DIRECTION('',(0.,1.,0.));
#6816=DIRECTION('',(0.,0.,1.));
#6817=DIRECTION('',(-0.907070267847309,0.,-0.420979250305062));
#6818=DIRECTION('',(-0.420979250305062,0.,0.907070267847309));
#6819=DIRECTION('',(-1.,0.,0.));
#6820=DIRECTION('',(0.,0.,1.));
#6821=DIRECTION('',(-1.,0.,0.));
#6822=DIRECTION('',(0.,0.,1.));
#6823=DIRECTION('',(1.,0.,0.));
#6824=DIRECTION('',(0.,0.,-1.));
#6825=DIRECTION('',(0.90707026784731,0.,0.420979250305058));
#6826=DIRECTION('',(0.420979250305058,0.,-0.90707026784731));
#6827=DIRECTION('',(0.907070267847309,0.,0.420979250305061));
#6828=DIRECTION('',(0.420979250305061,0.,-0.907070267847309));
#6829=DIRECTION('',(0.,1.,0.));
#6830=DIRECTION('',(0.,0.,1.));
#6831=DIRECTION('',(0.,1.,0.));
#6832=DIRECTION('',(0.,0.,1.));
#6833=DIRECTION('',(-0.907070267847309,-1.17787514258598E-15,-0.420979250305061));
#6834=DIRECTION('',(-0.420979250305061,0.,0.907070267847309));
#6835=DIRECTION('',(0.,1.,0.));
#6836=DIRECTION('',(0.,0.,1.));
#6837=DIRECTION('',(0.,0.,1.));
#6838=DIRECTION('',(1.,0.,0.));
#6839=DIRECTION('',(1.,0.,0.));
#6840=DIRECTION('',(0.,0.,-1.));
#6841=DIRECTION('',(1.,0.,0.));
#6842=DIRECTION('',(0.,0.,-1.));
#6843=DIRECTION('',(-1.,0.,0.));
#6844=DIRECTION('',(0.,0.,1.));
#6845=DIRECTION('',(0.,1.,0.));
#6846=DIRECTION('',(0.,0.,1.));
#6847=DIRECTION('',(0.,1.,0.));
#6848=DIRECTION('',(0.,0.,1.));
#6849=DIRECTION('',(-0.90707026784731,0.,-0.420979250305058));
#6850=DIRECTION('',(-0.420979250305058,0.,0.90707026784731));
#6851=DIRECTION('',(0.907070267847309,0.,0.420979250305061));
#6852=DIRECTION('',(0.420979250305061,0.,-0.907070267847309));
#6853=DIRECTION('',(0.,0.,-1.));
#6854=DIRECTION('',(-1.,0.,0.));
#6855=DIRECTION('',(0.,0.,-1.));
#6856=DIRECTION('',(-1.,0.,0.));
#6857=DIRECTION('',(0.,1.,0.));
#6858=DIRECTION('',(0.,0.,1.));
#6859=DIRECTION('',(-0.907070267847309,0.,-0.420979250305061));
#6860=DIRECTION('',(-0.420979250305061,0.,0.907070267847309));
#6861=DIRECTION('',(0.,1.,0.));
#6862=DIRECTION('',(0.,0.,1.));
#6863=DIRECTION('',(-0.907070267847309,0.,-0.420979250305061));
#6864=DIRECTION('',(-0.420979250305061,0.,0.907070267847309));
#6865=DIRECTION('',(0.,1.,0.));
#6866=DIRECTION('',(0.,0.,1.));
#6867=DIRECTION('',(0.,1.,0.));
#6868=DIRECTION('',(0.,0.,1.));
#6869=DIRECTION('',(-0.90707026784731,0.,-0.420979250305058));
#6870=DIRECTION('',(-0.420979250305058,0.,0.90707026784731));
#6871=DIRECTION('',(0.907070267847308,0.,0.420979250305063));
#6872=DIRECTION('',(0.420979250305063,0.,-0.907070267847308));
#6873=DIRECTION('',(0.90707026784731,0.,0.420979250305058));
#6874=DIRECTION('',(0.420979250305058,0.,-0.90707026784731));
#6875=DIRECTION('',(0.907070267847309,0.,0.420979250305061));
#6876=DIRECTION('',(0.420979250305061,0.,-0.907070267847309));
#6877=DIRECTION('',(0.,-1.,0.));
#6878=DIRECTION('',(0.,0.,-1.));
#6879=DIRECTION('',(0.,1.,0.));
#6880=DIRECTION('',(0.,0.,1.));
#6881=DIRECTION('',(0.,1.,0.));
#6882=DIRECTION('',(0.,0.,1.));
#6883=DIRECTION('',(0.,0.,1.));
#6884=DIRECTION('',(1.,0.,0.));
#6885=DIRECTION('',(0.,1.,0.));
#6886=DIRECTION('',(0.,0.,1.));
#6887=DIRECTION('',(0.,0.,-1.));
#6888=DIRECTION('',(-1.,0.,0.));
#6889=DIRECTION('',(0.,0.,1.));
#6890=DIRECTION('',(1.,0.,0.));
#6891=DIRECTION('',(0.,1.,0.));
#6892=DIRECTION('',(0.,0.,1.));
#6893=DIRECTION('',(-0.907070267847309,0.,-0.420979250305061));
#6894=DIRECTION('',(-0.420979250305061,0.,0.907070267847309));
#6895=DIRECTION('',(-1.,0.,0.));
#6896=DIRECTION('',(0.,0.,1.));
#6897=DIRECTION('',(-1.,0.,0.));
#6898=DIRECTION('',(0.,0.,1.));
#6899=DIRECTION('',(1.,0.,0.));
#6900=DIRECTION('',(0.,0.,-1.));
#6901=DIRECTION('',(0.90707026784731,0.,0.420979250305058));
#6902=DIRECTION('',(0.420979250305058,0.,-0.90707026784731));
#6903=DIRECTION('',(0.907070267847309,0.,0.420979250305061));
#6904=DIRECTION('',(0.420979250305061,0.,-0.907070267847309));
#6905=DIRECTION('',(0.,1.,0.));
#6906=DIRECTION('',(0.,0.,1.));
#6907=DIRECTION('',(0.,1.,0.));
#6908=DIRECTION('',(0.,0.,1.));
#6909=DIRECTION('',(-0.907070267847309,2.35575028517195E-15,-0.420979250305061));
#6910=DIRECTION('',(-0.420979250305061,0.,0.907070267847309));
#6911=DIRECTION('',(0.,1.,0.));
#6912=DIRECTION('',(0.,0.,1.));
#6913=DIRECTION('',(0.,0.,1.));
#6914=DIRECTION('',(1.,0.,0.));
#6915=DIRECTION('',(1.,0.,0.));
#6916=DIRECTION('',(0.,0.,-1.));
#6917=DIRECTION('',(1.,0.,0.));
#6918=DIRECTION('',(0.,0.,-1.));
#6919=DIRECTION('',(-1.,0.,0.));
#6920=DIRECTION('',(0.,0.,1.));
#6921=DIRECTION('',(0.,1.,0.));
#6922=DIRECTION('',(0.,0.,1.));
#6923=DIRECTION('',(0.,1.,0.));
#6924=DIRECTION('',(0.,0.,1.));
#6925=DIRECTION('',(-0.90707026784731,0.,-0.420979250305058));
#6926=DIRECTION('',(-0.420979250305058,0.,0.90707026784731));
#6927=DIRECTION('',(0.907070267847308,0.,0.420979250305063));
#6928=DIRECTION('',(0.420979250305063,0.,-0.907070267847308));
#6929=DIRECTION('',(0.,0.,-1.));
#6930=DIRECTION('',(-1.,0.,0.));
#6931=DIRECTION('',(0.,0.,-1.));
#6932=DIRECTION('',(-1.,0.,0.));
#6933=DIRECTION('',(0.,1.,0.));
#6934=DIRECTION('',(0.,0.,1.));
#6935=DIRECTION('',(-0.907070267847309,3.53362542775793E-15,-0.420979250305061));
#6936=DIRECTION('',(-0.420979250305061,0.,0.907070267847309));
#6937=DIRECTION('',(0.,1.,0.));
#6938=DIRECTION('',(0.,0.,1.));
#6939=DIRECTION('',(-0.90707026784731,0.,-0.42097925030506));
#6940=DIRECTION('',(-0.42097925030506,0.,0.90707026784731));
#6941=DIRECTION('',(0.,1.,0.));
#6942=DIRECTION('',(0.,0.,1.));
#6943=DIRECTION('',(0.,1.,0.));
#6944=DIRECTION('',(0.,0.,1.));
#6945=DIRECTION('',(-0.90707026784731,0.,-0.420979250305058));
#6946=DIRECTION('',(-0.420979250305058,0.,0.90707026784731));
#6947=DIRECTION('',(0.907070267847307,0.,0.420979250305065));
#6948=DIRECTION('',(0.420979250305065,0.,-0.907070267847307));
#6949=DIRECTION('',(0.90707026784731,0.,0.420979250305058));
#6950=DIRECTION('',(0.420979250305058,0.,-0.90707026784731));
#6951=DIRECTION('',(0.907070267847309,0.,0.420979250305061));
#6952=DIRECTION('',(0.420979250305061,0.,-0.907070267847309));
#6953=DIRECTION('',(0.,-1.,0.));
#6954=DIRECTION('',(0.,0.,-1.));
#6955=DIRECTION('',(0.,1.,0.));
#6956=DIRECTION('',(0.,0.,1.));
#6957=DIRECTION('',(0.,1.,0.));
#6958=DIRECTION('',(0.,0.,1.));
#6959=DIRECTION('',(0.,0.,1.));
#6960=DIRECTION('',(1.,0.,0.));
#6961=DIRECTION('',(0.,1.,0.));
#6962=DIRECTION('',(0.,0.,1.));
#6963=DIRECTION('',(0.,0.,-1.));
#6964=DIRECTION('',(-1.,0.,0.));
#6965=DIRECTION('',(0.,0.,1.));
#6966=DIRECTION('',(1.,0.,0.));
#6967=DIRECTION('',(0.,1.,0.));
#6968=DIRECTION('',(0.,0.,1.));
#6969=DIRECTION('',(0.,0.,-1.));
#6970=DIRECTION('',(-1.,0.,0.));
#6971=DIRECTION('',(-0.907070267847311,-1.17787514258596E-15,-0.420979250305056));
#6972=DIRECTION('',(-0.420979250305056,0.,0.907070267847311));
#6973=DIRECTION('',(-0.90707026784731,0.,-0.420979250305058));
#6974=DIRECTION('',(-0.420979250305058,0.,0.90707026784731));
#6975=DIRECTION('',(0.907070267847309,0.,0.420979250305061));
#6976=DIRECTION('',(0.420979250305061,0.,-0.907070267847309));
#6977=DIRECTION('',(0.,0.,1.));
#6978=DIRECTION('',(1.,0.,0.));
#6979=DIRECTION('',(0.,0.,1.));
#6980=DIRECTION('',(1.,0.,0.));
#6981=DIRECTION('',(0.,1.,0.));
#6982=DIRECTION('',(0.,0.,1.));
#6983=DIRECTION('',(1.,0.,0.));
#6984=DIRECTION('',(0.,0.,-1.));
#6985=DIRECTION('',(0.,1.,0.));
#6986=DIRECTION('',(0.,0.,1.));
#6987=DIRECTION('',(-0.907070267847312,0.,-0.420979250305054));
#6988=DIRECTION('',(-0.420979250305054,0.,0.907070267847312));
#6989=DIRECTION('',(1.,0.,0.));
#6990=DIRECTION('',(0.,0.,-1.));
#6991=DIRECTION('',(-1.,0.,0.));
#6992=DIRECTION('',(0.,0.,1.));
#6993=DIRECTION('',(0.90707026784731,0.,0.420979250305058));
#6994=DIRECTION('',(0.420979250305058,0.,-0.90707026784731));
#6995=DIRECTION('',(0.907070267847309,0.,0.420979250305061));
#6996=DIRECTION('',(0.420979250305061,0.,-0.907070267847309));
#6997=DIRECTION('',(0.,1.,0.));
#6998=DIRECTION('',(0.,0.,1.));
#6999=DIRECTION('',(0.,1.,0.));
#7000=DIRECTION('',(0.,0.,1.));
#7001=DIRECTION('',(0.,1.,0.));
#7002=DIRECTION('',(0.,0.,1.));
#7003=DIRECTION('',(0.,1.,0.));
#7004=DIRECTION('',(0.,0.,1.));
#7005=DIRECTION('',(-1.,0.,0.));
#7006=DIRECTION('',(0.,0.,1.));
#7007=DIRECTION('',(1.,0.,0.));
#7008=DIRECTION('',(0.,0.,-1.));
#7009=DIRECTION('',(-1.,0.,0.));
#7010=DIRECTION('',(0.,0.,1.));
#7011=DIRECTION('',(0.,1.,0.));
#7012=DIRECTION('',(0.,0.,1.));
#7013=DIRECTION('',(0.90707026784731,0.,0.420979250305059));
#7014=DIRECTION('',(0.420979250305059,0.,-0.90707026784731));
#7015=DIRECTION('',(0.,1.,0.));
#7016=DIRECTION('',(0.,0.,1.));
#7017=DIRECTION('',(0.907070267847309,0.,0.420979250305061));
#7018=DIRECTION('',(0.420979250305061,0.,-0.907070267847309));
#7019=DIRECTION('',(-0.90707026784731,0.,-0.420979250305058));
#7020=DIRECTION('',(-0.420979250305058,0.,0.90707026784731));
#7021=DIRECTION('',(-0.907070267847311,2.72010806320002E-15,-0.420979250305056));
#7022=DIRECTION('',(-0.420979250305056,0.,0.907070267847311));
#7023=DIRECTION('',(0.90707026784731,0.,0.420979250305058));
#7024=DIRECTION('',(0.420979250305058,0.,-0.90707026784731));
#7025=DIRECTION('',(-0.907070267847312,0.,-0.420979250305055));
#7026=DIRECTION('',(-0.420979250305055,0.,0.907070267847312));
#7027=DIRECTION('',(0.,1.,0.));
#7028=DIRECTION('',(0.,0.,1.));
#7029=DIRECTION('',(0.,0.,1.));
#7030=DIRECTION('',(1.,0.,0.));
#7031=DIRECTION('',(0.,1.,0.));
#7032=DIRECTION('',(0.,0.,1.));
#7033=DIRECTION('',(0.,0.,-1.));
#7034=DIRECTION('',(-1.,0.,0.));
#7035=DIRECTION('',(0.,0.,-1.));
#7036=DIRECTION('',(-1.,0.,0.));
#7037=DIRECTION('',(0.,1.,0.));
#7038=DIRECTION('',(0.,0.,1.));
#7039=DIRECTION('',(0.,0.,-1.));
#7040=DIRECTION('',(-1.,0.,0.));
#7041=DIRECTION('',(-0.907070267847311,0.,-0.420979250305056));
#7042=DIRECTION('',(-0.420979250305056,0.,0.907070267847311));
#7043=DIRECTION('',(-0.90707026784731,0.,-0.420979250305058));
#7044=DIRECTION('',(-0.420979250305058,0.,0.90707026784731));
#7045=DIRECTION('',(0.907070267847309,0.,0.420979250305061));
#7046=DIRECTION('',(0.420979250305061,0.,-0.907070267847309));
#7047=DIRECTION('',(0.,0.,1.));
#7048=DIRECTION('',(1.,0.,0.));
#7049=DIRECTION('',(0.,0.,1.));
#7050=DIRECTION('',(1.,0.,0.));
#7051=DIRECTION('',(0.,1.,0.));
#7052=DIRECTION('',(0.,0.,1.));
#7053=DIRECTION('',(1.,0.,0.));
#7054=DIRECTION('',(0.,0.,-1.));
#7055=DIRECTION('',(0.,1.,0.));
#7056=DIRECTION('',(0.,0.,1.));
#7057=DIRECTION('',(-0.907070267847311,0.,-0.420979250305056));
#7058=DIRECTION('',(-0.420979250305056,0.,0.907070267847311));
#7059=DIRECTION('',(1.,0.,0.));
#7060=DIRECTION('',(0.,0.,-1.));
#7061=DIRECTION('',(-1.,0.,0.));
#7062=DIRECTION('',(0.,0.,1.));
#7063=DIRECTION('',(0.90707026784731,0.,0.420979250305058));
#7064=DIRECTION('',(0.420979250305058,0.,-0.90707026784731));
#7065=DIRECTION('',(0.907070267847309,0.,0.420979250305061));
#7066=DIRECTION('',(0.420979250305061,0.,-0.907070267847309));
#7067=DIRECTION('',(0.,1.,0.));
#7068=DIRECTION('',(0.,0.,1.));
#7069=DIRECTION('',(0.,1.,0.));
#7070=DIRECTION('',(0.,0.,1.));
#7071=DIRECTION('',(0.,1.,0.));
#7072=DIRECTION('',(0.,0.,1.));
#7073=DIRECTION('',(0.,1.,0.));
#7074=DIRECTION('',(0.,0.,1.));
#7075=DIRECTION('',(-1.,0.,0.));
#7076=DIRECTION('',(0.,0.,1.));
#7077=DIRECTION('',(1.,0.,0.));
#7078=DIRECTION('',(0.,0.,-1.));
#7079=DIRECTION('',(-1.,0.,0.));
#7080=DIRECTION('',(0.,0.,1.));
#7081=DIRECTION('',(0.,1.,0.));
#7082=DIRECTION('',(0.,0.,1.));
#7083=DIRECTION('',(0.907070267847309,0.,0.420979250305061));
#7084=DIRECTION('',(0.420979250305061,0.,-0.907070267847309));
#7085=DIRECTION('',(0.,1.,0.));
#7086=DIRECTION('',(0.,0.,1.));
#7087=DIRECTION('',(0.907070267847309,0.,0.420979250305061));
#7088=DIRECTION('',(0.420979250305061,0.,-0.907070267847309));
#7089=DIRECTION('',(-0.90707026784731,0.,-0.420979250305058));
#7090=DIRECTION('',(-0.420979250305058,0.,0.90707026784731));
#7091=DIRECTION('',(-0.907070267847311,0.,-0.420979250305056));
#7092=DIRECTION('',(-0.420979250305056,0.,0.907070267847311));
#7093=DIRECTION('',(0.90707026784731,0.,0.420979250305058));
#7094=DIRECTION('',(0.420979250305058,0.,-0.90707026784731));
#7095=DIRECTION('',(-0.907070267847311,0.,-0.420979250305056));
#7096=DIRECTION('',(-0.420979250305056,0.,0.907070267847311));
#7097=DIRECTION('',(0.,1.,0.));
#7098=DIRECTION('',(0.,0.,1.));
#7099=DIRECTION('',(0.,0.,1.));
#7100=DIRECTION('',(1.,0.,0.));
#7101=DIRECTION('',(0.,1.,0.));
#7102=DIRECTION('',(0.,0.,1.));
#7103=DIRECTION('',(0.,0.,-1.));
#7104=DIRECTION('',(-1.,0.,0.));
#7105=DIRECTION('',(0.,0.,-1.));
#7106=DIRECTION('',(-1.,0.,0.));
#7107=DIRECTION('',(0.,1.,0.));
#7108=DIRECTION('',(0.,0.,1.));
#7109=DIRECTION('',(0.,0.,-1.));
#7110=DIRECTION('',(-1.,0.,0.));
#7111=DIRECTION('',(-0.907070267847311,0.,-0.420979250305056));
#7112=DIRECTION('',(-0.420979250305056,0.,0.907070267847311));
#7113=DIRECTION('',(-0.90707026784731,0.,-0.420979250305058));
#7114=DIRECTION('',(-0.420979250305058,0.,0.90707026784731));
#7115=DIRECTION('',(0.907070267847309,0.,0.420979250305061));
#7116=DIRECTION('',(0.420979250305061,0.,-0.907070267847309));
#7117=DIRECTION('',(0.,0.,1.));
#7118=DIRECTION('',(1.,0.,0.));
#7119=DIRECTION('',(0.,0.,1.));
#7120=DIRECTION('',(1.,0.,0.));
#7121=DIRECTION('',(0.,1.,0.));
#7122=DIRECTION('',(0.,0.,1.));
#7123=DIRECTION('',(1.,0.,0.));
#7124=DIRECTION('',(0.,0.,-1.));
#7125=DIRECTION('',(0.,1.,0.));
#7126=DIRECTION('',(0.,0.,1.));
#7127=DIRECTION('',(-0.907070267847311,0.,-0.420979250305056));
#7128=DIRECTION('',(-0.420979250305056,0.,0.907070267847311));
#7129=DIRECTION('',(1.,0.,0.));
#7130=DIRECTION('',(0.,0.,-1.));
#7131=DIRECTION('',(-1.,0.,0.));
#7132=DIRECTION('',(0.,0.,1.));
#7133=DIRECTION('',(0.90707026784731,0.,0.420979250305058));
#7134=DIRECTION('',(0.420979250305058,0.,-0.90707026784731));
#7135=DIRECTION('',(0.907070267847309,2.35575028517195E-15,0.420979250305061));
#7136=DIRECTION('',(0.420979250305061,0.,-0.907070267847309));
#7137=DIRECTION('',(0.,0.,-1.));
#7138=DIRECTION('',(-1.,0.,0.));
#7139=DIRECTION('',(0.,0.,-1.));
#7140=DIRECTION('',(-1.,0.,0.));
#7141=DIRECTION('',(0.,0.,1.));
#7142=DIRECTION('',(1.,0.,0.));
#7143=DIRECTION('',(0.,1.,0.));
#7144=DIRECTION('',(0.,0.,1.));
#7145=DIRECTION('',(0.,1.,0.));
#7146=DIRECTION('',(0.,0.,1.));
#7147=DIRECTION('',(0.,1.,0.));
#7148=DIRECTION('',(0.,0.,1.));
#7149=DIRECTION('',(-0.907070267847311,0.,-0.420979250305056));
#7150=DIRECTION('',(-0.420979250305056,0.,0.907070267847311));
#7151=DIRECTION('',(0.,1.,0.));
#7152=DIRECTION('',(0.,0.,1.));
#7153=DIRECTION('',(-0.907070267847312,0.,-0.420979250305054));
#7154=DIRECTION('',(-0.420979250305054,0.,0.907070267847312));
#7155=DIRECTION('',(0.,1.,0.));
#7156=DIRECTION('',(0.,0.,1.));
#7157=DIRECTION('',(0.,1.,0.));
#7158=DIRECTION('',(0.,0.,1.));
#7159=DIRECTION('',(-0.90707026784731,0.,-0.420979250305058));
#7160=DIRECTION('',(-0.420979250305058,0.,0.90707026784731));
#7161=DIRECTION('',(0.907070267847308,0.,0.420979250305063));
#7162=DIRECTION('',(0.420979250305063,0.,-0.907070267847308));
#7163=DIRECTION('',(0.90707026784731,0.,0.420979250305058));
#7164=DIRECTION('',(0.420979250305058,0.,-0.90707026784731));
#7165=DIRECTION('',(0.907070267847309,0.,0.420979250305061));
#7166=DIRECTION('',(0.420979250305061,0.,-0.907070267847309));
#7167=DIRECTION('',(0.,1.,0.));
#7168=DIRECTION('',(0.,0.,1.));
#7169=DIRECTION('',(-1.,0.,0.));
#7170=DIRECTION('',(0.,0.,1.));
#7171=DIRECTION('',(0.,1.,0.));
#7172=DIRECTION('',(0.,0.,1.));
#7173=DIRECTION('',(1.,0.,0.));
#7174=DIRECTION('',(0.,0.,-1.));
#7175=DIRECTION('',(-1.,0.,0.));
#7176=DIRECTION('',(0.,0.,1.));
#7177=DIRECTION('',(0.,0.,-1.));
#7178=DIRECTION('',(1.,0.,0.));
#7179=DIRECTION('',(0.,-1.,0.));
#7180=DIRECTION('',(1.,0.,0.));
#7181=DIRECTION('',(1.,0.,0.));
#7182=DIRECTION('',(-0.707106781186547,0.,-0.707106781186548));
#7183=DIRECTION('',(0.,1.,0.));
#7184=DIRECTION('',(0.,1.,0.));
#7185=DIRECTION('',(0.707106781186548,0.,-0.707106781186547));
#7186=DIRECTION('',(0.707106781186547,0.,0.707106781186548));
#7187=DIRECTION('',(0.707106781186548,0.,-0.707106781186547));
#7188=DIRECTION('',(0.707106781186548,0.,-0.707106781186547));
#7189=DIRECTION('',(0.,-1.,0.));
#7190=DIRECTION('',(-0.707106781186548,0.,0.707106781186547));
#7191=DIRECTION('',(1.,0.,0.));
#7192=DIRECTION('',(0.,0.,1.));
#7193=DIRECTION('',(-1.,0.,0.));
#7194=DIRECTION('',(0.,0.,1.));
#7195=DIRECTION('',(1.,0.,0.));
#7196=DIRECTION('',(0.,0.,1.));
#7197=DIRECTION('',(-1.,0.,0.));
#7198=DIRECTION('',(0.,0.,1.));
#7199=DIRECTION('',(1.,0.,0.));
#7200=DIRECTION('',(0.,1.,0.));
#7201=DIRECTION('',(0.,0.,1.));
#7202=DIRECTION('',(1.,0.,0.));
#7203=DIRECTION('',(1.,0.,0.));
#7204=DIRECTION('',(0.,-1.,0.));
#7205=DIRECTION('',(1.,0.,0.));
#7206=DIRECTION('',(-0.707106781186547,0.,0.707106781186548));
#7207=DIRECTION('',(0.,1.,0.));
#7208=DIRECTION('',(-0.707106781186547,0.,0.707106781186548));
#7209=DIRECTION('',(0.707106781186548,0.,0.707106781186547));
#7210=DIRECTION('',(0.707106781186548,0.,0.707106781186547));
#7211=DIRECTION('',(0.,1.,0.));
#7212=DIRECTION('',(-0.707106781186548,0.,-0.707106781186547));
#7213=DIRECTION('',(0.,-1.,0.));
#7214=DIRECTION('',(0.707106781186548,0.,0.707106781186547));
#7215=DIRECTION('',(1.,0.,0.));
#7216=DIRECTION('',(0.,0.,-1.));
#7217=DIRECTION('',(1.,0.,0.));
#7218=DIRECTION('',(0.,0.,-1.));
#7219=DIRECTION('',(1.,0.,0.));
#7220=DIRECTION('',(0.,0.,-1.));
#7221=DIRECTION('',(1.,0.,0.));
#7222=DIRECTION('',(0.,0.,-1.));
#7223=DIRECTION('',(1.,0.,0.));
#7224=DIRECTION('',(0.,1.,0.));
#7225=DIRECTION('',(0.,-1.,0.));
#7226=DIRECTION('',(0.,0.,-1.));
#7227=DIRECTION('',(0.,-1.,0.));
#7228=DIRECTION('',(0.,0.,-1.));
#7229=DIRECTION('',(0.,-1.,0.));
#7230=DIRECTION('',(0.,0.,-1.));
#7231=DIRECTION('',(0.,-1.,0.));
#7232=DIRECTION('',(0.,0.,-1.));
#7233=DIRECTION('',(-1.,0.,0.));
#7234=DIRECTION('',(0.,0.,1.));
#7235=DIRECTION('',(-1.,0.,1.55059081651558E-14));
#7236=DIRECTION('',(1.55059081651558E-14,0.,1.));
#7237=DIRECTION('',(-7.75295408257791E-15,-1.,0.));
#7238=DIRECTION('',(1.,-7.75295408257791E-15,0.));
#7239=DIRECTION('',(0.707106781186548,-1.64464992180563E-14,0.707106781186548));
#7240=DIRECTION('',(0.707106781186548,0.,-0.707106781186548));
#7241=DIRECTION('',(0.,-1.,0.));
#7242=DIRECTION('',(0.,0.,-1.));
#7243=DIRECTION('',(1.,0.,0.));
#7244=DIRECTION('',(0.,0.,-1.));
#7245=DIRECTION('',(-1.,-7.75295408257791E-15,0.));
#7246=DIRECTION('',(7.75295408257791E-15,-1.,0.));
#7247=DIRECTION('',(0.,-1.,0.));
#7248=DIRECTION('',(0.,0.,-1.));
#7249=DIRECTION('',(0.,1.,0.));
#7250=DIRECTION('',(0.,0.,1.));
#7251=DIRECTION('',(0.707106781186548,0.,0.707106781186547));
#7252=DIRECTION('',(0.707106781186547,0.,-0.707106781186548));
#7253=DIRECTION('',(-0.707106781186548,0.,-0.707106781186548));
#7254=DIRECTION('',(-0.707106781186548,0.,0.707106781186548));
#7255=DIRECTION('',(0.,1.,0.));
#7256=DIRECTION('',(0.,0.,1.));
#7257=DIRECTION('',(0.707106781186555,0.,0.70710678118654));
#7258=DIRECTION('',(0.70710678118654,0.,-0.707106781186555));
#7259=DIRECTION('',(0.,1.,0.));
#7260=DIRECTION('',(0.,0.,1.));
#7261=DIRECTION('',(0.,1.,0.));
#7262=DIRECTION('',(0.,0.,1.));
#7263=DIRECTION('',(1.,0.,0.));
#7264=DIRECTION('',(0.,0.,-1.));
#7265=DIRECTION('',(0.707106781186548,0.,0.707106781186547));
#7266=DIRECTION('',(0.707106781186547,0.,-0.707106781186548));
#7267=DIRECTION('',(-0.707106781186548,0.,-0.707106781186548));
#7268=DIRECTION('',(-0.707106781186548,0.,0.707106781186548));
#7269=DIRECTION('',(0.,-1.,0.));
#7270=DIRECTION('',(0.,0.,-1.));
#7271=DIRECTION('',(0.,1.,0.));
#7272=DIRECTION('',(0.,0.,1.));
#7273=DIRECTION('',(-1.,0.,0.));
#7274=DIRECTION('',(0.,0.,1.));
#7275=DIRECTION('',(-1.,0.,0.));
#7276=DIRECTION('',(0.,0.,1.));
#7277=DIRECTION('',(0.,1.,0.));
#7278=DIRECTION('',(0.,0.,1.));
#7279=DIRECTION('',(1.,0.,0.));
#7280=DIRECTION('',(0.,0.,-1.));
#7281=DIRECTION('',(0.,0.,1.));
#7282=DIRECTION('',(1.,0.,0.));
#7283=DIRECTION('',(0.,0.,1.));
#7284=DIRECTION('',(1.,0.,0.));
#7285=DIRECTION('',(0.,-1.,0.));
#7286=DIRECTION('',(0.,0.,-1.));
#7287=DIRECTION('',(1.,0.,0.));
#7288=DIRECTION('',(0.,0.,-1.));
#7289=DIRECTION('',(-1.,0.,0.));
#7290=DIRECTION('',(0.,0.,1.));
#7291=DIRECTION('',(0.,1.,0.));
#7292=DIRECTION('',(0.,0.,1.));
#7293=DIRECTION('',(0.,1.,0.));
#7294=DIRECTION('',(0.,0.,1.));
#7295=DIRECTION('',(0.,-1.,0.));
#7296=DIRECTION('',(0.,0.,-1.));
#7297=DIRECTION('',(0.,-1.,0.));
#7298=DIRECTION('',(0.,0.,-1.));
#7299=DIRECTION('',(0.,0.,-1.));
#7300=DIRECTION('',(-1.,0.,0.));
#7301=DIRECTION('',(0.,0.,-1.));
#7302=DIRECTION('',(-1.,0.,0.));
#7303=DIRECTION('',(0.,0.,1.));
#7304=DIRECTION('',(1.,0.,0.));
#7305=DIRECTION('',(0.,0.,1.));
#7306=DIRECTION('',(1.,0.,0.));
#7307=DIRECTION('',(0.,-1.,0.));
#7308=DIRECTION('',(0.,0.,-1.));
#7309=DIRECTION('',(-0.44721359549996,0.,0.894427190999915));
#7310=DIRECTION('',(0.894427190999915,0.,0.44721359549996));
#7311=DIRECTION('',(0.,0.,1.));
#7312=DIRECTION('',(1.,0.,0.));
#7313=DIRECTION('',(0.,0.,-1.));
#7314=DIRECTION('',(-1.,0.,0.));
#7315=DIRECTION('',(0.,-1.,0.));
#7316=DIRECTION('',(0.,0.,-1.));
#7317=DIRECTION('',(0.,1.,0.));
#7318=DIRECTION('',(0.,0.,1.));
#7319=DIRECTION('',(0.,1.,0.));
#7320=DIRECTION('',(0.,0.,1.));
#7321=DIRECTION('',(0.,-1.,0.));
#7322=DIRECTION('',(0.,0.,-1.));
#7323=DIRECTION('',(0.447213595499958,0.,-0.894427190999916));
#7324=DIRECTION('',(-0.894427190999916,0.,-0.447213595499958));
#7325=DIRECTION('',(0.447213595499958,0.,-0.894427190999916));
#7326=DIRECTION('',(-0.894427190999916,0.,-0.447213595499958));
#7327=DIRECTION('',(0.,1.,0.));
#7328=DIRECTION('',(0.,0.,1.));
#7329=DIRECTION('',(-0.44721359549996,0.,0.894427190999915));
#7330=DIRECTION('',(0.894427190999915,0.,0.44721359549996));
#7331=DIRECTION('',(0.,-1.,0.));
#7332=DIRECTION('',(0.,0.,-1.));
#7333=DIRECTION('',(-1.,0.,0.));
#7334=DIRECTION('',(0.,0.,1.));
#7335=DIRECTION('',(0.447213595499958,0.,-0.894427190999916));
#7336=DIRECTION('',(-0.894427190999916,0.,-0.447213595499958));
#7337=DIRECTION('',(0.447213595499958,0.,-0.894427190999916));
#7338=DIRECTION('',(-0.894427190999916,0.,-0.447213595499958));
#7339=DIRECTION('',(0.,1.,0.));
#7340=DIRECTION('',(0.,0.,1.));
#7341=DIRECTION('',(1.35438534024053E-16,1.,0.));
#7342=DIRECTION('',(-1.,1.35438534024053E-16,0.));
#7343=DIRECTION('',(1.,0.,0.));
#7344=DIRECTION('',(0.,0.,-1.));
#7345=DIRECTION('',(1.,0.,0.));
#7346=DIRECTION('',(0.,0.,-1.));
#7347=DIRECTION('',(0.,1.,0.));
#7348=DIRECTION('',(0.,0.,1.));
#7349=DIRECTION('',(-1.,0.,0.));
#7350=DIRECTION('',(0.,0.,1.));
#7351=DIRECTION('',(0.,1.,0.));
#7352=DIRECTION('',(0.,0.,1.));
#7353=DIRECTION('',(0.,1.,0.));
#7354=DIRECTION('',(0.,0.,1.));
#7355=DIRECTION('',(-0.707106781186548,0.,0.707106781186548));
#7356=DIRECTION('',(0.707106781186548,0.,0.707106781186548));
#7357=DIRECTION('',(-1.,0.,0.));
#7358=DIRECTION('',(0.,0.,1.));
#7359=DIRECTION('',(1.,0.,0.));
#7360=DIRECTION('',(0.,0.,-1.));
#7361=DIRECTION('',(0.,1.,0.));
#7362=DIRECTION('',(0.,0.,1.));
#7363=DIRECTION('',(0.,1.,0.));
#7364=DIRECTION('',(0.,0.,1.));
#7365=DIRECTION('',(0.707106781186548,0.,-0.707106781186547));
#7366=DIRECTION('',(-0.707106781186547,0.,-0.707106781186548));
#7367=DIRECTION('',(0.707106781186548,0.,-0.707106781186548));
#7368=DIRECTION('',(-0.707106781186548,0.,-0.707106781186548));
#7369=DIRECTION('',(-1.,0.,0.));
#7370=DIRECTION('',(0.,0.,1.));
#7371=DIRECTION('',(-1.,0.,0.));
#7372=DIRECTION('',(0.,0.,1.));
#7373=DIRECTION('',(0.,1.,0.));
#7374=DIRECTION('',(0.,0.,1.));
#7375=DIRECTION('',(-0.707106781186548,0.,0.707106781186548));
#7376=DIRECTION('',(0.707106781186548,0.,0.707106781186548));
#7377=DIRECTION('',(0.,-1.,0.));
#7378=DIRECTION('',(0.,0.,-1.));
#7379=DIRECTION('',(0.,-1.,0.));
#7380=DIRECTION('',(0.,0.,-1.));
#7381=DIRECTION('',(0.707106781186548,0.,-0.707106781186547));
#7382=DIRECTION('',(-0.707106781186547,0.,-0.707106781186548));
#7383=DIRECTION('',(0.707106781186548,0.,-0.707106781186548));
#7384=DIRECTION('',(-0.707106781186548,0.,-0.707106781186548));
#7385=DIRECTION('',(0.,-1.,0.));
#7386=DIRECTION('',(0.,0.,-1.));
#7387=DIRECTION('',(0.,1.,0.));
#7388=DIRECTION('',(0.,0.,1.));
#7389=DIRECTION('',(0.,1.,0.));
#7390=DIRECTION('',(0.,0.,1.));
#7391=DIRECTION('',(-1.,0.,0.));
#7392=DIRECTION('',(0.,0.,1.));
#7393=DIRECTION('',(1.,0.,0.));
#7394=DIRECTION('',(0.,0.,-1.));
#7395=CARTESIAN_POINT('',(0.,0.,0.));
#7396=CARTESIAN_POINT('',(0.106002668094635,-0.0350651637688279,0.1223));
#7397=CARTESIAN_POINT('',(0.216022451635974,0.00250483623117208,0.1223));
#7398=CARTESIAN_POINT('',(0.216022451635974,-0.0139151637688279,0.1223));
#7399=CARTESIAN_POINT('',(0.216022451635974,-0.00107516376882791,0.1223));
#7400=CARTESIAN_POINT('',(0.106002668094635,-0.00107516376882791,0.1223));
#7401=CARTESIAN_POINT('',(0.0633052920269966,-0.00107516376882791,0.1223));
#7402=CARTESIAN_POINT('',(0.0633052920269966,-0.0174951637688279,0.1223));
#7403=CARTESIAN_POINT('',(0.0633052920269966,-0.0139151637688279,0.1223));
#7404=CARTESIAN_POINT('',(0.21750533618927,-0.0139151637688279,0.1223));
#7405=CARTESIAN_POINT('',(0.106002668094635,-0.0350651637688279,0.0423));
#7406=CARTESIAN_POINT('',(0.0986252920269966,-0.00449854461476207,0.0423));
#7407=CARTESIAN_POINT('',(0.0986252920269966,-0.00449854461476207,0.0423));
#7408=CARTESIAN_POINT('',(0.0919378537067212,-0.00449854461476207,0.0423));
#7409=CARTESIAN_POINT('',(0.0919378537067212,0.00250483623117208,0.0423));
#7410=CARTESIAN_POINT('',(0.0919378537067212,-0.00107516376882791,0.0423));
#7411=CARTESIAN_POINT('',(0.21750533618927,-0.00107516376882791,0.0423));
#7412=CARTESIAN_POINT('',(0.216022451635974,-0.00107516376882791,0.0423));
#7413=CARTESIAN_POINT('',(0.216022451635974,-0.0350651637688279,0.0423));
#7414=CARTESIAN_POINT('',(0.216022451635974,-0.0139151637688279,0.0423));
#7415=CARTESIAN_POINT('',(0.106002668094635,-0.0139151637688279,0.0423));
#7416=CARTESIAN_POINT('',(0.0919378537067212,-0.0139151637688279,0.0423));
#7417=CARTESIAN_POINT('',(0.0919378537067212,-0.0105385446147621,0.0423));
#7418=CARTESIAN_POINT('',(0.0919378537067212,-0.0105385446147621,0.0423));
#7419=CARTESIAN_POINT('',(0.0986252920269966,-0.0105385446147621,0.0423));
#7420=CARTESIAN_POINT('',(0.0986252920269966,-0.0105385446147621,0.0423));
#7421=CARTESIAN_POINT('',(0.0986252920269966,-0.000995163768827914,0.0423));
#7422=CARTESIAN_POINT('',(0.0797252920269966,-0.0174951637688279,0.1223));
#7423=CARTESIAN_POINT('',(0.0681722760200501,-0.017495163768828,0.105677515268326));
#7424=CARTESIAN_POINT('',(0.0681722760200501,-0.017495163768828,0.107457402194952));
#7425=CARTESIAN_POINT('',(0.0881598740816116,-0.017495163768828,0.105677515268326));
#7426=CARTESIAN_POINT('',(0.0881598740816116,-0.017495163768828,0.107424191949652));
#7427=CARTESIAN_POINT('',(0.22700533618927,-0.0174951637688279,0.0566069497179127));
#7428=CARTESIAN_POINT('',(0.22948533618927,-0.0174951637688279,0.0566069497179127));
#7429=CARTESIAN_POINT('',(0.225961307648513,-0.0174951637688279,0.058856483982174));
#7430=CARTESIAN_POINT('',(0.22948533618927,-0.0174951637688279,0.0523));
#7431=CARTESIAN_POINT('',(0.22948533618927,-0.0174951637688279,0.05478));
#7432=CARTESIAN_POINT('',(0.22452533618927,-0.0174951637688279,0.05478));
#7433=CARTESIAN_POINT('',(0.22452533618927,-0.0174951637688279,0.04982));
#7434=CARTESIAN_POINT('',(0.0797252920269966,-0.0174951637688279,0.04982));
#7435=CARTESIAN_POINT('',(0.217725292026996,-0.0174951637688279,0.04982));
#7436=CARTESIAN_POINT('',(0.217725292026996,-0.0174951637688279,0.0523));
#7437=CARTESIAN_POINT('',(0.21668126348624,-0.0174951637688279,0.0545495342642613));
#7438=CARTESIAN_POINT('',(0.225961307648513,-0.0174951637688279,0.058856483982174));
#7439=CARTESIAN_POINT('',(0.169725292026996,-0.0174951637688279,0.0523));
#7440=CARTESIAN_POINT('',(0.16868126348624,-0.0174951637688279,0.0545495342642613));
#7441=CARTESIAN_POINT('',(0.169725292026996,-0.0174951637688279,0.04982));
#7442=CARTESIAN_POINT('',(0.225961307648513,-0.0174951637688279,0.0811337040950088));
#7443=CARTESIAN_POINT('',(0.225961307648513,-0.0174951637688279,0.0811337040950088));
#7444=CARTESIAN_POINT('',(0.22700533618927,-0.0174951637688279,0.0788841698307475));
#7445=CARTESIAN_POINT('',(0.22948533618927,-0.0174951637688279,0.0788841698307475));
#7446=CARTESIAN_POINT('',(0.22948533618927,-0.0174951637688279,0.0733148648025387));
#7447=CARTESIAN_POINT('',(0.22948533618927,-0.0174951637688279,0.0748979521444393));
#7448=CARTESIAN_POINT('',(0.22452533618927,-0.0174951637688279,0.0748979521444393));
#7449=CARTESIAN_POINT('',(0.226613393270783,-0.0174951637688279,0.0703988836159166));
#7450=CARTESIAN_POINT('',(0.125576163838135,-0.0174951637688279,0.0235066211229557));
#7451=CARTESIAN_POINT('',(0.183265897575989,-0.0174951637688279,0.0502809314714773));
#7452=CARTESIAN_POINT('',(0.181177840494477,-0.0174951637688279,0.05478));
#7453=CARTESIAN_POINT('',(0.181177840494477,-0.0174951637688279,0.04982));
#7454=CARTESIAN_POINT('',(0.0797252920269966,-0.0174951637688279,0.04982));
#7455=CARTESIAN_POINT('',(0.121725292026996,-0.0174951637688279,0.0523));
#7456=CARTESIAN_POINT('',(0.12068126348624,-0.0174951637688279,0.0545495342642613));
#7457=CARTESIAN_POINT('',(0.121725292026996,-0.0174951637688279,0.04982));
#7458=CARTESIAN_POINT('',(0.225961307648513,-0.0174951637688279,0.103410924207844));
#7459=CARTESIAN_POINT('',(0.225961307648513,-0.0174951637688279,0.103410924207844));
#7460=CARTESIAN_POINT('',(0.22700533618927,-0.0174951637688279,0.101161389943582));
#7461=CARTESIAN_POINT('',(0.22948533618927,-0.0174951637688279,0.101161389943582));
#7462=CARTESIAN_POINT('',(0.22948533618927,-0.0174951637688279,0.0955920849153738));
#7463=CARTESIAN_POINT('',(0.22948533618927,-0.0174951637688279,0.0971751722572744));
#7464=CARTESIAN_POINT('',(0.22452533618927,-0.0174951637688279,0.0971751722572744));
#7465=CARTESIAN_POINT('',(0.226613393270783,-0.0174951637688279,0.0926761037287517));
#7466=CARTESIAN_POINT('',(0.117069434437139,-0.0174951637688279,0.0418357936669094));
#7467=CARTESIAN_POINT('',(0.13526589757599,-0.0174951637688279,0.0502809314714773));
#7468=CARTESIAN_POINT('',(0.133177840494476,-0.0174951637688279,0.05478));
#7469=CARTESIAN_POINT('',(0.133177840494476,-0.0174951637688279,0.04982));
#7470=CARTESIAN_POINT('',(0.0797252920269966,-0.0174951637688279,0.04982));
#7471=CARTESIAN_POINT('',(0.109177840494476,-0.0174951637688279,0.05478));
#7472=CARTESIAN_POINT('',(0.109177840494476,-0.0174951637688279,0.04982));
#7473=CARTESIAN_POINT('',(0.11126589757599,-0.0174951637688279,0.0502809314714773));
#7474=CARTESIAN_POINT('',(0.0797252920269966,-0.0174951637688279,0.04982));
#7475=CARTESIAN_POINT('',(0.0977252920269966,-0.0174951637688279,0.04982));
#7476=CARTESIAN_POINT('',(0.0977252920269966,-0.0174951637688279,0.0523));
#7477=CARTESIAN_POINT('',(0.0966812634862401,-0.0174951637688279,0.0545495342642613));
#7478=CARTESIAN_POINT('',(0.225961307648513,-0.0174951637688279,0.114549534264261));
#7479=CARTESIAN_POINT('',(0.225961307648513,-0.0174951637688279,0.114549534264261));
#7480=CARTESIAN_POINT('',(0.22700533618927,-0.0174951637688279,0.1123));
#7481=CARTESIAN_POINT('',(0.22948533618927,-0.0174951637688279,0.1123));
#7482=CARTESIAN_POINT('',(0.22948533618927,-0.0174951637688279,0.106730694971791));
#7483=CARTESIAN_POINT('',(0.22948533618927,-0.0174951637688279,0.106730694971791));
#7484=CARTESIAN_POINT('',(0.22700533618927,-0.0174951637688279,0.106730694971791));
#7485=CARTESIAN_POINT('',(0.228049364730027,-0.0174951637688279,0.10448116070753));
#7486=CARTESIAN_POINT('',(0.112816069736641,-0.0174951637688279,0.0510003799388862));
#7487=CARTESIAN_POINT('',(0.0977252920269966,-0.0174951637688279,0.0745772201128351));
#7488=CARTESIAN_POINT('',(0.0966812634862401,-0.0174951637688279,0.0768267543770964));
#7489=CARTESIAN_POINT('',(0.0952452920269966,-0.0174951637688279,0.0745772201128351));
#7490=CARTESIAN_POINT('',(0.177961307648514,-0.0174951637688279,0.114549534264261));
#7491=CARTESIAN_POINT('',(0.177464730640277,-0.0174951637688279,0.114319068528523));
#7492=CARTESIAN_POINT('',(0.17955278772179,-0.0174951637688279,0.10982));
#7493=CARTESIAN_POINT('',(0.17955278772179,-0.0174951637688279,0.11478));
#7494=CARTESIAN_POINT('',(0.19100533618927,-0.0174951637688279,0.11478));
#7495=CARTESIAN_POINT('',(0.19100533618927,-0.0174951637688279,0.11478));
#7496=CARTESIAN_POINT('',(0.19100533618927,-0.0174951637688279,0.1123));
#7497=CARTESIAN_POINT('',(0.192049364730027,-0.0174951637688279,0.110050465735739));
#7498=CARTESIAN_POINT('',(0.104309340335646,-0.0174951637688279,0.0693295524828399));
#7499=CARTESIAN_POINT('',(0.0987693205677532,-0.0174951637688279,0.066758380820365));
#7500=CARTESIAN_POINT('',(0.0977252920269966,-0.0174951637688279,0.0690079150846263));
#7501=CARTESIAN_POINT('',(0.0952452920269966,-0.0174951637688279,0.0690079150846263));
#7502=CARTESIAN_POINT('',(0.0952452920269966,-0.0174951637688279,0.1223));
#7503=CARTESIAN_POINT('',(0.0977252920269966,-0.0174951637688279,0.0857158301692526));
#7504=CARTESIAN_POINT('',(0.0966812634862401,-0.0174951637688279,0.0879653644335139));
#7505=CARTESIAN_POINT('',(0.0952452920269966,-0.0174951637688279,0.0857158301692526));
#7506=CARTESIAN_POINT('',(0.153961307648514,-0.0174951637688279,0.114549534264261));
#7507=CARTESIAN_POINT('',(0.153464730640277,-0.0174951637688279,0.114319068528523));
#7508=CARTESIAN_POINT('',(0.15555278772179,-0.0174951637688279,0.10982));
#7509=CARTESIAN_POINT('',(0.15555278772179,-0.0174951637688279,0.11478));
#7510=CARTESIAN_POINT('',(0.16700533618927,-0.0174951637688279,0.11478));
#7511=CARTESIAN_POINT('',(0.16700533618927,-0.0174951637688279,0.11478));
#7512=CARTESIAN_POINT('',(0.16700533618927,-0.0174951637688279,0.1123));
#7513=CARTESIAN_POINT('',(0.168049364730027,-0.0174951637688279,0.110050465735739));
#7514=CARTESIAN_POINT('',(0.100055975635148,-0.0174951637688279,0.0784941387548168));
#7515=CARTESIAN_POINT('',(0.0987693205677532,-0.0174951637688279,0.0778969908767825));
#7516=CARTESIAN_POINT('',(0.0977252920269966,-0.0174951637688279,0.0801465251410438));
#7517=CARTESIAN_POINT('',(0.0952452920269966,-0.0174951637688279,0.0801465251410438));
#7518=CARTESIAN_POINT('',(0.0952452920269966,-0.0174951637688279,0.1223));
#7519=CARTESIAN_POINT('',(0.232536778465918,-0.0174951637688279,0.0323314422766478));
#7520=CARTESIAN_POINT('',(0.22108533618927,-0.0174951637688279,0.0437828845532957));
#7521=CARTESIAN_POINT('',(0.231488220742566,-0.0174951637688279,0.03338));
#7522=CARTESIAN_POINT('',(0.23700533618927,-0.0174951637688279,0.03338));
#7523=CARTESIAN_POINT('',(0.23700533618927,-0.0174951637688279,0.03338));
#7524=CARTESIAN_POINT('',(0.23700533618927,-0.0174951637688279,0.1223));
#7525=CARTESIAN_POINT('',(0.23700533618927,-0.0174951637688279,0.13122));
#7526=CARTESIAN_POINT('',(0.23000533618927,-0.0174951637688279,0.13122));
#7527=CARTESIAN_POINT('',(0.231488220742566,-0.0174951637688279,0.13122));
#7528=CARTESIAN_POINT('',(0.220036778465918,-0.0174951637688279,0.119768557723352));
#7529=CARTESIAN_POINT('',(0.22108533618927,-0.0174951637688279,0.120817115446704));
#7530=CARTESIAN_POINT('',(0.216022451635974,-0.0174951637688279,0.12588));
#7531=CARTESIAN_POINT('',(0.216022451635974,-0.0174951637688279,0.11872));
#7532=CARTESIAN_POINT('',(0.0597252920269966,-0.0174951637688279,0.11872));
#7533=CARTESIAN_POINT('',(0.0633052920269966,-0.0174951637688279,0.11872));
#7534=CARTESIAN_POINT('',(0.0633052920269966,-0.0174951637688279,0.1223));
#7535=CARTESIAN_POINT('',(0.0633052920269966,-0.0174951637688279,0.103145123359449));
#7536=CARTESIAN_POINT('',(0.0929273413707763,-0.0174951637688279,0.0439010246718898));
#7537=CARTESIAN_POINT('',(0.0919378537067212,-0.0174951637688279,0.04588));
#7538=CARTESIAN_POINT('',(0.0797252920269966,-0.0174951637688279,0.04588));
#7539=CARTESIAN_POINT('',(0.216022451635974,-0.0174951637688279,0.04588));
#7540=CARTESIAN_POINT('',(0.216022451635974,-0.0174951637688279,0.03872));
#7541=CARTESIAN_POINT('',(0.0977252920269966,-0.0174951637688279,0.0968544402256703));
#7542=CARTESIAN_POINT('',(0.0966812634862401,-0.0174951637688279,0.0991039744899316));
#7543=CARTESIAN_POINT('',(0.0952452920269966,-0.0174951637688279,0.0968544402256703));
#7544=CARTESIAN_POINT('',(0.129961307648513,-0.0174951637688279,0.114549534264261));
#7545=CARTESIAN_POINT('',(0.129464730640277,-0.0174951637688279,0.114319068528523));
#7546=CARTESIAN_POINT('',(0.13155278772179,-0.0174951637688279,0.10982));
#7547=CARTESIAN_POINT('',(0.13155278772179,-0.0174951637688279,0.11478));
#7548=CARTESIAN_POINT('',(0.14300533618927,-0.0174951637688279,0.11478));
#7549=CARTESIAN_POINT('',(0.14300533618927,-0.0174951637688279,0.11478));
#7550=CARTESIAN_POINT('',(0.14300533618927,-0.0174951637688279,0.1123));
#7551=CARTESIAN_POINT('',(0.144049364730027,-0.0174951637688279,0.110050465735739));
#7552=CARTESIAN_POINT('',(0.09580261093465,-0.0174951637688279,0.0876587250267936));
#7553=CARTESIAN_POINT('',(0.0987693205677532,-0.0174951637688279,0.0890356009332));
#7554=CARTESIAN_POINT('',(0.0977252920269966,-0.0174951637688279,0.0912851351974614));
#7555=CARTESIAN_POINT('',(0.0952452920269966,-0.0174951637688279,0.0912851351974614));
#7556=CARTESIAN_POINT('',(0.0952452920269966,-0.0174951637688279,0.1223));
#7557=CARTESIAN_POINT('',(0.0977252920269966,-0.0174951637688279,0.0634386100564175));
#7558=CARTESIAN_POINT('',(0.0966812634862401,-0.0174951637688279,0.0656881443206789));
#7559=CARTESIAN_POINT('',(0.0952452920269966,-0.0174951637688279,0.0634386100564175));
#7560=CARTESIAN_POINT('',(0.201961307648513,-0.0174951637688279,0.114549534264261));
#7561=CARTESIAN_POINT('',(0.201464730640277,-0.0174951637688279,0.114319068528523));
#7562=CARTESIAN_POINT('',(0.20355278772179,-0.0174951637688279,0.10982));
#7563=CARTESIAN_POINT('',(0.20355278772179,-0.0174951637688279,0.11478));
#7564=CARTESIAN_POINT('',(0.21500533618927,-0.0174951637688279,0.11478));
#7565=CARTESIAN_POINT('',(0.21500533618927,-0.0174951637688279,0.11478));
#7566=CARTESIAN_POINT('',(0.21500533618927,-0.0174951637688279,0.1123));
#7567=CARTESIAN_POINT('',(0.216049364730027,-0.0174951637688279,0.110050465735739));
#7568=CARTESIAN_POINT('',(0.108562705036143,-0.0174951637688279,0.0601649662108631));
#7569=CARTESIAN_POINT('',(0.0987693205677532,-0.0174951637688279,0.0556197707639475));
#7570=CARTESIAN_POINT('',(0.0977252920269966,-0.0174951637688279,0.0578693050282088));
#7571=CARTESIAN_POINT('',(0.0952452920269966,-0.0174951637688279,0.0578693050282088));
#7572=CARTESIAN_POINT('',(0.0952452920269966,-0.0174951637688279,0.1223));
#7573=CARTESIAN_POINT('',(0.145725292026996,-0.0174951637688279,0.0523));
#7574=CARTESIAN_POINT('',(0.14468126348624,-0.0174951637688279,0.0545495342642613));
#7575=CARTESIAN_POINT('',(0.145725292026996,-0.0174951637688279,0.04982));
#7576=CARTESIAN_POINT('',(0.225961307648513,-0.0174951637688279,0.0922723141514263));
#7577=CARTESIAN_POINT('',(0.225961307648513,-0.0174951637688279,0.0922723141514263));
#7578=CARTESIAN_POINT('',(0.22700533618927,-0.0174951637688279,0.090022779887165));
#7579=CARTESIAN_POINT('',(0.22948533618927,-0.0174951637688279,0.090022779887165));
#7580=CARTESIAN_POINT('',(0.22948533618927,-0.0174951637688279,0.0844534748589562));
#7581=CARTESIAN_POINT('',(0.22948533618927,-0.0174951637688279,0.0860365622008568));
#7582=CARTESIAN_POINT('',(0.22452533618927,-0.0174951637688279,0.0860365622008568));
#7583=CARTESIAN_POINT('',(0.226613393270783,-0.0174951637688279,0.0815374936723342));
#7584=CARTESIAN_POINT('',(0.121322799137637,-0.0174951637688279,0.0326712073949325));
#7585=CARTESIAN_POINT('',(0.159265897575989,-0.0174951637688279,0.0502809314714773));
#7586=CARTESIAN_POINT('',(0.157177840494477,-0.0174951637688279,0.05478));
#7587=CARTESIAN_POINT('',(0.157177840494477,-0.0174951637688279,0.04982));
#7588=CARTESIAN_POINT('',(0.0797252920269966,-0.0174951637688279,0.04982));
#7589=CARTESIAN_POINT('',(0.0977252920269966,-0.0174951637688279,0.107993050282088));
#7590=CARTESIAN_POINT('',(0.0966812634862401,-0.0174951637688279,0.110242584546349));
#7591=CARTESIAN_POINT('',(0.0952452920269966,-0.0174951637688279,0.107993050282088));
#7592=CARTESIAN_POINT('',(0.105961307648513,-0.0174951637688279,0.114549534264261));
#7593=CARTESIAN_POINT('',(0.105464730640276,-0.0174951637688279,0.114319068528523));
#7594=CARTESIAN_POINT('',(0.10755278772179,-0.0174951637688279,0.10982));
#7595=CARTESIAN_POINT('',(0.10755278772179,-0.0174951637688279,0.11478));
#7596=CARTESIAN_POINT('',(0.11900533618927,-0.0174951637688279,0.11478));
#7597=CARTESIAN_POINT('',(0.11900533618927,-0.0174951637688279,0.11478));
#7598=CARTESIAN_POINT('',(0.11900533618927,-0.0174951637688279,0.1123));
#7599=CARTESIAN_POINT('',(0.120049364730026,-0.0174951637688279,0.110050465735739));
#7600=CARTESIAN_POINT('',(0.0915492462341521,-0.0174951637688279,0.0968233112987707));
#7601=CARTESIAN_POINT('',(0.0987693205677532,-0.0174951637688279,0.100174210989618));
#7602=CARTESIAN_POINT('',(0.0977252920269966,-0.0174951637688279,0.102423745253879));
#7603=CARTESIAN_POINT('',(0.0952452920269966,-0.0174951637688279,0.102423745253879));
#7604=CARTESIAN_POINT('',(0.0952452920269966,-0.0174951637688279,0.1223));
#7605=CARTESIAN_POINT('',(0.22700533618927,-0.0174951637688279,0.0677455597743301));
#7606=CARTESIAN_POINT('',(0.22948533618927,-0.0174951637688279,0.0677455597743301));
#7607=CARTESIAN_POINT('',(0.225961307648513,-0.0174951637688279,0.0699950940385915));
#7608=CARTESIAN_POINT('',(0.22948533618927,-0.0174951637688279,0.0621762547461214));
#7609=CARTESIAN_POINT('',(0.22948533618927,-0.0174951637688279,0.063759342088022));
#7610=CARTESIAN_POINT('',(0.22452533618927,-0.0174951637688279,0.063759342088022));
#7611=CARTESIAN_POINT('',(0.226613393270783,-0.0174951637688279,0.0592602735594993));
#7612=CARTESIAN_POINT('',(0.129829528538632,-0.0174951637688279,0.014342034850979));
#7613=CARTESIAN_POINT('',(0.207265897575989,-0.0174951637688279,0.0502809314714773));
#7614=CARTESIAN_POINT('',(0.205177840494476,-0.0174951637688279,0.05478));
#7615=CARTESIAN_POINT('',(0.205177840494476,-0.0174951637688279,0.04982));
#7616=CARTESIAN_POINT('',(0.0797252920269966,-0.0174951637688279,0.04982));
#7617=CARTESIAN_POINT('',(0.193725292026996,-0.0174951637688279,0.04982));
#7618=CARTESIAN_POINT('',(0.193725292026996,-0.0174951637688279,0.0523));
#7619=CARTESIAN_POINT('',(0.192681263486239,-0.0174951637688279,0.0545495342642614));
#7620=CARTESIAN_POINT('',(0.225961307648513,-0.0174951637688279,0.0699950940385915));
#7621=CARTESIAN_POINT('',(0.168365314108133,0.00250483623117208,0.1223));
#7622=CARTESIAN_POINT('',(0.0681722760200501,0.00250483623117209,0.105677515268326));
#7623=CARTESIAN_POINT('',(0.0681722760200501,0.00250483623117209,0.107457402194952));
#7624=CARTESIAN_POINT('',(0.0881598740816116,0.00250483623117209,0.105677515268326));
#7625=CARTESIAN_POINT('',(0.0881598740816116,0.00250483623117209,0.107424191949652));
#7626=CARTESIAN_POINT('',(0.181177840494477,0.00250483623117208,0.05478));
#7627=CARTESIAN_POINT('',(0.183265897575989,0.00250483623117208,0.0502809314714774));
#7628=CARTESIAN_POINT('',(0.181177840494477,0.00250483623117208,0.04982));
#7629=CARTESIAN_POINT('',(0.228049364730027,0.00250483623117208,0.0710653305382774));
#7630=CARTESIAN_POINT('',(0.226613393270783,0.00250483623117208,0.0703988836159166));
#7631=CARTESIAN_POINT('',(0.22452533618927,0.00250483623117208,0.0748979521444393));
#7632=CARTESIAN_POINT('',(0.22948533618927,0.00250483623117208,0.0748979521444393));
#7633=CARTESIAN_POINT('',(0.22948533618927,0.00250483623117208,0.1223));
#7634=CARTESIAN_POINT('',(0.22948533618927,0.00250483623117208,0.0788841698307475));
#7635=CARTESIAN_POINT('',(0.22700533618927,0.00250483623117208,0.0788841698307475));
#7636=CARTESIAN_POINT('',(0.225961307648513,0.00250483623117208,0.0811337040950088));
#7637=CARTESIAN_POINT('',(0.194292348947041,0.00250483623117208,0.0664358631838214));
#7638=CARTESIAN_POINT('',(0.16868126348624,0.00250483623117208,0.0545495342642613));
#7639=CARTESIAN_POINT('',(0.169725292026996,0.00250483623117208,0.0523));
#7640=CARTESIAN_POINT('',(0.169725292026996,0.00250483623117208,0.04982));
#7641=CARTESIAN_POINT('',(0.181725292026996,0.00250483623117208,0.04982));
#7642=CARTESIAN_POINT('',(0.133177840494476,0.00250483623117208,0.05478));
#7643=CARTESIAN_POINT('',(0.13526589757599,0.00250483623117208,0.0502809314714774));
#7644=CARTESIAN_POINT('',(0.133177840494476,0.00250483623117208,0.04982));
#7645=CARTESIAN_POINT('',(0.228049364730027,0.00250483623117208,0.0933425506511124));
#7646=CARTESIAN_POINT('',(0.226613393270783,0.00250483623117208,0.0926761037287517));
#7647=CARTESIAN_POINT('',(0.22452533618927,0.00250483623117208,0.0971751722572744));
#7648=CARTESIAN_POINT('',(0.22948533618927,0.00250483623117208,0.0971751722572744));
#7649=CARTESIAN_POINT('',(0.22948533618927,0.00250483623117208,0.1223));
#7650=CARTESIAN_POINT('',(0.22948533618927,0.00250483623117208,0.101161389943582));
#7651=CARTESIAN_POINT('',(0.22700533618927,0.00250483623117208,0.101161389943582));
#7652=CARTESIAN_POINT('',(0.225961307648513,0.00250483623117208,0.103410924207844));
#7653=CARTESIAN_POINT('',(0.185785619546045,0.00250483623117208,0.0847650357277751));
#7654=CARTESIAN_POINT('',(0.12068126348624,0.00250483623117208,0.0545495342642613));
#7655=CARTESIAN_POINT('',(0.121725292026996,0.00250483623117208,0.0523));
#7656=CARTESIAN_POINT('',(0.121725292026996,0.00250483623117208,0.04982));
#7657=CARTESIAN_POINT('',(0.133725292026997,0.00250483623117208,0.04982));
#7658=CARTESIAN_POINT('',(0.0977252920269966,0.00250483623117208,0.0578693050282088));
#7659=CARTESIAN_POINT('',(0.0987693205677532,0.00250483623117208,0.0556197707639475));
#7660=CARTESIAN_POINT('',(0.0952452920269966,0.00250483623117208,0.0578693050282088));
#7661=CARTESIAN_POINT('',(0.216049364730027,0.00250483623117208,0.110050465735739));
#7662=CARTESIAN_POINT('',(0.216049364730027,0.00250483623117208,0.110050465735739));
#7663=CARTESIAN_POINT('',(0.21500533618927,0.00250483623117208,0.1123));
#7664=CARTESIAN_POINT('',(0.21500533618927,0.00250483623117208,0.11478));
#7665=CARTESIAN_POINT('',(0.168365314108133,0.00250483623117208,0.11478));
#7666=CARTESIAN_POINT('',(0.20355278772179,0.00250483623117208,0.11478));
#7667=CARTESIAN_POINT('',(0.20355278772179,0.00250483623117208,0.10982));
#7668=CARTESIAN_POINT('',(0.201464730640277,0.00250483623117208,0.114319068528523));
#7669=CARTESIAN_POINT('',(0.177278890145049,0.00250483623117208,0.103094208271729));
#7670=CARTESIAN_POINT('',(0.0966812634862401,0.00250483623117208,0.0656881443206789));
#7671=CARTESIAN_POINT('',(0.0977252920269966,0.00250483623117208,0.0634386100564175));
#7672=CARTESIAN_POINT('',(0.0952452920269966,0.00250483623117208,0.0634386100564175));
#7673=CARTESIAN_POINT('',(0.0952452920269966,0.00250483623117208,0.0578693050282088));
#7674=CARTESIAN_POINT('',(0.0977252920269966,0.00250483623117208,0.0801465251410438));
#7675=CARTESIAN_POINT('',(0.0987693205677532,0.00250483623117208,0.0778969908767825));
#7676=CARTESIAN_POINT('',(0.0952452920269966,0.00250483623117208,0.0801465251410438));
#7677=CARTESIAN_POINT('',(0.168049364730027,0.00250483623117208,0.110050465735739));
#7678=CARTESIAN_POINT('',(0.168049364730027,0.00250483623117208,0.110050465735739));
#7679=CARTESIAN_POINT('',(0.16700533618927,0.00250483623117208,0.1123));
#7680=CARTESIAN_POINT('',(0.16700533618927,0.00250483623117208,0.11478));
#7681=CARTESIAN_POINT('',(0.168365314108133,0.00250483623117208,0.11478));
#7682=CARTESIAN_POINT('',(0.15555278772179,0.00250483623117208,0.11478));
#7683=CARTESIAN_POINT('',(0.15555278772179,0.00250483623117208,0.10982));
#7684=CARTESIAN_POINT('',(0.153464730640277,0.00250483623117208,0.114319068528523));
#7685=CARTESIAN_POINT('',(0.168772160744054,0.00250483623117208,0.121423380815682));
#7686=CARTESIAN_POINT('',(0.0966812634862401,0.00250483623117208,0.0879653644335139));
#7687=CARTESIAN_POINT('',(0.0977252920269966,0.00250483623117208,0.0857158301692526));
#7688=CARTESIAN_POINT('',(0.0952452920269966,0.00250483623117208,0.0857158301692526));
#7689=CARTESIAN_POINT('',(0.0952452920269966,0.00250483623117208,0.0801465251410438));
#7690=CARTESIAN_POINT('',(0.23700533618927,0.00250483623117209,0.1223));
#7691=CARTESIAN_POINT('',(0.23700533618927,0.00250483623117209,0.13122));
#7692=CARTESIAN_POINT('',(0.23700533618927,0.00250483623117209,0.03338));
#7693=CARTESIAN_POINT('',(0.168365314108133,0.00250483623117208,0.03338));
#7694=CARTESIAN_POINT('',(0.231488220742566,0.00250483623117208,0.03338));
#7695=CARTESIAN_POINT('',(0.15546676742535,0.00250483623117208,0.109401453317216));
#7696=CARTESIAN_POINT('',(0.22108533618927,0.00250483623117208,0.0437828845532957));
#7697=CARTESIAN_POINT('',(0.216022451635974,0.00250483623117208,0.03872));
#7698=CARTESIAN_POINT('',(0.216022451635974,0.00250483623117208,0.04588));
#7699=CARTESIAN_POINT('',(0.0897252920269966,0.00250483623117208,0.04588));
#7700=CARTESIAN_POINT('',(0.0919378537067212,0.00250483623117208,0.04588));
#7701=CARTESIAN_POINT('',(0.0766553457870037,0.00250483623117208,0.0764450158394352));
#7702=CARTESIAN_POINT('',(0.0633052920269966,0.00250483623117208,0.103145123359449));
#7703=CARTESIAN_POINT('',(0.0633052920269966,0.00250483623117208,0.1223));
#7704=CARTESIAN_POINT('',(0.0633052920269966,0.00250483623117208,0.11872));
#7705=CARTESIAN_POINT('',(0.168365314108133,0.00250483623117208,0.11872));
#7706=CARTESIAN_POINT('',(0.216022451635974,0.00250483623117208,0.11872));
#7707=CARTESIAN_POINT('',(0.216022451635974,0.00250483623117208,0.12588));
#7708=CARTESIAN_POINT('',(0.22108533618927,0.00250483623117208,0.120817115446704));
#7709=CARTESIAN_POINT('',(0.195466767425349,0.00250483623117208,0.0951985466827838));
#7710=CARTESIAN_POINT('',(0.231488220742566,0.00250483623117208,0.13122));
#7711=CARTESIAN_POINT('',(0.168365314108133,0.00250483623117208,0.13122));
#7712=CARTESIAN_POINT('',(0.13155278772179,0.00250483623117208,0.10982));
#7713=CARTESIAN_POINT('',(0.129464730640277,0.00250483623117208,0.114319068528523));
#7714=CARTESIAN_POINT('',(0.13155278772179,0.00250483623117208,0.11478));
#7715=CARTESIAN_POINT('',(0.164518796043556,0.00250483623117208,0.130587967087659));
#7716=CARTESIAN_POINT('',(0.0966812634862401,0.00250483623117208,0.0991039744899316));
#7717=CARTESIAN_POINT('',(0.0977252920269966,0.00250483623117208,0.0968544402256703));
#7718=CARTESIAN_POINT('',(0.0952452920269966,0.00250483623117208,0.0968544402256703));
#7719=CARTESIAN_POINT('',(0.0952452920269966,0.00250483623117208,0.0912851351974614));
#7720=CARTESIAN_POINT('',(0.0952452920269966,0.00250483623117208,0.0912851351974614));
#7721=CARTESIAN_POINT('',(0.0977252920269966,0.00250483623117208,0.0912851351974614));
#7722=CARTESIAN_POINT('',(0.0987693205677532,0.00250483623117208,0.0890356009332));
#7723=CARTESIAN_POINT('',(0.144049364730027,0.00250483623117208,0.110050465735739));
#7724=CARTESIAN_POINT('',(0.144049364730027,0.00250483623117208,0.110050465735739));
#7725=CARTESIAN_POINT('',(0.14300533618927,0.00250483623117208,0.1123));
#7726=CARTESIAN_POINT('',(0.14300533618927,0.00250483623117208,0.11478));
#7727=CARTESIAN_POINT('',(0.168365314108133,0.00250483623117208,0.11478));
#7728=CARTESIAN_POINT('',(0.0977252920269966,0.00250483623117208,0.0690079150846263));
#7729=CARTESIAN_POINT('',(0.0987693205677532,0.00250483623117208,0.066758380820365));
#7730=CARTESIAN_POINT('',(0.0952452920269966,0.00250483623117208,0.0690079150846263));
#7731=CARTESIAN_POINT('',(0.192049364730027,0.00250483623117208,0.110050465735739));
#7732=CARTESIAN_POINT('',(0.192049364730027,0.00250483623117208,0.110050465735739));
#7733=CARTESIAN_POINT('',(0.19100533618927,0.00250483623117208,0.1123));
#7734=CARTESIAN_POINT('',(0.19100533618927,0.00250483623117208,0.11478));
#7735=CARTESIAN_POINT('',(0.168365314108133,0.00250483623117208,0.11478));
#7736=CARTESIAN_POINT('',(0.17955278772179,0.00250483623117208,0.11478));
#7737=CARTESIAN_POINT('',(0.17955278772179,0.00250483623117208,0.10982));
#7738=CARTESIAN_POINT('',(0.177464730640277,0.00250483623117208,0.114319068528523));
#7739=CARTESIAN_POINT('',(0.173025525444551,0.00250483623117208,0.112258794543706));
#7740=CARTESIAN_POINT('',(0.0966812634862401,0.00250483623117208,0.0768267543770964));
#7741=CARTESIAN_POINT('',(0.0977252920269966,0.00250483623117208,0.0745772201128351));
#7742=CARTESIAN_POINT('',(0.0952452920269966,0.00250483623117208,0.0745772201128351));
#7743=CARTESIAN_POINT('',(0.0952452920269966,0.00250483623117208,0.0690079150846263));
#7744=CARTESIAN_POINT('',(0.22700533618927,0.00250483623117208,0.1123));
#7745=CARTESIAN_POINT('',(0.225961307648513,0.00250483623117208,0.114549534264261));
#7746=CARTESIAN_POINT('',(0.22948533618927,0.00250483623117208,0.1123));
#7747=CARTESIAN_POINT('',(0.181532254845547,0.00250483623117208,0.0939296219997519));
#7748=CARTESIAN_POINT('',(0.0966812634862401,0.00250483623117208,0.0545495342642613));
#7749=CARTESIAN_POINT('',(0.0977252920269966,0.00250483623117208,0.0523));
#7750=CARTESIAN_POINT('',(0.0977252920269966,0.00250483623117208,0.04982));
#7751=CARTESIAN_POINT('',(0.109725292026997,0.00250483623117208,0.04982));
#7752=CARTESIAN_POINT('',(0.109177840494476,0.00250483623117208,0.04982));
#7753=CARTESIAN_POINT('',(0.109177840494476,0.00250483623117208,0.05478));
#7754=CARTESIAN_POINT('',(0.11126589757599,0.00250483623117208,0.0502809314714773));
#7755=CARTESIAN_POINT('',(0.228049364730027,0.00250483623117208,0.10448116070753));
#7756=CARTESIAN_POINT('',(0.228049364730027,0.00250483623117208,0.10448116070753));
#7757=CARTESIAN_POINT('',(0.22700533618927,0.00250483623117208,0.106730694971791));
#7758=CARTESIAN_POINT('',(0.22948533618927,0.00250483623117208,0.106730694971791));
#7759=CARTESIAN_POINT('',(0.22948533618927,0.00250483623117208,0.1223));
#7760=CARTESIAN_POINT('',(0.157177840494477,0.00250483623117208,0.05478));
#7761=CARTESIAN_POINT('',(0.159265897575989,0.00250483623117208,0.0502809314714773));
#7762=CARTESIAN_POINT('',(0.157177840494477,0.00250483623117208,0.04982));
#7763=CARTESIAN_POINT('',(0.228049364730027,0.00250483623117208,0.0822039405946949));
#7764=CARTESIAN_POINT('',(0.226613393270783,0.00250483623117208,0.0815374936723342));
#7765=CARTESIAN_POINT('',(0.22452533618927,0.00250483623117208,0.0860365622008568));
#7766=CARTESIAN_POINT('',(0.22948533618927,0.00250483623117208,0.0860365622008568));
#7767=CARTESIAN_POINT('',(0.22948533618927,0.00250483623117208,0.1223));
#7768=CARTESIAN_POINT('',(0.22948533618927,0.00250483623117208,0.090022779887165));
#7769=CARTESIAN_POINT('',(0.22700533618927,0.00250483623117208,0.090022779887165));
#7770=CARTESIAN_POINT('',(0.225961307648513,0.00250483623117208,0.0922723141514263));
#7771=CARTESIAN_POINT('',(0.190038984246543,0.00250483623117208,0.0756004494557982));
#7772=CARTESIAN_POINT('',(0.14468126348624,0.00250483623117208,0.0545495342642613));
#7773=CARTESIAN_POINT('',(0.145725292026996,0.00250483623117208,0.0523));
#7774=CARTESIAN_POINT('',(0.145725292026996,0.00250483623117208,0.04982));
#7775=CARTESIAN_POINT('',(0.157725292026996,0.00250483623117208,0.04982));
#7776=CARTESIAN_POINT('',(0.0977252920269966,0.00250483623117208,0.107993050282088));
#7777=CARTESIAN_POINT('',(0.0952452920269966,0.00250483623117208,0.107993050282088));
#7778=CARTESIAN_POINT('',(0.0966812634862401,0.00250483623117208,0.110242584546349));
#7779=CARTESIAN_POINT('',(0.0952452920269966,0.00250483623117208,0.102423745253879));
#7780=CARTESIAN_POINT('',(0.0952452920269966,0.00250483623117208,0.102423745253879));
#7781=CARTESIAN_POINT('',(0.0977252920269966,0.00250483623117208,0.102423745253879));
#7782=CARTESIAN_POINT('',(0.0987693205677532,0.00250483623117208,0.100174210989618));
#7783=CARTESIAN_POINT('',(0.120049364730026,0.00250483623117208,0.110050465735739));
#7784=CARTESIAN_POINT('',(0.120049364730026,0.00250483623117208,0.110050465735739));
#7785=CARTESIAN_POINT('',(0.11900533618927,0.00250483623117208,0.1123));
#7786=CARTESIAN_POINT('',(0.11900533618927,0.00250483623117208,0.11478));
#7787=CARTESIAN_POINT('',(0.168365314108133,0.00250483623117208,0.11478));
#7788=CARTESIAN_POINT('',(0.10755278772179,0.00250483623117208,0.11478));
#7789=CARTESIAN_POINT('',(0.10755278772179,0.00250483623117208,0.10982));
#7790=CARTESIAN_POINT('',(0.105464730640276,0.00250483623117208,0.114319068528523));
#7791=CARTESIAN_POINT('',(0.160265431343058,0.00250483623117208,0.139752553359636));
#7792=CARTESIAN_POINT('',(0.193725292026996,0.00250483623117208,0.0523));
#7793=CARTESIAN_POINT('',(0.193725292026996,0.00250483623117208,0.04982));
#7794=CARTESIAN_POINT('',(0.192681263486239,0.00250483623117208,0.0545495342642614));
#7795=CARTESIAN_POINT('',(0.205725292026996,0.00250483623117208,0.04982));
#7796=CARTESIAN_POINT('',(0.205177840494476,0.00250483623117208,0.04982));
#7797=CARTESIAN_POINT('',(0.205177840494476,0.00250483623117208,0.05478));
#7798=CARTESIAN_POINT('',(0.207265897575989,0.00250483623117208,0.0502809314714773));
#7799=CARTESIAN_POINT('',(0.228049364730027,0.00250483623117208,0.0599267204818601));
#7800=CARTESIAN_POINT('',(0.226613393270783,0.00250483623117208,0.0592602735594993));
#7801=CARTESIAN_POINT('',(0.22452533618927,0.00250483623117208,0.063759342088022));
#7802=CARTESIAN_POINT('',(0.22948533618927,0.00250483623117208,0.063759342088022));
#7803=CARTESIAN_POINT('',(0.22948533618927,0.00250483623117208,0.1223));
#7804=CARTESIAN_POINT('',(0.22948533618927,0.00250483623117208,0.0677455597743301));
#7805=CARTESIAN_POINT('',(0.22700533618927,0.00250483623117208,0.0677455597743301));
#7806=CARTESIAN_POINT('',(0.225961307648513,0.00250483623117208,0.0699950940385915));
#7807=CARTESIAN_POINT('',(0.198545713647538,0.00250483623117208,0.0572712769118447));
#7808=CARTESIAN_POINT('',(0.22700533618927,0.00250483623117208,0.0566069497179127));
#7809=CARTESIAN_POINT('',(0.225961307648513,0.00250483623117208,0.058856483982174));
#7810=CARTESIAN_POINT('',(0.22948533618927,0.00250483623117208,0.0566069497179127));
#7811=CARTESIAN_POINT('',(0.202799078348036,0.00250483623117208,0.0481066906398679));
#7812=CARTESIAN_POINT('',(0.21668126348624,0.00250483623117208,0.0545495342642613));
#7813=CARTESIAN_POINT('',(0.217725292026996,0.00250483623117208,0.0523));
#7814=CARTESIAN_POINT('',(0.217725292026996,0.00250483623117208,0.04982));
#7815=CARTESIAN_POINT('',(0.22700533618927,0.00250483623117208,0.04982));
#7816=CARTESIAN_POINT('',(0.22452533618927,0.00250483623117208,0.04982));
#7817=CARTESIAN_POINT('',(0.22452533618927,0.00250483623117208,0.05478));
#7818=CARTESIAN_POINT('',(0.22948533618927,0.00250483623117208,0.05478));
#7819=CARTESIAN_POINT('',(0.22948533618927,0.00250483623117208,0.1223));
#7820=CARTESIAN_POINT('',(0.0986252920269966,-0.00449854461476207,0.0689648151636124));
#7821=CARTESIAN_POINT('',(0.0681722760200501,-0.00449854461476207,0.105677515268326));
#7822=CARTESIAN_POINT('',(0.0681722760200501,-0.00449854461476207,0.107457402194952));
#7823=CARTESIAN_POINT('',(0.0881598740816116,-0.00449854461476207,0.105677515268326));
#7824=CARTESIAN_POINT('',(0.0881598740816116,-0.00449854461476207,0.107424191949652));
#7825=CARTESIAN_POINT('',(0.0597252920269966,-0.00449854461476207,0.0689648151636124));
#7826=CARTESIAN_POINT('',(0.0597252920269966,-0.00449854461476207,0.116629630327225));
#7827=CARTESIAN_POINT('',(0.0597252920269966,-0.00449854461476207,0.103145123359449));
#7828=CARTESIAN_POINT('',(0.0633052920269966,-0.00449854461476207,0.103145123359449));
#7829=CARTESIAN_POINT('',(0.0601032426832169,-0.00449854461476207,0.101544098687559));
#7830=CARTESIAN_POINT('',(0.0597252920269966,-0.00449854461476207,0.1023));
#7831=CARTESIAN_POINT('',(0.0887358043629416,-0.00449854461476207,0.0442789753281102));
#7832=CARTESIAN_POINT('',(0.0919378537067212,-0.00449854461476207,0.04588));
#7833=CARTESIAN_POINT('',(0.0986252920269966,-0.00449854461476207,0.0689648151636124));
#7834=CARTESIAN_POINT('',(0.0986252920269966,-0.00449854461476207,0.0523));
#7835=CARTESIAN_POINT('',(0.0986252920269966,-0.00449854461476207,0.0523));
#7836=CARTESIAN_POINT('',(0.0977252920269966,-0.00449854461476207,0.0523));
#7837=CARTESIAN_POINT('',(0.104829379862123,-0.00449854461476207,0.0555970693417504));
#7838=CARTESIAN_POINT('',(0.0986252920269966,-0.00449854461476207,0.0527176978771157));
#7839=CARTESIAN_POINT('',(0.0986252920269966,-0.00449854461476207,0.0689648151636124));
#7840=CARTESIAN_POINT('',(0.0986252920269966,-0.00449854461476207,0.0582870029053244));
#7841=CARTESIAN_POINT('',(0.102702697511874,-0.00449854461476207,0.0601793624777388));
#7842=CARTESIAN_POINT('',(0.0977252920269966,-0.00449854461476207,0.0578693050282088));
#7843=CARTESIAN_POINT('',(0.0977252920269966,-0.00449854461476207,0.0689648151636124));
#7844=CARTESIAN_POINT('',(0.0977252920269966,-0.00449854461476207,0.0634386100564175));
#7845=CARTESIAN_POINT('',(0.100576015161625,-0.00449854461476207,0.0647616556137272));
#7846=CARTESIAN_POINT('',(0.0986252920269966,-0.00449854461476207,0.0638563079335332));
#7847=CARTESIAN_POINT('',(0.0986252920269966,-0.00449854461476207,0.0689648151636124));
#7848=CARTESIAN_POINT('',(0.0986252920269966,-0.00449854461476207,0.069425612961742));
#7849=CARTESIAN_POINT('',(0.098449332811376,-0.00449854461476207,0.0693439487497156));
#7850=CARTESIAN_POINT('',(0.0977252920269966,-0.00449854461476207,0.0690079150846263));
#7851=CARTESIAN_POINT('',(0.0977252920269966,-0.00449854461476207,0.0689648151636124));
#7852=CARTESIAN_POINT('',(0.0977252920269966,-0.00449854461476207,0.0745772201128351));
#7853=CARTESIAN_POINT('',(0.0963226504611271,-0.00449854461476207,0.073926241885704));
#7854=CARTESIAN_POINT('',(0.0986252920269966,-0.00449854461476207,0.0749949179899507));
#7855=CARTESIAN_POINT('',(0.0986252920269966,-0.00449854461476207,0.0689648151636124));
#7856=CARTESIAN_POINT('',(0.0986252920269966,-0.00449854461476207,0.0805642230181595));
#7857=CARTESIAN_POINT('',(0.0941959681108781,-0.00449854461476207,0.0785085350216925));
#7858=CARTESIAN_POINT('',(0.0977252920269966,-0.00449854461476207,0.0801465251410438));
#7859=CARTESIAN_POINT('',(0.0977252920269966,-0.00449854461476207,0.0689648151636124));
#7860=CARTESIAN_POINT('',(0.0977252920269966,-0.00449854461476207,0.0857158301692526));
#7861=CARTESIAN_POINT('',(0.0920692857606292,-0.00449854461476207,0.0830908281576809));
#7862=CARTESIAN_POINT('',(0.0986252920269966,-0.00449854461476207,0.0861335280463682));
#7863=CARTESIAN_POINT('',(0.0986252920269966,-0.00449854461476207,0.0689648151636124));
#7864=CARTESIAN_POINT('',(0.0986252920269966,-0.00449854461476207,0.091702833074577));
#7865=CARTESIAN_POINT('',(0.0899426034103803,-0.00449854461476207,0.0876731212936694));
#7866=CARTESIAN_POINT('',(0.0977252920269966,-0.00449854461476207,0.0912851351974614));
#7867=CARTESIAN_POINT('',(0.0977252920269966,-0.00449854461476207,0.0689648151636124));
#7868=CARTESIAN_POINT('',(0.0977252920269966,-0.00449854461476207,0.0968544402256703));
#7869=CARTESIAN_POINT('',(0.0878159210601314,-0.00449854461476207,0.0922554144296579));
#7870=CARTESIAN_POINT('',(0.0986252920269966,-0.00449854461476207,0.0972721381027859));
#7871=CARTESIAN_POINT('',(0.0986252920269966,-0.00449854461476207,0.0689648151636124));
#7872=CARTESIAN_POINT('',(0.0986252920269966,-0.00449854461476207,0.102841443130995));
#7873=CARTESIAN_POINT('',(0.0856892387098825,-0.00449854461476207,0.0968377075656464));
#7874=CARTESIAN_POINT('',(0.0977252920269966,-0.00449854461476207,0.102423745253879));
#7875=CARTESIAN_POINT('',(0.0977252920269966,-0.00449854461476207,0.0689648151636124));
#7876=CARTESIAN_POINT('',(0.0977252920269966,-0.00449854461476207,0.107993050282088));
#7877=CARTESIAN_POINT('',(0.0835625563596335,-0.00449854461476207,0.101420000701635));
#7878=CARTESIAN_POINT('',(0.0986252920269966,-0.00449854461476207,0.108410748159203));
#7879=CARTESIAN_POINT('',(0.0986252920269966,-0.00449854461476207,0.0689648151636124));
#7880=CARTESIAN_POINT('',(0.0986252920269966,-0.00449854461476207,0.116629630327225));
#7881=CARTESIAN_POINT('',(0.0986252920269966,-0.00449854461476207,0.116629630327225));
#7882=CARTESIAN_POINT('',(0.0986252920269966,-0.0105385446147621,0.0689648151636124));
#7883=CARTESIAN_POINT('',(0.0681722760200501,-0.0105385446147621,0.105677515268326));
#7884=CARTESIAN_POINT('',(0.0681722760200501,-0.0105385446147621,0.107457402194952));
#7885=CARTESIAN_POINT('',(0.0881598740816116,-0.0105385446147621,0.105677515268326));
#7886=CARTESIAN_POINT('',(0.0881598740816116,-0.0105385446147621,0.107424191949652));
#7887=CARTESIAN_POINT('',(0.0808393659615517,-0.0105385446147621,0.0600718521308899));
#7888=CARTESIAN_POINT('',(0.0887358043629415,-0.0105385446147621,0.0442789753281102));
#7889=CARTESIAN_POINT('',(0.0601032426832169,-0.0105385446147621,0.101544098687559));
#7890=CARTESIAN_POINT('',(0.0633052920269966,-0.0105385446147621,0.103145123359449));
#7891=CARTESIAN_POINT('',(0.0597252920269966,-0.0105385446147621,0.103145123359449));
#7892=CARTESIAN_POINT('',(0.0597252920269966,-0.0105385446147621,0.0689648151636124));
#7893=CARTESIAN_POINT('',(0.0597252920269966,-0.0105385446147621,0.116629630327225));
#7894=CARTESIAN_POINT('',(0.0986252920269966,-0.0105385446147621,0.116629630327225));
#7895=CARTESIAN_POINT('',(0.0986252920269966,-0.0105385446147621,0.116629630327225));
#7896=CARTESIAN_POINT('',(0.0986252920269966,-0.0105385446147621,0.0689648151636124));
#7897=CARTESIAN_POINT('',(0.0986252920269966,-0.0105385446147621,0.108410748159203));
#7898=CARTESIAN_POINT('',(0.0835625563596335,-0.0105385446147621,0.101420000701635));
#7899=CARTESIAN_POINT('',(0.0977252920269966,-0.0105385446147621,0.107993050282088));
#7900=CARTESIAN_POINT('',(0.0977252920269966,-0.0105385446147621,0.0689648151636124));
#7901=CARTESIAN_POINT('',(0.0977252920269966,-0.0105385446147621,0.102423745253879));
#7902=CARTESIAN_POINT('',(0.0856892387098825,-0.0105385446147621,0.0968377075656464));
#7903=CARTESIAN_POINT('',(0.0986252920269966,-0.0105385446147621,0.102841443130995));
#7904=CARTESIAN_POINT('',(0.0986252920269966,-0.0105385446147621,0.0689648151636124));
#7905=CARTESIAN_POINT('',(0.0986252920269966,-0.0105385446147621,0.0972721381027859));
#7906=CARTESIAN_POINT('',(0.0878159210601314,-0.0105385446147621,0.0922554144296579));
#7907=CARTESIAN_POINT('',(0.0977252920269966,-0.0105385446147621,0.0968544402256703));
#7908=CARTESIAN_POINT('',(0.0977252920269966,-0.0105385446147621,0.0689648151636124));
#7909=CARTESIAN_POINT('',(0.0977252920269966,-0.0105385446147621,0.0912851351974614));
#7910=CARTESIAN_POINT('',(0.0899426034103803,-0.0105385446147621,0.0876731212936694));
#7911=CARTESIAN_POINT('',(0.0986252920269966,-0.0105385446147621,0.091702833074577));
#7912=CARTESIAN_POINT('',(0.0986252920269966,-0.0105385446147621,0.0689648151636124));
#7913=CARTESIAN_POINT('',(0.0986252920269966,-0.0105385446147621,0.0861335280463682));
#7914=CARTESIAN_POINT('',(0.0920692857606292,-0.0105385446147621,0.0830908281576809));
#7915=CARTESIAN_POINT('',(0.0977252920269966,-0.0105385446147621,0.0857158301692526));
#7916=CARTESIAN_POINT('',(0.0977252920269966,-0.0105385446147621,0.0689648151636124));
#7917=CARTESIAN_POINT('',(0.0977252920269966,-0.0105385446147621,0.0801465251410438));
#7918=CARTESIAN_POINT('',(0.0941959681108781,-0.0105385446147621,0.0785085350216925));
#7919=CARTESIAN_POINT('',(0.0986252920269966,-0.0105385446147621,0.0805642230181595));
#7920=CARTESIAN_POINT('',(0.0986252920269966,-0.0105385446147621,0.0689648151636124));
#7921=CARTESIAN_POINT('',(0.0986252920269966,-0.0105385446147621,0.0749949179899507));
#7922=CARTESIAN_POINT('',(0.0963226504611271,-0.0105385446147621,0.073926241885704));
#7923=CARTESIAN_POINT('',(0.0977252920269966,-0.0105385446147621,0.0745772201128351));
#7924=CARTESIAN_POINT('',(0.0977252920269966,-0.0105385446147621,0.0689648151636124));
#7925=CARTESIAN_POINT('',(0.0977252920269966,-0.0105385446147621,0.0690079150846263));
#7926=CARTESIAN_POINT('',(0.098449332811376,-0.0105385446147621,0.0693439487497156));
#7927=CARTESIAN_POINT('',(0.0986252920269966,-0.0105385446147621,0.069425612961742));
#7928=CARTESIAN_POINT('',(0.0986252920269966,-0.0105385446147621,0.0689648151636124));
#7929=CARTESIAN_POINT('',(0.0986252920269966,-0.0105385446147621,0.0638563079335332));
#7930=CARTESIAN_POINT('',(0.100576015161625,-0.0105385446147621,0.0647616556137272));
#7931=CARTESIAN_POINT('',(0.0977252920269966,-0.0105385446147621,0.0634386100564175));
#7932=CARTESIAN_POINT('',(0.0977252920269966,-0.0105385446147621,0.0689648151636124));
#7933=CARTESIAN_POINT('',(0.0977252920269966,-0.0105385446147621,0.0578693050282088));
#7934=CARTESIAN_POINT('',(0.102702697511874,-0.0105385446147621,0.0601793624777388));
#7935=CARTESIAN_POINT('',(0.0986252920269966,-0.0105385446147621,0.0582870029053244));
#7936=CARTESIAN_POINT('',(0.0986252920269966,-0.0105385446147621,0.0689648151636124));
#7937=CARTESIAN_POINT('',(0.0986252920269966,-0.0105385446147621,0.0527176978771157));
#7938=CARTESIAN_POINT('',(0.104829379862123,-0.0105385446147621,0.0555970693417504));
#7939=CARTESIAN_POINT('',(0.0977252920269966,-0.0105385446147621,0.0523));
#7940=CARTESIAN_POINT('',(0.0986252920269966,-0.0105385446147621,0.0523));
#7941=CARTESIAN_POINT('',(0.0986252920269966,-0.0105385446147621,0.0523));
#7942=CARTESIAN_POINT('',(0.0986252920269966,-0.0105385446147621,0.0689648151636124));
#7943=CARTESIAN_POINT('',(0.0919378537067212,-0.0105385446147621,0.04588));
#7944=CARTESIAN_POINT('',(0.0986252920269966,-0.00749516376882791,0.0718));
#7945=CARTESIAN_POINT('',(0.0986252920269966,-0.00749516376882791,0.0861335280463682));
#7946=CARTESIAN_POINT('',(0.0986252920269966,-0.00749516376882791,0.091702833074577));
#7947=CARTESIAN_POINT('',(0.0986252920269966,-0.00749516376882791,0.0718));
#7948=CARTESIAN_POINT('',(0.0986252920269966,-0.00749516376882791,0.108410748159203));
#7949=CARTESIAN_POINT('',(0.0986252920269966,-0.00751854461476206,0.116629630327225));
#7950=CARTESIAN_POINT('',(0.0986252920269966,-0.00749516376882791,0.0718));
#7951=CARTESIAN_POINT('',(0.0986252920269966,-0.00749516376882791,0.0527176978771157));
#7952=CARTESIAN_POINT('',(0.0986252920269966,-0.00749516376882791,0.0582870029053244));
#7953=CARTESIAN_POINT('',(0.0986252920269966,-0.00749516376882791,0.0718));
#7954=CARTESIAN_POINT('',(0.0986252920269966,-0.00749516376882791,0.102841443130995));
#7955=CARTESIAN_POINT('',(0.0986252920269966,-0.00749516376882791,0.0972721381027859));
#7956=CARTESIAN_POINT('',(0.0986252920269966,-0.00749516376882791,0.0718));
#7957=CARTESIAN_POINT('',(0.0986252920269966,-0.00749516376882791,0.0805642230181595));
#7958=CARTESIAN_POINT('',(0.0986252920269966,-0.00749516376882791,0.0749949179899507));
#7959=CARTESIAN_POINT('',(0.0986252920269966,-0.00749516376882791,0.0718));
#7960=CARTESIAN_POINT('',(0.0986252920269966,-0.00749516376882791,0.069425612961742));
#7961=CARTESIAN_POINT('',(0.0986252920269966,-0.00749516376882791,0.0638563079335332));
#7962=CARTESIAN_POINT('',(0.0597252920269966,-0.000995163768827914,0.1223));
#7963=CARTESIAN_POINT('',(0.0597252920269966,-0.00107516376882791,0.1023));
#7964=CARTESIAN_POINT('',(0.0597252920269966,-0.00107516376882791,0.11872));
#7965=CARTESIAN_POINT('',(0.0597252920269966,-0.00107516376882791,0.103145123359449));
#7966=CARTESIAN_POINT('',(0.0597252920269966,-0.00449854461476207,0.103145123359449));
#7967=CARTESIAN_POINT('',(0.0597252920269966,-0.00751854461476206,0.116629630327225));
#7968=CARTESIAN_POINT('',(0.0597252920269966,-0.0174951637688279,0.103145123359449));
#7969=CARTESIAN_POINT('',(0.0597252920269966,-0.0139151637688279,0.103145123359449));
#7970=CARTESIAN_POINT('',(0.0597252920269966,-0.0139151637688279,0.1223));
#7971=CARTESIAN_POINT('',(0.0597252920269966,-0.0139151637688279,0.11872));
#7972=CARTESIAN_POINT('',(0.0597252920269966,0.00250483623117208,0.11872));
#7973=CARTESIAN_POINT('',(0.23700533618927,-0.0540651637688279,0.1223));
#7974=CARTESIAN_POINT('',(0.23700533618927,-0.0540651637688279,0.0298));
#7975=CARTESIAN_POINT('',(0.23700533618927,-0.0139151637688279,0.0298));
#7976=CARTESIAN_POINT('',(0.23700533618927,-0.00107516376882791,0.0298));
#7977=CARTESIAN_POINT('',(0.23700533618927,-0.00107516376882791,0.03338));
#7978=CARTESIAN_POINT('',(0.23700533618927,-0.00107516376882791,0.13122));
#7979=CARTESIAN_POINT('',(0.23700533618927,-0.00107516376882791,0.1348));
#7980=CARTESIAN_POINT('',(0.23700533618927,-0.0540651637688279,0.1348));
#7981=CARTESIAN_POINT('',(0.23700533618927,-0.0139151637688279,0.1348));
#7982=CARTESIAN_POINT('',(0.23700533618927,-0.0139151637688279,0.13122));
#7983=CARTESIAN_POINT('',(0.23700533618927,-0.0139151637688279,0.03338));
#7984=CARTESIAN_POINT('',(0.23700533618927,-0.00436516376882791,0.0358));
#7985=CARTESIAN_POINT('',(0.23700533618927,-0.00436516376882791,0.0377549273304916));
#7986=CARTESIAN_POINT('',(0.23700533618927,-0.00436516376882791,0.1288));
#7987=CARTESIAN_POINT('',(0.23700533618927,-0.00436516376882791,0.126845072669508));
#7988=CARTESIAN_POINT('',(0.0986252920269966,-0.00751854461476206,0.116629630327225));
#7989=CARTESIAN_POINT('',(0.0986252920269966,-0.00749516376882791,0.0718));
#7990=CARTESIAN_POINT('',(0.0986252920269966,-0.00749516376882791,0.0523));
#7991=CARTESIAN_POINT('',(0.0597252920269966,-0.000995163768827914,0.1023));
#7992=CARTESIAN_POINT('',(0.0597252920269966,-0.0139151637688279,0.1023));
#7993=CARTESIAN_POINT('',(0.0887358043629415,-0.0139151637688279,0.0442789753281102));
#7994=CARTESIAN_POINT('',(0.0601032426832169,-0.0139151637688279,0.101544098687559));
#7995=CARTESIAN_POINT('',(0.0601032426832169,-0.0105385446147621,0.101544098687559));
#7996=CARTESIAN_POINT('',(0.0887358043629415,-0.0174951637688279,0.0442789753281102));
#7997=CARTESIAN_POINT('',(0.0597252920269966,-0.000995163768827914,0.1023));
#7998=CARTESIAN_POINT('',(0.0601032426832169,0.00250483623117208,0.101544098687559));
#7999=CARTESIAN_POINT('',(0.0601032426832169,-0.00107516376882791,0.101544098687559));
#8000=CARTESIAN_POINT('',(0.0597252920269966,-0.00107516376882791,0.1023));
#8001=CARTESIAN_POINT('',(0.0887358043629415,-0.00107516376882791,0.0442789753281102));
#8002=CARTESIAN_POINT('',(0.0887358043629415,-0.00449854461476207,0.0442789753281102));
#8003=CARTESIAN_POINT('',(0.0977252920269966,0.00250683623117209,0.0606539575423132));
#8004=CARTESIAN_POINT('',(0.0977252920269966,0.00250683623117209,0.0578693050282088));
#8005=CARTESIAN_POINT('',(0.0977252920269966,2.48362311720857E-5,0.0578693050282088));
#8006=CARTESIAN_POINT('',(0.0977252920269966,2.48362311720857E-5,0.0634386100564175));
#8007=CARTESIAN_POINT('',(0.0977252920269966,2.48362311720857E-5,0.0634386100564175));
#8008=CARTESIAN_POINT('',(0.0977252920269966,0.00250683623117209,0.0634386100564175));
#8009=CARTESIAN_POINT('',(0.150365314108134,0.00250683623117209,0.0878693050282088));
#8010=CARTESIAN_POINT('',(0.150365314108134,2.48362311720857E-5,0.0878693050282088));
#8011=CARTESIAN_POINT('',(0.202508759181034,2.48362311720857E-5,0.112069534264261));
#8012=CARTESIAN_POINT('',(0.202508759181034,-0.0174951637688279,0.112069534264261));
#8013=CARTESIAN_POINT('',(0.202508759181034,-0.0150151637688279,0.112069534264261));
#8014=CARTESIAN_POINT('',(0.0977252920269966,-0.0150151637688279,0.0634386100564175));
#8015=CARTESIAN_POINT('',(0.0977252920269966,-0.0150151637688279,0.0634386100564175));
#8016=CARTESIAN_POINT('',(0.0977252920269966,0.00250683623117209,0.0634386100564175));
#8017=CARTESIAN_POINT('',(0.156365314108134,0.00250683623117209,0.0850846525141044));
#8018=CARTESIAN_POINT('',(0.21500533618927,0.00250683623117209,0.1123));
#8019=CARTESIAN_POINT('',(0.21500533618927,2.48362311720857E-5,0.1123));
#8020=CARTESIAN_POINT('',(0.21500533618927,-0.0150151637688279,0.1123));
#8021=CARTESIAN_POINT('',(0.0977252920269966,2.48362311720857E-5,0.0578693050282088));
#8022=CARTESIAN_POINT('',(0.0977252920269966,0.00250683623117209,0.0578693050282088));
#8023=CARTESIAN_POINT('',(0.0977252920269966,-0.0150151637688279,0.0578693050282088));
#8024=CARTESIAN_POINT('',(0.156365314108134,-0.0150151637688279,0.0850846525141044));
#8025=CARTESIAN_POINT('',(0.20900533618927,0.00250683623117209,0.1123));
#8026=CARTESIAN_POINT('',(0.20300533618927,-0.0150151637688279,0.1123));
#8027=CARTESIAN_POINT('',(0.20355278772179,-0.0150151637688279,0.1123));
#8028=CARTESIAN_POINT('',(0.20355278772179,0.00250483623117208,0.1123));
#8029=CARTESIAN_POINT('',(0.20355278772179,2.48362311720857E-5,0.1123));
#8030=CARTESIAN_POINT('',(0.20900533618927,2.48362311720857E-5,0.1123));
#8031=CARTESIAN_POINT('',(0.0977252920269966,0.00250683623117209,0.0606539575423132));
#8032=CARTESIAN_POINT('',(0.0977252920269966,-0.0150151637688279,0.0606539575423132));
#8033=CARTESIAN_POINT('',(0.0977252920269966,0.00250683623117209,0.0717925675987307));
#8034=CARTESIAN_POINT('',(0.0977252920269966,0.00250683623117209,0.0690079150846263));
#8035=CARTESIAN_POINT('',(0.0977252920269966,2.48362311720857E-5,0.0690079150846263));
#8036=CARTESIAN_POINT('',(0.0977252920269966,2.48362311720857E-5,0.0745772201128351));
#8037=CARTESIAN_POINT('',(0.0977252920269966,2.48362311720857E-5,0.0745772201128351));
#8038=CARTESIAN_POINT('',(0.0977252920269966,0.00250683623117209,0.0745772201128351));
#8039=CARTESIAN_POINT('',(0.138365314108133,0.00250683623117209,0.0934386100564176));
#8040=CARTESIAN_POINT('',(0.138365314108133,2.48362311720857E-5,0.0934386100564176));
#8041=CARTESIAN_POINT('',(0.178508759181034,2.48362311720857E-5,0.112069534264261));
#8042=CARTESIAN_POINT('',(0.178508759181034,-0.0174951637688279,0.112069534264261));
#8043=CARTESIAN_POINT('',(0.178508759181034,-0.0150151637688279,0.112069534264261));
#8044=CARTESIAN_POINT('',(0.0977252920269966,-0.0150151637688279,0.0745772201128351));
#8045=CARTESIAN_POINT('',(0.0977252920269966,-0.0150151637688279,0.0745772201128351));
#8046=CARTESIAN_POINT('',(0.0977252920269966,0.00250683623117209,0.0745772201128351));
#8047=CARTESIAN_POINT('',(0.144365314108133,0.00250683623117209,0.0906539575423132));
#8048=CARTESIAN_POINT('',(0.19100533618927,0.00250683623117209,0.1123));
#8049=CARTESIAN_POINT('',(0.19100533618927,2.48362311720857E-5,0.1123));
#8050=CARTESIAN_POINT('',(0.19100533618927,-0.0150151637688279,0.1123));
#8051=CARTESIAN_POINT('',(0.0977252920269966,2.48362311720857E-5,0.0690079150846263));
#8052=CARTESIAN_POINT('',(0.0977252920269966,0.00250683623117209,0.0690079150846263));
#8053=CARTESIAN_POINT('',(0.0977252920269966,-0.0150151637688279,0.0690079150846263));
#8054=CARTESIAN_POINT('',(0.144365314108133,-0.0150151637688279,0.0906539575423132));
#8055=CARTESIAN_POINT('',(0.18500533618927,0.00250683623117209,0.1123));
#8056=CARTESIAN_POINT('',(0.17900533618927,-0.0150151637688279,0.1123));
#8057=CARTESIAN_POINT('',(0.17955278772179,-0.0150151637688279,0.1123));
#8058=CARTESIAN_POINT('',(0.17955278772179,0.00250483623117208,0.1123));
#8059=CARTESIAN_POINT('',(0.17955278772179,2.48362311720857E-5,0.1123));
#8060=CARTESIAN_POINT('',(0.18500533618927,2.48362311720857E-5,0.1123));
#8061=CARTESIAN_POINT('',(0.0977252920269966,0.00250683623117209,0.0717925675987307));
#8062=CARTESIAN_POINT('',(0.0977252920269966,-0.0150151637688279,0.0717925675987307));
#8063=CARTESIAN_POINT('',(0.0977252920269966,0.00250683623117209,0.0940697877115658));
#8064=CARTESIAN_POINT('',(0.0977252920269966,0.00250683623117209,0.0912851351974614));
#8065=CARTESIAN_POINT('',(0.0977252920269966,2.48362311720857E-5,0.0912851351974614));
#8066=CARTESIAN_POINT('',(0.0977252920269966,2.48362311720857E-5,0.0968544402256703));
#8067=CARTESIAN_POINT('',(0.0977252920269966,2.48362311720857E-5,0.0968544402256703));
#8068=CARTESIAN_POINT('',(0.0977252920269966,0.00250683623117209,0.0968544402256703));
#8069=CARTESIAN_POINT('',(0.114365314108133,0.00250683623117209,0.104577220112835));
#8070=CARTESIAN_POINT('',(0.114365314108133,2.48362311720857E-5,0.104577220112835));
#8071=CARTESIAN_POINT('',(0.130508759181033,2.48362311720857E-5,0.112069534264261));
#8072=CARTESIAN_POINT('',(0.130508759181033,-0.0174951637688279,0.112069534264261));
#8073=CARTESIAN_POINT('',(0.130508759181033,-0.0150151637688279,0.112069534264261));
#8074=CARTESIAN_POINT('',(0.0977252920269966,-0.0150151637688279,0.0968544402256703));
#8075=CARTESIAN_POINT('',(0.0977252920269966,-0.0150151637688279,0.0968544402256703));
#8076=CARTESIAN_POINT('',(0.0977252920269966,0.00250683623117209,0.0968544402256703));
#8077=CARTESIAN_POINT('',(0.120365314108133,0.00250683623117209,0.101792567598731));
#8078=CARTESIAN_POINT('',(0.14300533618927,0.00250683623117209,0.1123));
#8079=CARTESIAN_POINT('',(0.14300533618927,2.48362311720857E-5,0.1123));
#8080=CARTESIAN_POINT('',(0.14300533618927,-0.0150151637688279,0.1123));
#8081=CARTESIAN_POINT('',(0.0977252920269966,2.48362311720857E-5,0.0912851351974614));
#8082=CARTESIAN_POINT('',(0.0977252920269966,0.00250683623117209,0.0912851351974614));
#8083=CARTESIAN_POINT('',(0.0977252920269966,-0.0150151637688279,0.0912851351974614));
#8084=CARTESIAN_POINT('',(0.120365314108133,-0.0150151637688279,0.101792567598731));
#8085=CARTESIAN_POINT('',(0.13700533618927,0.00250683623117209,0.1123));
#8086=CARTESIAN_POINT('',(0.13100533618927,-0.0150151637688279,0.1123));
#8087=CARTESIAN_POINT('',(0.13155278772179,-0.0150151637688279,0.1123));
#8088=CARTESIAN_POINT('',(0.13155278772179,0.00250483623117208,0.1123));
#8089=CARTESIAN_POINT('',(0.13155278772179,2.48362311720857E-5,0.1123));
#8090=CARTESIAN_POINT('',(0.13700533618927,2.48362311720857E-5,0.1123));
#8091=CARTESIAN_POINT('',(0.0977252920269966,0.00250683623117209,0.0940697877115658));
#8092=CARTESIAN_POINT('',(0.0977252920269966,-0.0150151637688279,0.0940697877115658));
#8093=CARTESIAN_POINT('',(0.162365314108133,0.00250683623117209,0.0823));
#8094=CARTESIAN_POINT('',(0.22700533618927,0.00250683623117209,0.1123));
#8095=CARTESIAN_POINT('',(0.22700533618927,2.48362311720857E-5,0.1123));
#8096=CARTESIAN_POINT('',(0.22700533618927,-0.0150151637688279,0.1123));
#8097=CARTESIAN_POINT('',(0.0977252920269966,-0.0150151637688279,0.0523));
#8098=CARTESIAN_POINT('',(0.0977252920269966,-0.0150151637688279,0.0523));
#8099=CARTESIAN_POINT('',(0.0977252920269966,0.00250683623117209,0.0523));
#8100=CARTESIAN_POINT('',(0.0977252920269966,0.00250683623117209,0.0523));
#8101=CARTESIAN_POINT('',(0.0977252920269966,2.48362311720857E-5,0.0523));
#8102=CARTESIAN_POINT('',(0.162365314108133,2.48362311720857E-5,0.0823));
#8103=CARTESIAN_POINT('',(0.103725292026997,0.00250683623117209,0.0523));
#8104=CARTESIAN_POINT('',(0.103725292026997,-0.0150151637688279,0.0523));
#8105=CARTESIAN_POINT('',(0.109177840494476,-0.0150151637688279,0.0523));
#8106=CARTESIAN_POINT('',(0.109177840494476,0.00250483623117208,0.0523));
#8107=CARTESIAN_POINT('',(0.109177840494476,2.48362311720857E-5,0.0523));
#8108=CARTESIAN_POINT('',(0.0977252920269966,2.48362311720857E-5,0.0523));
#8109=CARTESIAN_POINT('',(0.22700533618927,0.00250683623117209,0.109515347485896));
#8110=CARTESIAN_POINT('',(0.22700533618927,2.48362311720857E-5,0.109515347485896));
#8111=CARTESIAN_POINT('',(0.22700533618927,2.48362311720857E-5,0.106730694971791));
#8112=CARTESIAN_POINT('',(0.22700533618927,0.00250683623117209,0.106730694971791));
#8113=CARTESIAN_POINT('',(0.22700533618927,-0.0150151637688279,0.106730694971791));
#8114=CARTESIAN_POINT('',(0.22700533618927,-0.0150151637688279,0.1123));
#8115=CARTESIAN_POINT('',(0.168365314108133,0.00250683623117209,0.0795153474858956));
#8116=CARTESIAN_POINT('',(0.109725292026997,2.48362311720857E-5,0.0523));
#8117=CARTESIAN_POINT('',(0.110221869035233,2.48362311720857E-5,0.0525304657357387));
#8118=CARTESIAN_POINT('',(0.110221869035233,-0.0174951637688279,0.0525304657357387));
#8119=CARTESIAN_POINT('',(0.110221869035233,-0.0150151637688279,0.0525304657357387));
#8120=CARTESIAN_POINT('',(0.168365314108133,-0.0150151637688279,0.0795153474858956));
#8121=CARTESIAN_POINT('',(0.0977252920269966,0.00250683623117209,0.105208397767983));
#8122=CARTESIAN_POINT('',(0.0977252920269966,0.00250683623117209,0.102423745253879));
#8123=CARTESIAN_POINT('',(0.0977252920269966,2.48362311720857E-5,0.102423745253879));
#8124=CARTESIAN_POINT('',(0.0977252920269966,2.48362311720857E-5,0.107993050282088));
#8125=CARTESIAN_POINT('',(0.0977252920269966,2.48362311720857E-5,0.107993050282088));
#8126=CARTESIAN_POINT('',(0.0977252920269966,0.00250683623117209,0.107993050282088));
#8127=CARTESIAN_POINT('',(0.102365314108133,0.00250683623117209,0.110146525141044));
#8128=CARTESIAN_POINT('',(0.102365314108133,2.48362311720857E-5,0.110146525141044));
#8129=CARTESIAN_POINT('',(0.106508759181033,2.48362311720857E-5,0.112069534264261));
#8130=CARTESIAN_POINT('',(0.106508759181033,-0.0174951637688279,0.112069534264261));
#8131=CARTESIAN_POINT('',(0.106508759181033,-0.0150151637688279,0.112069534264261));
#8132=CARTESIAN_POINT('',(0.0977252920269966,-0.0150151637688279,0.107993050282088));
#8133=CARTESIAN_POINT('',(0.0977252920269966,-0.0150151637688279,0.107993050282088));
#8134=CARTESIAN_POINT('',(0.0977252920269966,0.00250683623117209,0.107993050282088));
#8135=CARTESIAN_POINT('',(0.108365314108133,0.00250683623117209,0.10736187262694));
#8136=CARTESIAN_POINT('',(0.11900533618927,0.00250683623117209,0.1123));
#8137=CARTESIAN_POINT('',(0.11900533618927,2.48362311720857E-5,0.1123));
#8138=CARTESIAN_POINT('',(0.11900533618927,-0.0150151637688279,0.1123));
#8139=CARTESIAN_POINT('',(0.0977252920269966,2.48362311720857E-5,0.102423745253879));
#8140=CARTESIAN_POINT('',(0.0977252920269966,0.00250683623117209,0.102423745253879));
#8141=CARTESIAN_POINT('',(0.0977252920269966,-0.0150151637688279,0.102423745253879));
#8142=CARTESIAN_POINT('',(0.108365314108133,-0.0150151637688279,0.10736187262694));
#8143=CARTESIAN_POINT('',(0.11300533618927,0.00250683623117209,0.1123));
#8144=CARTESIAN_POINT('',(0.10755278772179,0.00250483623117208,0.1123));
#8145=CARTESIAN_POINT('',(0.10755278772179,-0.0150151637688279,0.1123));
#8146=CARTESIAN_POINT('',(0.10755278772179,2.48362311720857E-5,0.1123));
#8147=CARTESIAN_POINT('',(0.11300533618927,2.48362311720857E-5,0.1123));
#8148=CARTESIAN_POINT('',(0.107005336189269,-0.0150151637688279,0.1123));
#8149=CARTESIAN_POINT('',(0.0977252920269966,0.00250683623117209,0.105208397767983));
#8150=CARTESIAN_POINT('',(0.0977252920269966,-0.0150151637688279,0.105208397767983));
#8151=CARTESIAN_POINT('',(0.0977252920269966,0.00250683623117209,0.0829311776551482));
#8152=CARTESIAN_POINT('',(0.0977252920269966,0.00250683623117209,0.0801465251410438));
#8153=CARTESIAN_POINT('',(0.0977252920269966,2.48362311720857E-5,0.0801465251410438));
#8154=CARTESIAN_POINT('',(0.0977252920269966,2.48362311720857E-5,0.0857158301692526));
#8155=CARTESIAN_POINT('',(0.0977252920269966,2.48362311720857E-5,0.0857158301692526));
#8156=CARTESIAN_POINT('',(0.0977252920269966,0.00250683623117209,0.0857158301692526));
#8157=CARTESIAN_POINT('',(0.126365314108133,0.00250683623117209,0.0990079150846263));
#8158=CARTESIAN_POINT('',(0.126365314108133,2.48362311720857E-5,0.0990079150846263));
#8159=CARTESIAN_POINT('',(0.154508759181034,2.48362311720857E-5,0.112069534264261));
#8160=CARTESIAN_POINT('',(0.154508759181034,-0.0174951637688279,0.112069534264261));
#8161=CARTESIAN_POINT('',(0.154508759181034,-0.0150151637688279,0.112069534264261));
#8162=CARTESIAN_POINT('',(0.0977252920269966,-0.0150151637688279,0.0857158301692526));
#8163=CARTESIAN_POINT('',(0.0977252920269966,-0.0150151637688279,0.0857158301692526));
#8164=CARTESIAN_POINT('',(0.0977252920269966,0.00250683623117209,0.0857158301692526));
#8165=CARTESIAN_POINT('',(0.132365314108133,0.00250683623117209,0.0962232625705219));
#8166=CARTESIAN_POINT('',(0.16700533618927,0.00250683623117209,0.1123));
#8167=CARTESIAN_POINT('',(0.16700533618927,2.48362311720857E-5,0.1123));
#8168=CARTESIAN_POINT('',(0.16700533618927,-0.0150151637688279,0.1123));
#8169=CARTESIAN_POINT('',(0.0977252920269966,2.48362311720857E-5,0.0801465251410438));
#8170=CARTESIAN_POINT('',(0.0977252920269966,0.00250683623117209,0.0801465251410438));
#8171=CARTESIAN_POINT('',(0.0977252920269966,-0.0150151637688279,0.0801465251410438));
#8172=CARTESIAN_POINT('',(0.132365314108133,-0.0150151637688279,0.0962232625705219));
#8173=CARTESIAN_POINT('',(0.16100533618927,0.00250683623117209,0.1123));
#8174=CARTESIAN_POINT('',(0.15500533618927,-0.0150151637688279,0.1123));
#8175=CARTESIAN_POINT('',(0.15555278772179,-0.0150151637688279,0.1123));
#8176=CARTESIAN_POINT('',(0.15555278772179,0.00250483623117208,0.1123));
#8177=CARTESIAN_POINT('',(0.15555278772179,2.48362311720857E-5,0.1123));
#8178=CARTESIAN_POINT('',(0.16100533618927,2.48362311720857E-5,0.1123));
#8179=CARTESIAN_POINT('',(0.0977252920269966,0.00250683623117209,0.0829311776551482));
#8180=CARTESIAN_POINT('',(0.0977252920269966,-0.0150151637688279,0.0829311776551482));
#8181=CARTESIAN_POINT('',(0.199725292026996,0.00250683623117209,0.0523));
#8182=CARTESIAN_POINT('',(0.205177840494476,0.00250483623117208,0.0523));
#8183=CARTESIAN_POINT('',(0.205177840494476,-0.0150151637688279,0.0523));
#8184=CARTESIAN_POINT('',(0.205177840494476,2.48362311720857E-5,0.0523));
#8185=CARTESIAN_POINT('',(0.193725292026996,2.48362311720857E-5,0.0523));
#8186=CARTESIAN_POINT('',(0.193725292026996,2.48362311720857E-5,0.0523));
#8187=CARTESIAN_POINT('',(0.193725292026996,0.00250683623117209,0.0523));
#8188=CARTESIAN_POINT('',(0.193725292026996,-0.0150151637688279,0.0523));
#8189=CARTESIAN_POINT('',(0.199725292026996,-0.0150151637688279,0.0523));
#8190=CARTESIAN_POINT('',(0.216365314108133,0.00250683623117209,0.0572381273730607));
#8191=CARTESIAN_POINT('',(0.225569364730027,0.00250683623117209,0.0615098078237607));
#8192=CARTESIAN_POINT('',(0.225569364730027,-0.0150151637688279,0.0615098078237607));
#8193=CARTESIAN_POINT('',(0.225569364730027,2.48362311720857E-5,0.0615098078237607));
#8194=CARTESIAN_POINT('',(0.205725292026996,2.48362311720857E-5,0.0523));
#8195=CARTESIAN_POINT('',(0.206221869035233,2.48362311720857E-5,0.0525304657357387));
#8196=CARTESIAN_POINT('',(0.206221869035233,-0.0174951637688279,0.0525304657357387));
#8197=CARTESIAN_POINT('',(0.206221869035233,-0.0150151637688279,0.0525304657357387));
#8198=CARTESIAN_POINT('',(0.216365314108133,-0.0150151637688279,0.0572381273730607));
#8199=CARTESIAN_POINT('',(0.210365314108133,0.00250683623117209,0.0600227798871651));
#8200=CARTESIAN_POINT('',(0.210365314108133,2.48362311720857E-5,0.0600227798871651));
#8201=CARTESIAN_POINT('',(0.22700533618927,2.48362311720857E-5,0.0677455597743301));
#8202=CARTESIAN_POINT('',(0.22700533618927,0.00250683623117209,0.0677455597743301));
#8203=CARTESIAN_POINT('',(0.22700533618927,-0.0150151637688279,0.0677455597743301));
#8204=CARTESIAN_POINT('',(0.193725292026996,-0.0150151637688279,0.0523));
#8205=CARTESIAN_POINT('',(0.22700533618927,0.00250683623117209,0.0649609072602258));
#8206=CARTESIAN_POINT('',(0.22700533618927,2.48362311720857E-5,0.0649609072602258));
#8207=CARTESIAN_POINT('',(0.22700533618927,2.48362311720857E-5,0.063759342088022));
#8208=CARTESIAN_POINT('',(0.22700533618927,0.00250683623117209,0.063759342088022));
#8209=CARTESIAN_POINT('',(0.22700533618927,-0.0150151637688279,0.063759342088022));
#8210=CARTESIAN_POINT('',(0.22700533618927,-0.0150151637688279,0.0677455597743301));
#8211=CARTESIAN_POINT('',(0.222365314108133,0.00250683623117209,0.0523));
#8212=CARTESIAN_POINT('',(0.22452533618927,0.00250683623117209,0.0523));
#8213=CARTESIAN_POINT('',(0.22452533618927,-0.0150151637688279,0.0523));
#8214=CARTESIAN_POINT('',(0.22452533618927,2.48362311720857E-5,0.0523));
#8215=CARTESIAN_POINT('',(0.217725292026996,2.48362311720857E-5,0.0523));
#8216=CARTESIAN_POINT('',(0.217725292026996,2.48362311720857E-5,0.0523));
#8217=CARTESIAN_POINT('',(0.217725292026996,0.00250683623117209,0.0523));
#8218=CARTESIAN_POINT('',(0.217725292026996,-0.0150151637688279,0.0523));
#8219=CARTESIAN_POINT('',(0.222365314108133,-0.0150151637688279,0.0523));
#8220=CARTESIAN_POINT('',(0.222365314108133,0.00250683623117209,0.0544534748589563));
#8221=CARTESIAN_POINT('',(0.222365314108133,2.48362311720857E-5,0.0544534748589563));
#8222=CARTESIAN_POINT('',(0.22700533618927,2.48362311720857E-5,0.0566069497179127));
#8223=CARTESIAN_POINT('',(0.22700533618927,0.00250683623117209,0.0566069497179127));
#8224=CARTESIAN_POINT('',(0.22700533618927,-0.0150151637688279,0.0566069497179127));
#8225=CARTESIAN_POINT('',(0.217725292026996,-0.0150151637688279,0.0523));
#8226=CARTESIAN_POINT('',(0.22700533618927,0.00250683623117209,0.0544534748589563));
#8227=CARTESIAN_POINT('',(0.22700533618927,2.48362311720857E-5,0.0544534748589563));
#8228=CARTESIAN_POINT('',(0.22700533618927,2.48362311720857E-5,0.05478));
#8229=CARTESIAN_POINT('',(0.22700533618927,0.00250683623117209,0.05478));
#8230=CARTESIAN_POINT('',(0.22700533618927,-0.0150151637688279,0.05478));
#8231=CARTESIAN_POINT('',(0.22700533618927,-0.0150151637688279,0.0566069497179127));
#8232=CARTESIAN_POINT('',(0.127725292026997,0.00250683623117209,0.0523));
#8233=CARTESIAN_POINT('',(0.121725292026996,0.00250683623117209,0.0523));
#8234=CARTESIAN_POINT('',(0.121725292026996,2.48362311720857E-5,0.0523));
#8235=CARTESIAN_POINT('',(0.121725292026996,-0.0150151637688279,0.0523));
#8236=CARTESIAN_POINT('',(0.127725292026997,-0.0150151637688279,0.0523));
#8237=CARTESIAN_POINT('',(0.133177840494476,-0.0150151637688279,0.0523));
#8238=CARTESIAN_POINT('',(0.133177840494476,0.00250483623117208,0.0523));
#8239=CARTESIAN_POINT('',(0.133177840494476,2.48362311720857E-5,0.0523));
#8240=CARTESIAN_POINT('',(0.121725292026996,2.48362311720857E-5,0.0523));
#8241=CARTESIAN_POINT('',(0.180365314108134,0.00250683623117209,0.0739460424576869));
#8242=CARTESIAN_POINT('',(0.225569364730027,0.00250683623117209,0.094925637993013));
#8243=CARTESIAN_POINT('',(0.225569364730027,-0.0150151637688279,0.094925637993013));
#8244=CARTESIAN_POINT('',(0.225569364730027,2.48362311720857E-5,0.094925637993013));
#8245=CARTESIAN_POINT('',(0.133725292026997,2.48362311720857E-5,0.0523));
#8246=CARTESIAN_POINT('',(0.134221869035233,2.48362311720857E-5,0.0525304657357387));
#8247=CARTESIAN_POINT('',(0.134221869035233,-0.0174951637688279,0.0525304657357387));
#8248=CARTESIAN_POINT('',(0.134221869035233,-0.0150151637688279,0.0525304657357387));
#8249=CARTESIAN_POINT('',(0.180365314108134,-0.0150151637688279,0.0739460424576869));
#8250=CARTESIAN_POINT('',(0.174365314108133,0.00250683623117209,0.0767306949717912));
#8251=CARTESIAN_POINT('',(0.174365314108133,2.48362311720857E-5,0.0767306949717912));
#8252=CARTESIAN_POINT('',(0.22700533618927,2.48362311720857E-5,0.101161389943582));
#8253=CARTESIAN_POINT('',(0.22700533618927,0.00250683623117209,0.101161389943582));
#8254=CARTESIAN_POINT('',(0.22700533618927,-0.0150151637688279,0.101161389943582));
#8255=CARTESIAN_POINT('',(0.121725292026996,-0.0150151637688279,0.0523));
#8256=CARTESIAN_POINT('',(0.22700533618927,0.00250683623117209,0.0983767374294781));
#8257=CARTESIAN_POINT('',(0.22700533618927,0.00250683623117209,0.0971751722572744));
#8258=CARTESIAN_POINT('',(0.22700533618927,2.48362311720857E-5,0.0971751722572744));
#8259=CARTESIAN_POINT('',(0.22700533618927,-0.0150151637688279,0.0971751722572744));
#8260=CARTESIAN_POINT('',(0.22700533618927,-0.0150151637688279,0.101161389943582));
#8261=CARTESIAN_POINT('',(0.22700533618927,2.48362311720857E-5,0.0983767374294781));
#8262=CARTESIAN_POINT('',(0.175725292026996,0.00250683623117209,0.0523));
#8263=CARTESIAN_POINT('',(0.169725292026996,0.00250683623117209,0.0523));
#8264=CARTESIAN_POINT('',(0.169725292026996,2.48362311720857E-5,0.0523));
#8265=CARTESIAN_POINT('',(0.169725292026996,-0.0150151637688279,0.0523));
#8266=CARTESIAN_POINT('',(0.175725292026996,-0.0150151637688279,0.0523));
#8267=CARTESIAN_POINT('',(0.181177840494477,-0.0150151637688279,0.0523));
#8268=CARTESIAN_POINT('',(0.181177840494477,0.00250483623117208,0.0523));
#8269=CARTESIAN_POINT('',(0.181177840494477,2.48362311720857E-5,0.0523));
#8270=CARTESIAN_POINT('',(0.169725292026996,2.48362311720857E-5,0.0523));
#8271=CARTESIAN_POINT('',(0.204365314108133,0.00250683623117209,0.0628074324012693));
#8272=CARTESIAN_POINT('',(0.225569364730027,0.00250683623117209,0.0726484178801779));
#8273=CARTESIAN_POINT('',(0.225569364730027,-0.0150151637688279,0.0726484178801779));
#8274=CARTESIAN_POINT('',(0.225569364730027,2.48362311720857E-5,0.0726484178801779));
#8275=CARTESIAN_POINT('',(0.181725292026996,2.48362311720857E-5,0.0523));
#8276=CARTESIAN_POINT('',(0.182221869035233,2.48362311720857E-5,0.0525304657357387));
#8277=CARTESIAN_POINT('',(0.182221869035233,-0.0174951637688279,0.0525304657357387));
#8278=CARTESIAN_POINT('',(0.182221869035233,-0.0150151637688279,0.0525304657357387));
#8279=CARTESIAN_POINT('',(0.204365314108133,-0.0150151637688279,0.0628074324012693));
#8280=CARTESIAN_POINT('',(0.198365314108133,0.00250683623117209,0.0655920849153737));
#8281=CARTESIAN_POINT('',(0.198365314108133,2.48362311720857E-5,0.0655920849153737));
#8282=CARTESIAN_POINT('',(0.22700533618927,2.48362311720857E-5,0.0788841698307475));
#8283=CARTESIAN_POINT('',(0.22700533618927,0.00250683623117209,0.0788841698307475));
#8284=CARTESIAN_POINT('',(0.22700533618927,-0.0150151637688279,0.0788841698307475));
#8285=CARTESIAN_POINT('',(0.169725292026996,-0.0150151637688279,0.0523));
#8286=CARTESIAN_POINT('',(0.22700533618927,0.00250683623117209,0.0760995173166431));
#8287=CARTESIAN_POINT('',(0.22700533618927,0.00250683623117209,0.0748979521444393));
#8288=CARTESIAN_POINT('',(0.22700533618927,2.48362311720857E-5,0.0748979521444393));
#8289=CARTESIAN_POINT('',(0.22700533618927,-0.0150151637688279,0.0748979521444393));
#8290=CARTESIAN_POINT('',(0.22700533618927,-0.0150151637688279,0.0788841698307475));
#8291=CARTESIAN_POINT('',(0.22700533618927,2.48362311720857E-5,0.0760995173166431));
#8292=CARTESIAN_POINT('',(0.151725292026996,0.00250683623117209,0.0523));
#8293=CARTESIAN_POINT('',(0.145725292026996,0.00250683623117209,0.0523));
#8294=CARTESIAN_POINT('',(0.145725292026996,2.48362311720857E-5,0.0523));
#8295=CARTESIAN_POINT('',(0.145725292026996,-0.0150151637688279,0.0523));
#8296=CARTESIAN_POINT('',(0.151725292026996,-0.0150151637688279,0.0523));
#8297=CARTESIAN_POINT('',(0.157177840494477,-0.0150151637688279,0.0523));
#8298=CARTESIAN_POINT('',(0.157177840494477,0.00250483623117208,0.0523));
#8299=CARTESIAN_POINT('',(0.157177840494477,2.48362311720857E-5,0.0523));
#8300=CARTESIAN_POINT('',(0.145725292026996,2.48362311720857E-5,0.0523));
#8301=CARTESIAN_POINT('',(0.192365314108133,0.00250683623117209,0.0683767374294781));
#8302=CARTESIAN_POINT('',(0.225569364730027,0.00250683623117209,0.0837870279365955));
#8303=CARTESIAN_POINT('',(0.225569364730027,-0.0150151637688279,0.0837870279365955));
#8304=CARTESIAN_POINT('',(0.225569364730027,2.48362311720857E-5,0.0837870279365955));
#8305=CARTESIAN_POINT('',(0.157725292026996,2.48362311720857E-5,0.0523));
#8306=CARTESIAN_POINT('',(0.158221869035233,2.48362311720857E-5,0.0525304657357387));
#8307=CARTESIAN_POINT('',(0.158221869035233,-0.0174951637688279,0.0525304657357387));
#8308=CARTESIAN_POINT('',(0.158221869035233,-0.0150151637688279,0.0525304657357387));
#8309=CARTESIAN_POINT('',(0.192365314108133,-0.0150151637688279,0.0683767374294781));
#8310=CARTESIAN_POINT('',(0.186365314108134,0.00250683623117209,0.0711613899435825));
#8311=CARTESIAN_POINT('',(0.186365314108134,2.48362311720857E-5,0.0711613899435825));
#8312=CARTESIAN_POINT('',(0.22700533618927,2.48362311720857E-5,0.090022779887165));
#8313=CARTESIAN_POINT('',(0.22700533618927,0.00250683623117209,0.090022779887165));
#8314=CARTESIAN_POINT('',(0.22700533618927,-0.0150151637688279,0.090022779887165));
#8315=CARTESIAN_POINT('',(0.145725292026996,-0.0150151637688279,0.0523));
#8316=CARTESIAN_POINT('',(0.22700533618927,0.00250683623117209,0.0872381273730606));
#8317=CARTESIAN_POINT('',(0.22700533618927,0.00250683623117209,0.0860365622008568));
#8318=CARTESIAN_POINT('',(0.22700533618927,2.48362311720857E-5,0.0860365622008568));
#8319=CARTESIAN_POINT('',(0.22700533618927,-0.0150151637688279,0.0860365622008568));
#8320=CARTESIAN_POINT('',(0.22700533618927,-0.0150151637688279,0.090022779887165));
#8321=CARTESIAN_POINT('',(0.22700533618927,2.48362311720857E-5,0.0872381273730606));
#8322=CARTESIAN_POINT('',(0.129868153807368,-0.0150151637688279,0.0142588102435132));
#8323=CARTESIAN_POINT('',(0.225961307648513,-0.0150151637688279,0.058856483982174));
#8324=CARTESIAN_POINT('',(0.21668126348624,-0.0150151637688279,0.0545495342642613));
#8325=CARTESIAN_POINT('',(0.22700533618927,-0.0150151637688279,0.0566069497179127));
#8326=CARTESIAN_POINT('',(0.22948533618927,-0.0150151637688279,0.0566069497179127));
#8327=CARTESIAN_POINT('',(0.217725292026996,-0.0150151637688279,0.0523));
#8328=CARTESIAN_POINT('',(0.217725292026996,-0.0150151637688279,0.04982));
#8329=CARTESIAN_POINT('',(0.22948533618927,-0.0150151637688279,0.1223));
#8330=CARTESIAN_POINT('',(0.22948533618927,-0.0150151637688279,0.05478));
#8331=CARTESIAN_POINT('',(0.222365314108133,-0.0150151637688279,0.04982));
#8332=CARTESIAN_POINT('',(0.22452533618927,-0.0150151637688279,0.04982));
#8333=CARTESIAN_POINT('',(0.22452533618927,-0.0150151637688279,0.05478));
#8334=CARTESIAN_POINT('',(0.22452533618927,-0.0150151637688279,0.05478));
#8335=CARTESIAN_POINT('',(0.22452533618927,0.00250683623117209,0.05478));
#8336=CARTESIAN_POINT('',(0.22452533618927,2.48362311720857E-5,0.05478));
#8337=CARTESIAN_POINT('',(0.22452533618927,2.48362311720857E-5,0.05478));
#8338=CARTESIAN_POINT('',(0.22948533618927,2.48362311720857E-5,0.05478));
#8339=CARTESIAN_POINT('',(0.22452533618927,2.48362311720857E-5,0.04982));
#8340=CARTESIAN_POINT('',(0.168365314108133,2.48362311720857E-5,0.04982));
#8341=CARTESIAN_POINT('',(0.217725292026996,2.48362311720857E-5,0.04982));
#8342=CARTESIAN_POINT('',(0.22948533618927,2.48362311720857E-5,0.0544534748589563));
#8343=CARTESIAN_POINT('',(0.22948533618927,2.48362311720857E-5,0.0566069497179127));
#8344=CARTESIAN_POINT('',(0.217725292026996,2.48362311720857E-5,0.0523));
#8345=CARTESIAN_POINT('',(0.21668126348624,2.48362311720857E-5,0.0545495342642613));
#8346=CARTESIAN_POINT('',(0.22700533618927,2.48362311720857E-5,0.0566069497179127));
#8347=CARTESIAN_POINT('',(0.225961307648513,2.48362311720857E-5,0.058856483982174));
#8348=CARTESIAN_POINT('',(0.221321285567377,2.48362311720857E-5,0.0567030091232177));
#8349=CARTESIAN_POINT('',(0.22700533618927,-0.0150151637688279,0.0677455597743301));
#8350=CARTESIAN_POINT('',(0.225961307648513,-0.0150151637688279,0.0699950940385915));
#8351=CARTESIAN_POINT('',(0.22948533618927,-0.0150151637688279,0.0677455597743301));
#8352=CARTESIAN_POINT('',(0.22948533618927,-0.0150151637688279,0.1223));
#8353=CARTESIAN_POINT('',(0.22948533618927,-0.0150151637688279,0.063759342088022));
#8354=CARTESIAN_POINT('',(0.12561478910687,-0.0150151637688279,0.02342339651549));
#8355=CARTESIAN_POINT('',(0.192681263486239,-0.0150151637688279,0.0545495342642614));
#8356=CARTESIAN_POINT('',(0.22452533618927,-0.0150151637688279,0.063759342088022));
#8357=CARTESIAN_POINT('',(0.22452533618927,-0.0150151637688279,0.063759342088022));
#8358=CARTESIAN_POINT('',(0.226613393270783,-0.0150151637688279,0.0592602735594993));
#8359=CARTESIAN_POINT('',(0.193725292026996,-0.0150151637688279,0.0523));
#8360=CARTESIAN_POINT('',(0.193725292026996,-0.0150151637688279,0.04982));
#8361=CARTESIAN_POINT('',(0.22948533618927,2.48362311720857E-5,0.0649609072602258));
#8362=CARTESIAN_POINT('',(0.22948533618927,2.48362311720857E-5,0.063759342088022));
#8363=CARTESIAN_POINT('',(0.22948533618927,2.48362311720857E-5,0.0677455597743301));
#8364=CARTESIAN_POINT('',(0.22452533618927,0.00250683623117209,0.063759342088022));
#8365=CARTESIAN_POINT('',(0.22452533618927,2.48362311720857E-5,0.063759342088022));
#8366=CARTESIAN_POINT('',(0.21740934264889,-0.0150151637688279,0.0549885931087994));
#8367=CARTESIAN_POINT('',(0.207265897575989,-0.0150151637688279,0.0502809314714773));
#8368=CARTESIAN_POINT('',(0.199725292026996,-0.0150151637688279,0.04982));
#8369=CARTESIAN_POINT('',(0.205177840494476,-0.0150151637688279,0.04982));
#8370=CARTESIAN_POINT('',(0.22700533618927,2.48362311720857E-5,0.0677455597743301));
#8371=CARTESIAN_POINT('',(0.225961307648513,2.48362311720857E-5,0.0699950940385915));
#8372=CARTESIAN_POINT('',(0.22452533618927,2.48362311720857E-5,0.063759342088022));
#8373=CARTESIAN_POINT('',(0.226613393270783,2.48362311720857E-5,0.0592602735594993));
#8374=CARTESIAN_POINT('',(0.205177840494476,-0.0150151637688279,0.05478));
#8375=CARTESIAN_POINT('',(0.205177840494476,-0.0150151637688279,0.05478));
#8376=CARTESIAN_POINT('',(0.209321285567377,2.48362311720857E-5,0.0622723141514264));
#8377=CARTESIAN_POINT('',(0.192681263486239,2.48362311720857E-5,0.0545495342642614));
#8378=CARTESIAN_POINT('',(0.202760453079301,2.48362311720857E-5,0.0481899152473336));
#8379=CARTESIAN_POINT('',(0.207265897575989,2.48362311720857E-5,0.0502809314714773));
#8380=CARTESIAN_POINT('',(0.205177840494476,0.00250683623117209,0.05478));
#8381=CARTESIAN_POINT('',(0.205177840494476,2.48362311720857E-5,0.05478));
#8382=CARTESIAN_POINT('',(0.193725292026996,2.48362311720857E-5,0.0523));
#8383=CARTESIAN_POINT('',(0.193725292026996,2.48362311720857E-5,0.04982));
#8384=CARTESIAN_POINT('',(0.205177840494476,2.48362311720857E-5,0.05478));
#8385=CARTESIAN_POINT('',(0.205177840494476,2.48362311720857E-5,0.04982));
#8386=CARTESIAN_POINT('',(0.168365314108133,2.48362311720857E-5,0.04982));
#8387=CARTESIAN_POINT('',(0.0977252920269966,-0.0150151637688279,0.0912851351974614));
#8388=CARTESIAN_POINT('',(0.0987693205677532,-0.0150151637688279,0.0890356009332));
#8389=CARTESIAN_POINT('',(0.0952452920269966,-0.0150151637688279,0.0912851351974614));
#8390=CARTESIAN_POINT('',(0.0952452920269966,-0.0150151637688279,0.0940697877115658));
#8391=CARTESIAN_POINT('',(0.0952452920269966,-0.0150151637688279,0.0968544402256703));
#8392=CARTESIAN_POINT('',(0.12140934264889,-0.0150151637688279,0.0995430333344694));
#8393=CARTESIAN_POINT('',(0.144049364730027,-0.0150151637688279,0.110050465735739));
#8394=CARTESIAN_POINT('',(0.0977252920269966,-0.0150151637688279,0.0968544402256703));
#8395=CARTESIAN_POINT('',(0.0966812634862401,-0.0150151637688279,0.0991039744899316));
#8396=CARTESIAN_POINT('',(0.14300533618927,-0.0150151637688279,0.1123));
#8397=CARTESIAN_POINT('',(0.14300533618927,-0.0150151637688279,0.11478));
#8398=CARTESIAN_POINT('',(0.091587871502888,-0.0150151637688279,0.0967400866913048));
#8399=CARTESIAN_POINT('',(0.129464730640277,-0.0150151637688279,0.114319068528523));
#8400=CARTESIAN_POINT('',(0.0797252920269966,-0.0150151637688279,0.11478));
#8401=CARTESIAN_POINT('',(0.13155278772179,-0.0150151637688279,0.11478));
#8402=CARTESIAN_POINT('',(0.168733535475318,2.48362311720857E-5,0.121506605423148));
#8403=CARTESIAN_POINT('',(0.144049364730027,2.48362311720857E-5,0.110050465735739));
#8404=CARTESIAN_POINT('',(0.0987693205677532,2.48362311720857E-5,0.0890356009332));
#8405=CARTESIAN_POINT('',(0.0977252920269966,2.48362311720857E-5,0.0912851351974614));
#8406=CARTESIAN_POINT('',(0.0952452920269966,2.48362311720857E-5,0.0912851351974614));
#8407=CARTESIAN_POINT('',(0.13155278772179,-0.0150151637688279,0.10982));
#8408=CARTESIAN_POINT('',(0.13155278772179,-0.0150151637688279,0.10982));
#8409=CARTESIAN_POINT('',(0.14300533618927,2.48362311720857E-5,0.1123));
#8410=CARTESIAN_POINT('',(0.14300533618927,2.48362311720857E-5,0.11478));
#8411=CARTESIAN_POINT('',(0.0952452920269966,2.48362311720857E-5,0.1223));
#8412=CARTESIAN_POINT('',(0.0952452920269966,2.48362311720857E-5,0.0968544402256703));
#8413=CARTESIAN_POINT('',(0.13155278772179,0.00250683623117209,0.10982));
#8414=CARTESIAN_POINT('',(0.13155278772179,2.48362311720857E-5,0.10982));
#8415=CARTESIAN_POINT('',(0.13700533618927,2.48362311720857E-5,0.11478));
#8416=CARTESIAN_POINT('',(0.13155278772179,2.48362311720857E-5,0.11478));
#8417=CARTESIAN_POINT('',(0.0977252920269966,2.48362311720857E-5,0.0968544402256703));
#8418=CARTESIAN_POINT('',(0.0966812634862401,2.48362311720857E-5,0.0991039744899316));
#8419=CARTESIAN_POINT('',(0.13155278772179,2.48362311720857E-5,0.10982));
#8420=CARTESIAN_POINT('',(0.129464730640277,2.48362311720857E-5,0.114319068528523));
#8421=CARTESIAN_POINT('',(0.113321285567377,2.48362311720857E-5,0.106826754377096));
#8422=CARTESIAN_POINT('',(0.0977252920269966,-0.0150151637688279,0.102423745253879));
#8423=CARTESIAN_POINT('',(0.0987693205677532,-0.0150151637688279,0.100174210989618));
#8424=CARTESIAN_POINT('',(0.0952452920269966,-0.0150151637688279,0.102423745253879));
#8425=CARTESIAN_POINT('',(0.0952452920269966,-0.0150151637688279,0.105208397767983));
#8426=CARTESIAN_POINT('',(0.0952452920269966,-0.0150151637688279,0.107993050282088));
#8427=CARTESIAN_POINT('',(0.10940934264889,-0.0150151637688279,0.105112338362678));
#8428=CARTESIAN_POINT('',(0.120049364730026,-0.0150151637688279,0.110050465735739));
#8429=CARTESIAN_POINT('',(0.0977252920269966,-0.0150151637688279,0.107993050282088));
#8430=CARTESIAN_POINT('',(0.0966812634862401,-0.0150151637688279,0.110242584546349));
#8431=CARTESIAN_POINT('',(0.11900533618927,-0.0150151637688279,0.1123));
#8432=CARTESIAN_POINT('',(0.11900533618927,-0.0150151637688279,0.11478));
#8433=CARTESIAN_POINT('',(0.0873345068023901,-0.0150151637688279,0.105904672963282));
#8434=CARTESIAN_POINT('',(0.105464730640276,-0.0150151637688279,0.114319068528523));
#8435=CARTESIAN_POINT('',(0.0797252920269966,-0.0150151637688279,0.11478));
#8436=CARTESIAN_POINT('',(0.10755278772179,-0.0150151637688279,0.11478));
#8437=CARTESIAN_POINT('',(0.10755278772179,-0.0150151637688279,0.10982));
#8438=CARTESIAN_POINT('',(0.10755278772179,-0.0150151637688279,0.10982));
#8439=CARTESIAN_POINT('',(0.10755278772179,0.00250683623117209,0.10982));
#8440=CARTESIAN_POINT('',(0.10755278772179,2.48362311720857E-5,0.10982));
#8441=CARTESIAN_POINT('',(0.11300533618927,2.48362311720857E-5,0.11478));
#8442=CARTESIAN_POINT('',(0.11900533618927,2.48362311720857E-5,0.11478));
#8443=CARTESIAN_POINT('',(0.10755278772179,2.48362311720857E-5,0.11478));
#8444=CARTESIAN_POINT('',(0.10755278772179,2.48362311720857E-5,0.10982));
#8445=CARTESIAN_POINT('',(0.105464730640276,2.48362311720857E-5,0.114319068528523));
#8446=CARTESIAN_POINT('',(0.11900533618927,2.48362311720857E-5,0.1123));
#8447=CARTESIAN_POINT('',(0.120049364730026,2.48362311720857E-5,0.110050465735739));
#8448=CARTESIAN_POINT('',(0.101321285567376,2.48362311720857E-5,0.112396059405305));
#8449=CARTESIAN_POINT('',(0.0966812634862401,2.48362311720857E-5,0.110242584546349));
#8450=CARTESIAN_POINT('',(0.16448017077482,2.48362311720857E-5,0.130671191695125));
#8451=CARTESIAN_POINT('',(0.0987693205677532,2.48362311720857E-5,0.100174210989618));
#8452=CARTESIAN_POINT('',(0.0977252920269966,2.48362311720857E-5,0.107993050282088));
#8453=CARTESIAN_POINT('',(0.0952452920269966,2.48362311720857E-5,0.107993050282088));
#8454=CARTESIAN_POINT('',(0.0977252920269966,2.48362311720857E-5,0.102423745253879));
#8455=CARTESIAN_POINT('',(0.0952452920269966,2.48362311720857E-5,0.102423745253879));
#8456=CARTESIAN_POINT('',(0.0952452920269966,2.48362311720857E-5,0.1223));
#8457=CARTESIAN_POINT('',(0.22700533618927,2.48362311720857E-5,0.1123));
#8458=CARTESIAN_POINT('',(0.22948533618927,2.48362311720857E-5,0.1123));
#8459=CARTESIAN_POINT('',(0.225961307648513,2.48362311720857E-5,0.114549534264261));
#8460=CARTESIAN_POINT('',(0.161321285567377,2.48362311720857E-5,0.0845495342642614));
#8461=CARTESIAN_POINT('',(0.0966812634862401,2.48362311720857E-5,0.0545495342642613));
#8462=CARTESIAN_POINT('',(0.22948533618927,2.48362311720857E-5,0.109515347485896));
#8463=CARTESIAN_POINT('',(0.22948533618927,2.48362311720857E-5,0.106730694971791));
#8464=CARTESIAN_POINT('',(0.0977252920269966,2.48362311720857E-5,0.0523));
#8465=CARTESIAN_POINT('',(0.0977252920269966,2.48362311720857E-5,0.04982));
#8466=CARTESIAN_POINT('',(0.22700533618927,2.48362311720857E-5,0.106730694971791));
#8467=CARTESIAN_POINT('',(0.228049364730027,2.48362311720857E-5,0.10448116070753));
#8468=CARTESIAN_POINT('',(0.168365314108133,2.48362311720857E-5,0.04982));
#8469=CARTESIAN_POINT('',(0.109177840494476,2.48362311720857E-5,0.04982));
#8470=CARTESIAN_POINT('',(0.185746994277309,2.48362311720857E-5,0.0848482603352408));
#8471=CARTESIAN_POINT('',(0.11126589757599,2.48362311720857E-5,0.0502809314714773));
#8472=CARTESIAN_POINT('',(0.22948533618927,-0.0150151637688279,0.1223));
#8473=CARTESIAN_POINT('',(0.22948533618927,-0.0150151637688279,0.106730694971791));
#8474=CARTESIAN_POINT('',(0.22948533618927,-0.0150151637688279,0.1123));
#8475=CARTESIAN_POINT('',(0.22700533618927,-0.0150151637688279,0.1123));
#8476=CARTESIAN_POINT('',(0.225961307648513,-0.0150151637688279,0.114549534264261));
#8477=CARTESIAN_POINT('',(0.109177840494476,2.48362311720857E-5,0.05478));
#8478=CARTESIAN_POINT('',(0.109177840494476,2.48362311720857E-5,0.05478));
#8479=CARTESIAN_POINT('',(0.22700533618927,-0.0150151637688279,0.106730694971791));
#8480=CARTESIAN_POINT('',(0.228049364730027,-0.0150151637688279,0.10448116070753));
#8481=CARTESIAN_POINT('',(0.108601330304879,-0.0150151637688279,0.0600817416033973));
#8482=CARTESIAN_POINT('',(0.0966812634862401,-0.0150151637688279,0.0545495342642613));
#8483=CARTESIAN_POINT('',(0.109177840494476,0.00250683623117209,0.05478));
#8484=CARTESIAN_POINT('',(0.109177840494476,-0.0150151637688279,0.05478));
#8485=CARTESIAN_POINT('',(0.16940934264889,-0.0150151637688279,0.0772658132216343));
#8486=CARTESIAN_POINT('',(0.11126589757599,-0.0150151637688279,0.0502809314714773));
#8487=CARTESIAN_POINT('',(0.0977252920269966,-0.0150151637688279,0.0523));
#8488=CARTESIAN_POINT('',(0.0977252920269966,-0.0150151637688279,0.04982));
#8489=CARTESIAN_POINT('',(0.109177840494476,-0.0150151637688279,0.05478));
#8490=CARTESIAN_POINT('',(0.109177840494476,-0.0150151637688279,0.04982));
#8491=CARTESIAN_POINT('',(0.103725292026997,-0.0150151637688279,0.04982));
#8492=CARTESIAN_POINT('',(0.121725292026996,2.48362311720857E-5,0.0523));
#8493=CARTESIAN_POINT('',(0.12068126348624,2.48362311720857E-5,0.0545495342642613));
#8494=CARTESIAN_POINT('',(0.121725292026996,2.48362311720857E-5,0.04982));
#8495=CARTESIAN_POINT('',(0.168365314108133,2.48362311720857E-5,0.04982));
#8496=CARTESIAN_POINT('',(0.133177840494476,2.48362311720857E-5,0.04982));
#8497=CARTESIAN_POINT('',(0.173321285567376,2.48362311720857E-5,0.0789802292360526));
#8498=CARTESIAN_POINT('',(0.225961307648513,2.48362311720857E-5,0.103410924207844));
#8499=CARTESIAN_POINT('',(0.133177840494476,2.48362311720857E-5,0.05478));
#8500=CARTESIAN_POINT('',(0.133177840494476,2.48362311720857E-5,0.05478));
#8501=CARTESIAN_POINT('',(0.13526589757599,2.48362311720857E-5,0.0502809314714773));
#8502=CARTESIAN_POINT('',(0.22700533618927,2.48362311720857E-5,0.101161389943582));
#8503=CARTESIAN_POINT('',(0.22948533618927,2.48362311720857E-5,0.101161389943582));
#8504=CARTESIAN_POINT('',(0.127725292026997,-0.0150151637688279,0.04982));
#8505=CARTESIAN_POINT('',(0.133177840494476,-0.0150151637688279,0.04982));
#8506=CARTESIAN_POINT('',(0.121725292026996,-0.0150151637688279,0.04982));
#8507=CARTESIAN_POINT('',(0.133177840494476,0.00250683623117209,0.05478));
#8508=CARTESIAN_POINT('',(0.133177840494476,-0.0150151637688279,0.05478));
#8509=CARTESIAN_POINT('',(0.190000358977807,2.48362311720857E-5,0.075683674063264));
#8510=CARTESIAN_POINT('',(0.226613393270783,2.48362311720857E-5,0.0926761037287517));
#8511=CARTESIAN_POINT('',(0.22948533618927,2.48362311720857E-5,0.0983767374294781));
#8512=CARTESIAN_POINT('',(0.22948533618927,2.48362311720857E-5,0.0971751722572744));
#8513=CARTESIAN_POINT('',(0.121725292026996,-0.0150151637688279,0.0523));
#8514=CARTESIAN_POINT('',(0.12068126348624,-0.0150151637688279,0.0545495342642613));
#8515=CARTESIAN_POINT('',(0.133177840494476,-0.0150151637688279,0.05478));
#8516=CARTESIAN_POINT('',(0.13526589757599,-0.0150151637688279,0.0502809314714773));
#8517=CARTESIAN_POINT('',(0.22452533618927,2.48362311720857E-5,0.0971751722572744));
#8518=CARTESIAN_POINT('',(0.22452533618927,2.48362311720857E-5,0.0971751722572744));
#8519=CARTESIAN_POINT('',(0.112854695005377,-0.0150151637688279,0.0509171553314205));
#8520=CARTESIAN_POINT('',(0.225961307648513,-0.0150151637688279,0.103410924207844));
#8521=CARTESIAN_POINT('',(0.18140934264889,-0.0150151637688279,0.0716965081934256));
#8522=CARTESIAN_POINT('',(0.226613393270783,-0.0150151637688279,0.0926761037287517));
#8523=CARTESIAN_POINT('',(0.22452533618927,0.00250683623117209,0.0971751722572744));
#8524=CARTESIAN_POINT('',(0.22452533618927,-0.0150151637688279,0.0971751722572744));
#8525=CARTESIAN_POINT('',(0.22700533618927,-0.0150151637688279,0.101161389943582));
#8526=CARTESIAN_POINT('',(0.22948533618927,-0.0150151637688279,0.101161389943582));
#8527=CARTESIAN_POINT('',(0.22452533618927,-0.0150151637688279,0.0971751722572744));
#8528=CARTESIAN_POINT('',(0.22948533618927,-0.0150151637688279,0.0971751722572744));
#8529=CARTESIAN_POINT('',(0.22948533618927,-0.0150151637688279,0.1223));
#8530=CARTESIAN_POINT('',(0.145725292026996,2.48362311720857E-5,0.0523));
#8531=CARTESIAN_POINT('',(0.14468126348624,2.48362311720857E-5,0.0545495342642613));
#8532=CARTESIAN_POINT('',(0.145725292026996,2.48362311720857E-5,0.04982));
#8533=CARTESIAN_POINT('',(0.168365314108133,2.48362311720857E-5,0.04982));
#8534=CARTESIAN_POINT('',(0.157177840494477,2.48362311720857E-5,0.04982));
#8535=CARTESIAN_POINT('',(0.185321285567376,2.48362311720857E-5,0.0734109242078438));
#8536=CARTESIAN_POINT('',(0.225961307648513,2.48362311720857E-5,0.0922723141514263));
#8537=CARTESIAN_POINT('',(0.157177840494477,2.48362311720857E-5,0.05478));
#8538=CARTESIAN_POINT('',(0.157177840494477,2.48362311720861E-5,0.05478));
#8539=CARTESIAN_POINT('',(0.159265897575989,2.48362311720857E-5,0.0502809314714773));
#8540=CARTESIAN_POINT('',(0.22700533618927,2.48362311720857E-5,0.090022779887165));
#8541=CARTESIAN_POINT('',(0.22948533618927,2.48362311720857E-5,0.090022779887165));
#8542=CARTESIAN_POINT('',(0.151725292026996,-0.0150151637688279,0.04982));
#8543=CARTESIAN_POINT('',(0.157177840494477,-0.0150151637688279,0.04982));
#8544=CARTESIAN_POINT('',(0.145725292026996,-0.0150151637688279,0.04982));
#8545=CARTESIAN_POINT('',(0.157177840494477,0.00250683623117209,0.05478));
#8546=CARTESIAN_POINT('',(0.157177840494477,-0.0150151637688279,0.05478));
#8547=CARTESIAN_POINT('',(0.194253723678305,2.48362311720857E-5,0.0665190877912871));
#8548=CARTESIAN_POINT('',(0.226613393270783,2.48362311720857E-5,0.0815374936723342));
#8549=CARTESIAN_POINT('',(0.22948533618927,2.48362311720857E-5,0.0872381273730606));
#8550=CARTESIAN_POINT('',(0.22948533618927,2.48362311720857E-5,0.0860365622008568));
#8551=CARTESIAN_POINT('',(0.145725292026996,-0.0150151637688279,0.0523));
#8552=CARTESIAN_POINT('',(0.14468126348624,-0.0150151637688279,0.0545495342642613));
#8553=CARTESIAN_POINT('',(0.157177840494477,-0.0150151637688279,0.05478));
#8554=CARTESIAN_POINT('',(0.159265897575989,-0.0150151637688279,0.0502809314714773));
#8555=CARTESIAN_POINT('',(0.22452533618927,2.48362311720857E-5,0.0860365622008568));
#8556=CARTESIAN_POINT('',(0.22452533618927,2.48362311720857E-5,0.0860365622008568));
#8557=CARTESIAN_POINT('',(0.117108059705875,-0.0150151637688279,0.0417525690594436));
#8558=CARTESIAN_POINT('',(0.225961307648513,-0.0150151637688279,0.0922723141514263));
#8559=CARTESIAN_POINT('',(0.19340934264889,-0.0150151637688279,0.0661272031652168));
#8560=CARTESIAN_POINT('',(0.226613393270783,-0.0150151637688279,0.0815374936723342));
#8561=CARTESIAN_POINT('',(0.22452533618927,0.00250683623117209,0.0860365622008568));
#8562=CARTESIAN_POINT('',(0.22452533618927,-0.0150151637688279,0.0860365622008568));
#8563=CARTESIAN_POINT('',(0.22700533618927,-0.0150151637688279,0.090022779887165));
#8564=CARTESIAN_POINT('',(0.22948533618927,-0.0150151637688279,0.090022779887165));
#8565=CARTESIAN_POINT('',(0.22452533618927,-0.0150151637688279,0.0860365622008568));
#8566=CARTESIAN_POINT('',(0.22948533618927,-0.0150151637688279,0.0860365622008568));
#8567=CARTESIAN_POINT('',(0.22948533618927,-0.0150151637688279,0.1223));
#8568=CARTESIAN_POINT('',(0.169725292026996,2.48362311720857E-5,0.0523));
#8569=CARTESIAN_POINT('',(0.16868126348624,2.48362311720857E-5,0.0545495342642613));
#8570=CARTESIAN_POINT('',(0.169725292026996,2.48362311720857E-5,0.04982));
#8571=CARTESIAN_POINT('',(0.168365314108133,2.48362311720857E-5,0.04982));
#8572=CARTESIAN_POINT('',(0.181177840494477,2.48362311720857E-5,0.04982));
#8573=CARTESIAN_POINT('',(0.197321285567376,2.48362311720857E-5,0.0678416191796351));
#8574=CARTESIAN_POINT('',(0.225961307648513,2.48362311720857E-5,0.0811337040950088));
#8575=CARTESIAN_POINT('',(0.181177840494477,2.48362311720857E-5,0.05478));
#8576=CARTESIAN_POINT('',(0.181177840494477,2.48362311720857E-5,0.05478));
#8577=CARTESIAN_POINT('',(0.183265897575989,2.48362311720857E-5,0.0502809314714773));
#8578=CARTESIAN_POINT('',(0.22700533618927,2.48362311720857E-5,0.0788841698307475));
#8579=CARTESIAN_POINT('',(0.22948533618927,2.48362311720857E-5,0.0788841698307475));
#8580=CARTESIAN_POINT('',(0.175725292026996,-0.0150151637688279,0.04982));
#8581=CARTESIAN_POINT('',(0.181177840494477,-0.0150151637688279,0.04982));
#8582=CARTESIAN_POINT('',(0.169725292026996,-0.0150151637688279,0.04982));
#8583=CARTESIAN_POINT('',(0.181177840494477,0.00250683623117209,0.05478));
#8584=CARTESIAN_POINT('',(0.181177840494477,-0.0150151637688279,0.05478));
#8585=CARTESIAN_POINT('',(0.198507088378802,2.48362311720857E-5,0.0573545015193103));
#8586=CARTESIAN_POINT('',(0.226613393270783,2.48362311720857E-5,0.0703988836159166));
#8587=CARTESIAN_POINT('',(0.22948533618927,2.48362311720857E-5,0.0760995173166431));
#8588=CARTESIAN_POINT('',(0.22948533618927,2.48362311720857E-5,0.0748979521444393));
#8589=CARTESIAN_POINT('',(0.169725292026996,-0.0150151637688279,0.0523));
#8590=CARTESIAN_POINT('',(0.16868126348624,-0.0150151637688279,0.0545495342642613));
#8591=CARTESIAN_POINT('',(0.181177840494477,-0.0150151637688279,0.05478));
#8592=CARTESIAN_POINT('',(0.183265897575989,-0.0150151637688279,0.0502809314714773));
#8593=CARTESIAN_POINT('',(0.22452533618927,2.48362311720857E-5,0.0748979521444393));
#8594=CARTESIAN_POINT('',(0.22452533618927,2.48362311720857E-5,0.0748979521444393));
#8595=CARTESIAN_POINT('',(0.121361424406373,-0.0150151637688279,0.0325879827874667));
#8596=CARTESIAN_POINT('',(0.225961307648513,-0.0150151637688279,0.0811337040950088));
#8597=CARTESIAN_POINT('',(0.20540934264889,-0.0150151637688279,0.060557898137008));
#8598=CARTESIAN_POINT('',(0.226613393270783,-0.0150151637688279,0.0703988836159166));
#8599=CARTESIAN_POINT('',(0.22452533618927,0.00250683623117209,0.0748979521444393));
#8600=CARTESIAN_POINT('',(0.22452533618927,-0.0150151637688279,0.0748979521444393));
#8601=CARTESIAN_POINT('',(0.22700533618927,-0.0150151637688279,0.0788841698307475));
#8602=CARTESIAN_POINT('',(0.22948533618927,-0.0150151637688279,0.0788841698307475));
#8603=CARTESIAN_POINT('',(0.22452533618927,-0.0150151637688279,0.0748979521444393));
#8604=CARTESIAN_POINT('',(0.22948533618927,-0.0150151637688279,0.0748979521444393));
#8605=CARTESIAN_POINT('',(0.22948533618927,-0.0150151637688279,0.1223));
#8606=CARTESIAN_POINT('',(0.0977252920269966,2.48362311720857E-5,0.0578693050282088));
#8607=CARTESIAN_POINT('',(0.0952452920269966,2.48362311720857E-5,0.0578693050282088));
#8608=CARTESIAN_POINT('',(0.0987693205677532,2.48362311720857E-5,0.0556197707639475));
#8609=CARTESIAN_POINT('',(0.181493629576812,2.48362311720857E-5,0.0940128466072177));
#8610=CARTESIAN_POINT('',(0.216049364730027,2.48362311720857E-5,0.110050465735739));
#8611=CARTESIAN_POINT('',(0.0952452920269966,2.48362311720857E-5,0.1223));
#8612=CARTESIAN_POINT('',(0.0952452920269966,2.48362311720857E-5,0.0634386100564175));
#8613=CARTESIAN_POINT('',(0.21500533618927,2.48362311720857E-5,0.1123));
#8614=CARTESIAN_POINT('',(0.21500533618927,2.48362311720857E-5,0.11478));
#8615=CARTESIAN_POINT('',(0.0977252920269966,2.48362311720857E-5,0.0634386100564175));
#8616=CARTESIAN_POINT('',(0.0966812634862401,2.48362311720857E-5,0.0656881443206789));
#8617=CARTESIAN_POINT('',(0.20900533618927,2.48362311720857E-5,0.11478));
#8618=CARTESIAN_POINT('',(0.20355278772179,2.48362311720857E-5,0.11478));
#8619=CARTESIAN_POINT('',(0.149321285567377,2.48362311720857E-5,0.0901188392924702));
#8620=CARTESIAN_POINT('',(0.201464730640277,2.48362311720857E-5,0.114319068528523));
#8621=CARTESIAN_POINT('',(0.20355278772179,2.48362311720857E-5,0.10982));
#8622=CARTESIAN_POINT('',(0.20355278772179,2.48362311720857E-5,0.10982));
#8623=CARTESIAN_POINT('',(0.20355278772179,0.00250683623117209,0.10982));
#8624=CARTESIAN_POINT('',(0.20355278772179,-0.0150151637688279,0.10982));
#8625=CARTESIAN_POINT('',(0.0797252920269966,-0.0150151637688279,0.11478));
#8626=CARTESIAN_POINT('',(0.21500533618927,-0.0150151637688279,0.11478));
#8627=CARTESIAN_POINT('',(0.20355278772179,-0.0150151637688279,0.11478));
#8628=CARTESIAN_POINT('',(0.20355278772179,-0.0150151637688279,0.10982));
#8629=CARTESIAN_POINT('',(0.201464730640277,-0.0150151637688279,0.114319068528523));
#8630=CARTESIAN_POINT('',(0.21500533618927,-0.0150151637688279,0.1123));
#8631=CARTESIAN_POINT('',(0.216049364730027,-0.0150151637688279,0.110050465735739));
#8632=CARTESIAN_POINT('',(0.104347965604381,-0.0150151637688279,0.0692463278753742));
#8633=CARTESIAN_POINT('',(0.0966812634862401,-0.0150151637688279,0.0656881443206789));
#8634=CARTESIAN_POINT('',(0.15740934264889,-0.0150151637688279,0.0828351182498431));
#8635=CARTESIAN_POINT('',(0.0987693205677532,-0.0150151637688279,0.0556197707639475));
#8636=CARTESIAN_POINT('',(0.0977252920269966,-0.0150151637688279,0.0634386100564175));
#8637=CARTESIAN_POINT('',(0.0952452920269966,-0.0150151637688279,0.0634386100564175));
#8638=CARTESIAN_POINT('',(0.0977252920269966,-0.0150151637688279,0.0578693050282088));
#8639=CARTESIAN_POINT('',(0.0952452920269966,-0.0150151637688279,0.0578693050282088));
#8640=CARTESIAN_POINT('',(0.0952452920269966,-0.0150151637688279,0.0606539575423132));
#8641=CARTESIAN_POINT('',(0.0977252920269966,2.48362311720857E-5,0.0690079150846263));
#8642=CARTESIAN_POINT('',(0.0952452920269966,2.48362311720857E-5,0.0690079150846263));
#8643=CARTESIAN_POINT('',(0.0987693205677532,2.48362311720857E-5,0.066758380820365));
#8644=CARTESIAN_POINT('',(0.177240264876314,2.48362311720857E-5,0.103177432879194));
#8645=CARTESIAN_POINT('',(0.192049364730027,2.48362311720857E-5,0.110050465735739));
#8646=CARTESIAN_POINT('',(0.0952452920269966,2.48362311720857E-5,0.1223));
#8647=CARTESIAN_POINT('',(0.0952452920269966,2.48362311720857E-5,0.0745772201128351));
#8648=CARTESIAN_POINT('',(0.19100533618927,2.48362311720857E-5,0.1123));
#8649=CARTESIAN_POINT('',(0.19100533618927,2.48362311720857E-5,0.11478));
#8650=CARTESIAN_POINT('',(0.0977252920269966,2.48362311720857E-5,0.0745772201128351));
#8651=CARTESIAN_POINT('',(0.0966812634862401,2.48362311720857E-5,0.0768267543770964));
#8652=CARTESIAN_POINT('',(0.18500533618927,2.48362311720857E-5,0.11478));
#8653=CARTESIAN_POINT('',(0.17955278772179,2.48362311720857E-5,0.11478));
#8654=CARTESIAN_POINT('',(0.137321285567377,2.48362311720857E-5,0.0956881443206789));
#8655=CARTESIAN_POINT('',(0.177464730640277,2.48362311720857E-5,0.114319068528523));
#8656=CARTESIAN_POINT('',(0.17955278772179,2.48362311720857E-5,0.10982));
#8657=CARTESIAN_POINT('',(0.17955278772179,2.48362311720857E-5,0.10982));
#8658=CARTESIAN_POINT('',(0.17955278772179,0.00250683623117209,0.10982));
#8659=CARTESIAN_POINT('',(0.17955278772179,-0.0150151637688279,0.10982));
#8660=CARTESIAN_POINT('',(0.0797252920269966,-0.0150151637688279,0.11478));
#8661=CARTESIAN_POINT('',(0.19100533618927,-0.0150151637688279,0.11478));
#8662=CARTESIAN_POINT('',(0.17955278772179,-0.0150151637688279,0.11478));
#8663=CARTESIAN_POINT('',(0.17955278772179,-0.0150151637688279,0.10982));
#8664=CARTESIAN_POINT('',(0.177464730640277,-0.0150151637688279,0.114319068528523));
#8665=CARTESIAN_POINT('',(0.19100533618927,-0.0150151637688279,0.1123));
#8666=CARTESIAN_POINT('',(0.192049364730027,-0.0150151637688279,0.110050465735739));
#8667=CARTESIAN_POINT('',(0.100094600903884,-0.0150151637688279,0.078410914147351));
#8668=CARTESIAN_POINT('',(0.0966812634862401,-0.0150151637688279,0.0768267543770964));
#8669=CARTESIAN_POINT('',(0.14540934264889,-0.0150151637688279,0.0884044232780518));
#8670=CARTESIAN_POINT('',(0.0987693205677532,-0.0150151637688279,0.066758380820365));
#8671=CARTESIAN_POINT('',(0.0977252920269966,-0.0150151637688279,0.0745772201128351));
#8672=CARTESIAN_POINT('',(0.0952452920269966,-0.0150151637688279,0.0745772201128351));
#8673=CARTESIAN_POINT('',(0.0977252920269966,-0.0150151637688279,0.0690079150846263));
#8674=CARTESIAN_POINT('',(0.0952452920269966,-0.0150151637688279,0.0690079150846263));
#8675=CARTESIAN_POINT('',(0.0952452920269966,-0.0150151637688279,0.0717925675987307));
#8676=CARTESIAN_POINT('',(0.0977252920269966,2.48362311720857E-5,0.0801465251410438));
#8677=CARTESIAN_POINT('',(0.0952452920269966,2.48362311720857E-5,0.0801465251410438));
#8678=CARTESIAN_POINT('',(0.0987693205677532,2.48362311720857E-5,0.0778969908767825));
#8679=CARTESIAN_POINT('',(0.172986900175816,2.48362311720857E-5,0.112342019151171));
#8680=CARTESIAN_POINT('',(0.168049364730027,2.48362311720857E-5,0.110050465735739));
#8681=CARTESIAN_POINT('',(0.0952452920269966,2.48362311720857E-5,0.1223));
#8682=CARTESIAN_POINT('',(0.0952452920269966,2.48362311720857E-5,0.0857158301692526));
#8683=CARTESIAN_POINT('',(0.16700533618927,2.48362311720857E-5,0.1123));
#8684=CARTESIAN_POINT('',(0.16700533618927,2.48362311720857E-5,0.11478));
#8685=CARTESIAN_POINT('',(0.0977252920269966,2.48362311720857E-5,0.0857158301692526));
#8686=CARTESIAN_POINT('',(0.0966812634862401,2.48362311720857E-5,0.0879653644335139));
#8687=CARTESIAN_POINT('',(0.16100533618927,2.48362311720857E-5,0.11478));
#8688=CARTESIAN_POINT('',(0.15555278772179,2.48362311720857E-5,0.11478));
#8689=CARTESIAN_POINT('',(0.125321285567377,2.48362311720857E-5,0.101257449348888));
#8690=CARTESIAN_POINT('',(0.153464730640277,2.48362311720857E-5,0.114319068528523));
#8691=CARTESIAN_POINT('',(0.0952452920269966,-0.0150151637688279,0.0829311776551482));
#8692=CARTESIAN_POINT('',(0.0952452920269966,-0.0150151637688279,0.0801465251410438));
#8693=CARTESIAN_POINT('',(0.0952452920269966,-0.0150151637688279,0.0857158301692526));
#8694=CARTESIAN_POINT('',(0.15555278772179,2.48362311720857E-5,0.10982));
#8695=CARTESIAN_POINT('',(0.15555278772179,2.48362311720861E-5,0.10982));
#8696=CARTESIAN_POINT('',(0.0977252920269966,-0.0150151637688279,0.0857158301692526));
#8697=CARTESIAN_POINT('',(0.0966812634862401,-0.0150151637688279,0.0879653644335139));
#8698=CARTESIAN_POINT('',(0.0977252920269966,-0.0150151637688279,0.0801465251410438));
#8699=CARTESIAN_POINT('',(0.0987693205677532,-0.0150151637688279,0.0778969908767825));
#8700=CARTESIAN_POINT('',(0.15555278772179,0.00250683623117209,0.10982));
#8701=CARTESIAN_POINT('',(0.15555278772179,-0.0150151637688279,0.10982));
#8702=CARTESIAN_POINT('',(0.0958412362033858,-0.0150151637688279,0.0875755004193279));
#8703=CARTESIAN_POINT('',(0.153464730640277,-0.0150151637688279,0.114319068528523));
#8704=CARTESIAN_POINT('',(0.13340934264889,-0.0150151637688279,0.0939737283062606));
#8705=CARTESIAN_POINT('',(0.168049364730027,-0.0150151637688279,0.110050465735739));
#8706=CARTESIAN_POINT('',(0.15555278772179,-0.0150151637688279,0.10982));
#8707=CARTESIAN_POINT('',(0.15555278772179,-0.0150151637688279,0.11478));
#8708=CARTESIAN_POINT('',(0.16700533618927,-0.0150151637688279,0.1123));
#8709=CARTESIAN_POINT('',(0.16700533618927,-0.0150151637688279,0.11478));
#8710=CARTESIAN_POINT('',(0.0797252920269966,-0.0150151637688279,0.11478));
#8711=CARTESIAN_POINT('',(0.148365314108133,-0.00749516376882791,0.0298));
#8712=CARTESIAN_POINT('',(0.231488220742566,-0.00749516376882791,0.0298));
#8713=CARTESIAN_POINT('',(0.231488220742566,-0.0139151637688279,0.0298));
#8714=CARTESIAN_POINT('',(0.231488220742566,-0.00107516376882791,0.0298));
#8715=CARTESIAN_POINT('',(0.148365314108133,-0.00107516376882791,0.0298));
#8716=CARTESIAN_POINT('',(0.23000533618927,-0.0139151637688279,0.0298));
#8717=CARTESIAN_POINT('',(0.23000533618927,-0.00749516376882791,0.0298));
#8718=CARTESIAN_POINT('',(0.218553893912622,-0.00749516376882791,0.0412514422766478));
#8719=CARTESIAN_POINT('',(0.218553893912622,-0.0139151637688279,0.0412514422766478));
#8720=CARTESIAN_POINT('',(0.218553893912622,-0.00107516376882791,0.0412514422766478));
#8721=CARTESIAN_POINT('',(0.23000533618927,-0.00107516376882791,0.0298));
#8722=CARTESIAN_POINT('',(0.220319265914608,-0.00107516376882791,0.0394860702746613));
#8723=CARTESIAN_POINT('',(0.22400533618927,-0.00436516376882791,0.0358));
#8724=CARTESIAN_POINT('',(0.227691406463932,-0.00107516376882791,0.0321139297253386));
#8725=CARTESIAN_POINT('',(0.23000533618927,-0.00107516376882791,0.0298));
#8726=CARTESIAN_POINT('',(0.228956778465918,-0.00107516376882791,0.0308485577233522));
#8727=CARTESIAN_POINT('',(0.228956778465918,-0.00749516376882791,0.0308485577233522));
#8728=CARTESIAN_POINT('',(0.228956778465918,-0.0139151637688279,0.0308485577233522));
#8729=CARTESIAN_POINT('',(0.21750533618927,-0.0139151637688279,0.0423));
#8730=CARTESIAN_POINT('',(0.21750333618927,-0.00436516376882791,0.0358));
#8731=CARTESIAN_POINT('',(0.23120533618927,-0.00436516376882791,0.0358));
#8732=CARTESIAN_POINT('',(0.23120533618927,-0.00436516376882791,0.0377549273304916));
#8733=CARTESIAN_POINT('',(0.21750333618927,-0.00436516376882791,0.0358));
#8734=CARTESIAN_POINT('',(0.23120533618927,-0.00436516376882791,0.0358));
#8735=CARTESIAN_POINT('',(0.23120533618927,-0.00436516376882791,0.0407407705947293));
#8736=CARTESIAN_POINT('',(0.220319265914608,-0.00107516376882791,0.0394860702746613));
#8737=CARTESIAN_POINT('',(0.220842758879697,-0.000488649526393801,0.0389625773095725));
#8738=CARTESIAN_POINT('',(0.222228468074317,0.000225212451279414,0.037888265619502));
#8739=CARTESIAN_POINT('',(0.224345518959807,0.000690332366430956,0.0361255780252755));
#8740=CARTESIAN_POINT('',(0.226227044919722,0.000424667807488377,0.0339949554158478));
#8741=CARTESIAN_POINT('',(0.227170092916472,-0.000491091315615291,0.0326352432727984));
#8742=CARTESIAN_POINT('',(0.227691406463932,-0.00107516376882791,0.0321139297253387));
#8743=CARTESIAN_POINT('',(0.23120533618927,-0.00749516376882791,0.03605));
#8744=CARTESIAN_POINT('',(0.148365314108133,-0.00749516376882791,0.1348));
#8745=CARTESIAN_POINT('',(0.148365314108133,-0.00107516376882791,0.1348));
#8746=CARTESIAN_POINT('',(0.231488220742566,-0.00107516376882791,0.1348));
#8747=CARTESIAN_POINT('',(0.231488220742566,-0.00749516376882791,0.1348));
#8748=CARTESIAN_POINT('',(0.231488220742566,-0.0139151637688279,0.1348));
#8749=CARTESIAN_POINT('',(0.23700533618927,-0.0139151637688279,0.1348));
#8750=CARTESIAN_POINT('',(0.23000533618927,-0.00749516376882791,0.1348));
#8751=CARTESIAN_POINT('',(0.22400533618927,-0.00436516376882791,0.1288));
#8752=CARTESIAN_POINT('',(0.227691406463932,-0.00107516376882791,0.132486070274661));
#8753=CARTESIAN_POINT('',(0.220319265914608,-0.00107516376882791,0.125113929725339));
#8754=CARTESIAN_POINT('',(0.23000533618927,-0.00107516376882791,0.1348));
#8755=CARTESIAN_POINT('',(0.218553893912622,-0.00107516376882791,0.123348557723352));
#8756=CARTESIAN_POINT('',(0.218553893912622,-0.0174951637688279,0.123348557723352));
#8757=CARTESIAN_POINT('',(0.218553893912622,-0.0139151637688279,0.123348557723352));
#8758=CARTESIAN_POINT('',(0.23000533618927,-0.0139151637688279,0.1348));
#8759=CARTESIAN_POINT('',(0.228956778465918,-0.0139151637688279,0.133751442276648));
#8760=CARTESIAN_POINT('',(0.228956778465918,-0.00749516376882791,0.133751442276648));
#8761=CARTESIAN_POINT('',(0.228956778465918,-0.00107516376882791,0.133751442276648));
#8762=CARTESIAN_POINT('',(0.23000533618927,-0.00107516376882791,0.1348));
#8763=CARTESIAN_POINT('',(0.21750333618927,-0.00436516376882791,0.1288));
#8764=CARTESIAN_POINT('',(0.23120533618927,-0.00436516376882791,0.1288));
#8765=CARTESIAN_POINT('',(0.23120533618927,-0.00436516376882791,0.126845072669508));
#8766=CARTESIAN_POINT('',(0.21750333618927,-0.00436516376882791,0.1288));
#8767=CARTESIAN_POINT('',(0.23120533618927,-0.00436516376882791,0.1288));
#8768=CARTESIAN_POINT('',(0.23120533618927,-0.00436516376882791,0.123859229405271));
#8769=CARTESIAN_POINT('',(0.227691406463932,-0.00107516376882791,0.132486070274661));
#8770=CARTESIAN_POINT('',(0.227170224743973,-0.000491239013315878,0.131964888554703));
#8771=CARTESIAN_POINT('',(0.226223107100001,0.000426899900166132,0.130600992773368));
#8772=CARTESIAN_POINT('',(0.224348193197084,0.000688153441697897,0.128474470963082));
#8773=CARTESIAN_POINT('',(0.222570788960223,0.000307496838263118,0.127003604322491));
#8774=CARTESIAN_POINT('',(0.221205360383877,-0.000319156200436324,0.125907620934771));
#8775=CARTESIAN_POINT('',(0.220580089818337,-0.000782940292093856,0.125374753629067));
#8776=CARTESIAN_POINT('',(0.220319265914608,-0.0010751637688279,0.125113929725339));
#8777=CARTESIAN_POINT('',(0.23120533618927,-0.00749516376882791,0.12855));
#8778=CARTESIAN_POINT('',(0.0881598740816116,0.423186875991912,0.105677515268326));
#8779=CARTESIAN_POINT('',(0.0681722760200501,0.423186875991912,0.105677515268326));
#8780=CARTESIAN_POINT('',(0.0881598740816116,0.423186875991912,0.105677515268326));
#8781=CARTESIAN_POINT('',(0.0681722760200501,0.423186875991912,0.105677515268326));
#8782=CARTESIAN_POINT('',(0.148365314108133,-0.0139151637688279,0.13122));
#8783=CARTESIAN_POINT('',(0.231488220742566,-0.0139151637688279,0.13122));
#8784=CARTESIAN_POINT('',(0.231488220742566,-0.0139151637688279,0.13122));
#8785=CARTESIAN_POINT('',(0.231488220742566,-0.0139151637688279,0.13122));
#8786=CARTESIAN_POINT('',(0.231488220742566,-0.0139151637688279,0.13122));
#8787=CARTESIAN_POINT('',(0.168365314108133,-0.00107516376882791,0.13122));
#8788=CARTESIAN_POINT('',(0.231488220742566,-0.00107516376882791,0.13122));
#8789=CARTESIAN_POINT('',(0.231488220742566,-0.00749516376882791,0.13122));
#8790=CARTESIAN_POINT('',(0.231488220742566,-0.00107516376882791,0.13122));
#8791=CARTESIAN_POINT('',(0.151146756384781,-0.0139151637688279,0.0508785356422155));
#8792=CARTESIAN_POINT('',(0.22108533618927,-0.0139151637688279,0.120817115446704));
#8793=CARTESIAN_POINT('',(0.231488220742566,-0.00107516376882791,0.13122));
#8794=CARTESIAN_POINT('',(0.231488220742566,-0.00107516376882791,0.13122));
#8795=CARTESIAN_POINT('',(0.216022451635974,-0.0139151637688279,0.12588));
#8796=CARTESIAN_POINT('',(0.216022451635974,-0.0139151637688279,0.12588));
#8797=CARTESIAN_POINT('',(0.216022451635974,-0.0139151637688279,0.11872));
#8798=CARTESIAN_POINT('',(0.195466767425349,-0.00107516376882791,0.0951985466827838));
#8799=CARTESIAN_POINT('',(0.22108533618927,-0.00107516376882791,0.120817115446704));
#8800=CARTESIAN_POINT('',(0.216022451635974,-0.0350651637688279,0.12588));
#8801=CARTESIAN_POINT('',(0.216022451635974,-0.00107516376882791,0.12588));
#8802=CARTESIAN_POINT('',(0.106002668094635,-0.0139151637688279,0.11872));
#8803=CARTESIAN_POINT('',(0.0633052920269966,-0.0139151637688279,0.11872));
#8804=CARTESIAN_POINT('',(0.216022451635974,-0.00107516376882791,0.12588));
#8805=CARTESIAN_POINT('',(0.216022451635974,-0.00107516376882791,0.11872));
#8806=CARTESIAN_POINT('',(0.0633052920269966,-0.0139151637688279,0.11872));
#8807=CARTESIAN_POINT('',(0.0633052920269966,-0.0139151637688279,0.11872));
#8808=CARTESIAN_POINT('',(0.0633052920269966,-0.0139151637688279,0.11872));
#8809=CARTESIAN_POINT('',(0.168365314108133,-0.00107516376882791,0.11872));
#8810=CARTESIAN_POINT('',(0.0633052920269966,-0.00107516376882791,0.11872));
#8811=CARTESIAN_POINT('',(0.0633052920269966,-0.0350651637688279,0.11872));
#8812=CARTESIAN_POINT('',(0.0633052920269966,-0.00107516376882791,0.11872));
#8813=CARTESIAN_POINT('',(0.0633052920269966,-0.000995163768827914,0.103145123359449));
#8814=CARTESIAN_POINT('',(0.0633052920269966,-0.0139151637688279,0.103145123359449));
#8815=CARTESIAN_POINT('',(0.0633052920269966,-0.0139151637688279,0.1223));
#8816=CARTESIAN_POINT('',(0.0633052920269966,-0.0139151637688279,0.103145123359449));
#8817=CARTESIAN_POINT('',(0.0633052920269966,-0.00107516376882791,0.11872));
#8818=CARTESIAN_POINT('',(0.0633052920269966,-0.00107516376882791,0.11872));
#8819=CARTESIAN_POINT('',(0.0633052920269966,-0.0139151637688279,0.103145123359449));
#8820=CARTESIAN_POINT('',(0.0633052920269966,-0.0139151637688279,0.103145123359449));
#8821=CARTESIAN_POINT('',(0.0633052920269966,-0.00107516376882791,0.1223));
#8822=CARTESIAN_POINT('',(0.0633052920269966,-0.00107516376882791,0.103145123359449));
#8823=CARTESIAN_POINT('',(0.0633052920269966,-0.000995163768827914,0.103145123359449));
#8824=CARTESIAN_POINT('',(0.0633052920269966,-0.00107516376882791,0.103145123359449));
#8825=CARTESIAN_POINT('',(0.0919378537067212,-0.0350651637688279,0.04588));
#8826=CARTESIAN_POINT('',(0.0919378537067212,-0.0139151637688279,0.04588));
#8827=CARTESIAN_POINT('',(0.0589273413707763,-0.0139151637688279,0.11190102467189));
#8828=CARTESIAN_POINT('',(0.0919378537067212,-0.0139151637688279,0.04588));
#8829=CARTESIAN_POINT('',(0.0633052920269966,-0.00107516376882791,0.103145123359449));
#8830=CARTESIAN_POINT('',(0.0633052920269966,-0.00107516376882791,0.103145123359449));
#8831=CARTESIAN_POINT('',(0.0919378537067212,-0.0139151637688279,0.04588));
#8832=CARTESIAN_POINT('',(0.0919378537067212,-0.0139151637688279,0.04588));
#8833=CARTESIAN_POINT('',(0.0766553457870037,-0.00107516376882791,0.0764450158394352));
#8834=CARTESIAN_POINT('',(0.0919378537067212,-0.00107516376882791,0.04588));
#8835=CARTESIAN_POINT('',(0.0919378537067212,-0.0350651637688279,0.04588));
#8836=CARTESIAN_POINT('',(0.0919378537067212,-0.00107516376882791,0.04588));
#8837=CARTESIAN_POINT('',(0.0797252920269966,-0.0139151637688279,0.04588));
#8838=CARTESIAN_POINT('',(0.216022451635974,-0.0139151637688279,0.04588));
#8839=CARTESIAN_POINT('',(0.0919378537067212,-0.00107516376882791,0.04588));
#8840=CARTESIAN_POINT('',(0.0919378537067212,-0.00107516376882791,0.04588));
#8841=CARTESIAN_POINT('',(0.216022451635974,-0.0139151637688279,0.03872));
#8842=CARTESIAN_POINT('',(0.216022451635974,-0.0139151637688279,0.03872));
#8843=CARTESIAN_POINT('',(0.22108533618927,-0.0139151637688279,0.0437828845532957));
#8844=CARTESIAN_POINT('',(0.106002668094635,-0.00107516376882791,0.04588));
#8845=CARTESIAN_POINT('',(0.216022451635974,-0.00107516376882791,0.04588));
#8846=CARTESIAN_POINT('',(0.216022451635974,-0.00749516376882791,0.03872));
#8847=CARTESIAN_POINT('',(0.216022451635974,-0.00107516376882791,0.03872));
#8848=CARTESIAN_POINT('',(0.232536778465918,-0.0139151637688279,0.0323314422766478));
#8849=CARTESIAN_POINT('',(0.231488220742566,-0.0139151637688279,0.03338));
#8850=CARTESIAN_POINT('',(0.0797252920269966,-0.0139151637688279,0.03338));
#8851=CARTESIAN_POINT('',(0.231488220742566,-0.0139151637688279,0.03338));
#8852=CARTESIAN_POINT('',(0.216022451635974,-0.00107516376882791,0.03872));
#8853=CARTESIAN_POINT('',(0.22108533618927,-0.00107516376882791,0.0437828845532957));
#8854=CARTESIAN_POINT('',(0.231488220742566,-0.0139151637688279,0.03338));
#8855=CARTESIAN_POINT('',(0.231488220742566,-0.0139151637688279,0.03338));
#8856=CARTESIAN_POINT('',(0.232536778465918,-0.00107516376882791,0.0323314422766478));
#8857=CARTESIAN_POINT('',(0.231488220742566,-0.00107516376882791,0.03338));
#8858=CARTESIAN_POINT('',(0.231488220742566,-0.00749516376882791,0.03338));
#8859=CARTESIAN_POINT('',(0.231488220742566,-0.00107516376882791,0.03338));
#8860=CARTESIAN_POINT('',(0.231488220742566,-0.00107516376882791,0.03338));
#8861=CARTESIAN_POINT('',(0.231488220742566,-0.00107516376882791,0.03338));
#8862=CARTESIAN_POINT('',(0.148365314108133,-0.00107516376882791,0.03338));
#8863=MECHANICAL_DESIGN_GEOMETRIC_PRESENTATION_REPRESENTATION('',(#5021),
#8864);
#8864=(
GEOMETRIC_REPRESENTATION_CONTEXT(3)
GLOBAL_UNCERTAINTY_ASSIGNED_CONTEXT((#8865))
GLOBAL_UNIT_ASSIGNED_CONTEXT((#8868,#8867,#8866))
REPRESENTATION_CONTEXT('Front Holder','TOP_LEVEL_ASSEMBLY_PART')
);
#8865=UNCERTAINTY_MEASURE_WITH_UNIT(LENGTH_MEASURE(2.E-5),#8868,
'DISTANCE_ACCURACY_VALUE','Maximum Tolerance applied to model');
#8866=(
NAMED_UNIT(*)
SI_UNIT($,.STERADIAN.)
SOLID_ANGLE_UNIT()
);
#8867=(
NAMED_UNIT(*)
PLANE_ANGLE_UNIT()
SI_UNIT($,.RADIAN.)
);
#8868=(
LENGTH_UNIT()
NAMED_UNIT(*)
SI_UNIT($,.METRE.)
);
#8869=PRODUCT_DEFINITION_SHAPE('','',#8870);
#8870=PRODUCT_DEFINITION('','',#8872,#8871);
#8871=PRODUCT_DEFINITION_CONTEXT('',#8878,'design');
#8872=PRODUCT_DEFINITION_FORMATION_WITH_SPECIFIED_SOURCE('','',#8874,
 .NOT_KNOWN.);
#8873=PRODUCT_RELATED_PRODUCT_CATEGORY('','',(#8874));
#8874=PRODUCT('Front Holder','Front Holder','Front Holder',(#8876));
#8875=PRODUCT_CATEGORY('','');
#8876=PRODUCT_CONTEXT('',#8878,'mechanical');
#8877=APPLICATION_PROTOCOL_DEFINITION('international standard',
'ap242_managed_model_based_3d_engineering',2020,#8878);
#8878=APPLICATION_CONTEXT('managed model based 3d engineering');
ENDSEC;
END-ISO-10303-21;
